datetime_local,epsilon,fd,hour_cos,hour_sin,month_cos,month_sin,p_noct,p_ref_dc,poa,regimen_fd,relative_error,temperature,wind_speed,epsilon_hat_sin_fd,p_hybrid_sin_fd,epsilon_hat_con_fd,p_hybrid_con_fd
2021-01-01 06:00:00,-5.356323044892505,0.9592694927544336,6.123233995736766e-17,1.0,1.0,0.0,49.2443230448925,43.888,54.999,alta_fd,,13.0,0.0,-6.3119044,42.93241861450309,-6.4070845,42.83723857986564
2021-01-01 07:00:00,-15.62009799169249,0.6595314763188475,-0.25881904510252063,0.9659258262890683,1.0,0.0,192.4050979916925,176.785,223.719,mixto,0.0883564668478235,18.0,0.5,-13.57139,178.83370783971495,-13.775709,178.6293888394708
2021-01-01 08:00:00,-9.430112258392455,0.3900888717441589,-0.4999999999999998,0.8660254037844387,1.0,0.0,379.87911225839247,370.449,460.899,mixto,0.0254558988103421,21.0,0.5,-10.326042,369.5530700830995,-9.89583,369.9832821039735
2021-01-01 09:00:00,-9.143394367519932,0.2819535602065234,-0.7071067811865475,0.7071067811865476,1.0,0.0,556.06939436752,546.926,706.088,baja_fd,0.0167177906472172,24.0,1.0,-10.106761,545.9626333888212,-9.604888,546.4645064051787
2021-01-01 10:00:00,15.220593976007422,0.2011979291277105,-0.8660254037844387,0.49999999999999994,1.0,0.0,687.8484060239925,703.069,907.011,baja_fd,0.0216487911940469,26.2,3.1,14.395209,702.2436153364315,12.661294,700.509700007452
2021-01-01 11:00:00,18.44309436011997,0.1308897028263174,-0.9659258262890682,0.258819045102521,1.0,0.0,772.07790563988,790.521,1041.756,baja_fd,0.0233303028763561,27.0,3.1,17.467537,789.5454425661495,18.445694,790.5235996096065
2021-01-01 12:00:00,-27.702835444032416,0.1324724194175878,-1.0,1.2246467991473532e-16,1.0,0.0,801.5528354440324,773.85,1101.253,baja_fd,0.0357987147948987,29.0,1.0,-24.095638,777.457197168886,-25.277323,776.2755126748674
2021-01-01 13:00:00,31.665719589867532,0.1326073654336765,-0.9659258262890683,-0.2588190451025208,1.0,0.0,785.1882804101325,816.854,1080.577,baja_fd,0.0387654581967738,30.0,4.1,32.5327,817.7209799950934,32.15888,817.3471587365485
2021-01-01 14:00:00,35.40835198508,0.1632696558663179,-0.8660254037844388,-0.4999999999999997,1.0,0.0,731.00964801492,766.418,990.468,baja_fd,0.0461997917390771,29.5,5.1,36.45125,767.4608961838653,36.55879,767.5684363144806
2021-01-01 15:00:00,31.42938883675004,0.1622833557875516,-0.7071067811865479,-0.7071067811865471,1.0,0.0,620.80961116325,652.239,818.77,baja_fd,0.0481869204950179,29.0,6.2,31.49156,652.3011711455498,33.222862,654.0324734069023
2021-01-01 16:00:00,18.51936116910747,0.2243121553981582,-0.5000000000000004,-0.8660254037844385,1.0,0.0,469.1496388308925,487.669,596.999,baja_fd,0.0379752684076852,27.9,6.2,19.804607,488.95424622224994,18.288061,487.4376999728603
2021-01-01 17:00:00,-2.8438724803700097,0.3221444610060464,-0.25881904510252063,-0.9659258262890683,1.0,0.0,282.75087248037,279.907,345.042,mixto,0.0101600620219216,26.0,7.2,-1.2531275,281.4977450246586,-0.90016526,281.8507072205319
2021-01-01 18:00:00,-11.326536513249993,0.6432423603052764,-1.8369701987210297e-16,-1.0,1.0,0.0,112.71053651325,101.384,132.73,mixto,0.111719171794859,24.0,5.1,-10.421406,102.28913072101368,-10.966053,101.7444835042168
2021-01-01 19:00:00,-3.97454050573,1.0,0.2588190451025203,-0.9659258262890684,1.0,0.0,14.76454050573,10.79,17.034,alta_fd,,22.5,1.0,-5.7291775,9.035363030754414,-4.937854,9.826686692558614
2021-01-02 06:00:00,-5.166445312000008,0.9628639617356964,6.123233995736766e-17,1.0,1.0,0.0,48.655445312000005,43.489,53.92,alta_fd,,11.0,0.5,-5.9186735,42.73677179668018,-6.0777817,42.57766363475391
2021-01-02 07:00:00,-15.633250256369962,0.6651956358269845,-0.25881904510252063,0.9659258262890683,1.0,0.0,192.20125025637,176.568,221.742,mixto,0.0885395442909811,16.1,0.5,-13.091621,179.10962885744422,-13.655487,178.54576319582313
2021-01-02 08:00:00,-5.931285239132535,0.3837402542019479,-0.4999999999999998,0.8660254037844387,1.0,0.0,379.5762852391325,373.645,458.473,mixto,0.0158741191214455,20.0,1.0,-7.655056,371.92122923937666,-7.0960555,372.4802297314726
2021-01-02 09:00:00,-8.716162033250043,0.2400238468487941,-0.7071067811865475,0.7071067811865476,1.0,0.0,557.17516203325,548.459,700.87,baja_fd,0.0158920940913542,22.0,1.0,-8.032264,549.1428982774516,-7.5948014,549.5803606073162
2021-01-02 10:00:00,-17.447951814929866,0.2080145415035048,-0.8660254037844387,0.49999999999999994,1.0,0.0,690.0419518149299,672.594,902.814,baja_fd,0.0259412837684098,24.6,1.0,-15.259797,674.7821547186775,-16.08125,673.9607025778694
2021-01-02 11:00:00,2.5774133194074693,0.1479878985323073,-0.9659258262890682,0.258819045102521,1.0,0.0,763.2765866805926,765.854,1033.429,baja_fd,0.0033654107955399,28.0,2.1,2.8174238,766.0940105010882,3.1217759,766.3983625461474
2021-01-02 12:00:00,18.97538349750755,0.147305432510653,-1.0,1.2246467991473532e-16,1.0,0.0,799.4086165024925,818.384,1094.039,baja_fd,0.0231864057673507,28.4,3.1,20.085531,819.4941477372337,19.790768,819.1993841721702
2021-01-02 13:00:00,52.88476121890756,0.1461529644468969,-0.9659258262890683,-0.2588190451025208,1.0,0.0,786.8822387810925,839.767,1076.079,baja_fd,0.0629755172790876,28.8,7.2,50.228558,837.1107963677624,50.393528,837.2757667657116
2021-01-02 14:00:00,41.6425770745675,0.1373059404815814,-0.8660254037844388,-0.4999999999999997,1.0,0.0,727.6394229254325,769.282,982.467,baja_fd,0.0541317450227192,29.0,6.2,41.445385,769.0848079046806,42.215393,769.8548159918388
2021-01-02 15:00:00,34.27165831562991,0.1672533678402655,-0.7071067811865479,-0.7071067811865471,1.0,0.0,622.9443416843701,657.216,817.758,baja_fd,0.0521467193671942,28.0,7.2,33.605595,656.5499363193799,34.80486,657.749200845747
2021-01-02 16:00:00,21.055425461307493,0.2069037312529082,-0.5000000000000004,-0.8660254037844385,1.0,0.0,470.5375745386925,491.593,596.081,baja_fd,0.0428310115508306,26.9,7.7,21.31789,491.85546470592885,22.054619,492.59219337414174
2021-01-02 17:00:00,-2.969050042879985,0.3233544442275327,-0.25881904510252063,-0.9659258262890683,1.0,0.0,285.43205004288,282.463,346.944,mixto,0.0105112883559262,25.0,6.7,-2.3542361,283.07781391693396,-0.8814941,284.5505559380178
2021-01-02 18:00:00,-12.58891503803251,0.5816877314724833,-1.8369701987210297e-16,-1.0,1.0,0.0,111.0429150380325,98.454,130.197,mixto,0.1278659580924341,23.0,8.2,-9.990941,101.05197399036405,-10.976919,100.06599586383817
2021-01-02 19:00:00,-3.888540505729999,1.0,0.2588190451025203,-0.9659258262890684,1.0,0.0,14.76454050573,10.876,17.034,alta_fd,,22.5,6.1,-4.1683927,10.596147847496358,-4.417159,10.34738142522463
2021-01-03 06:00:00,-5.130855371132498,0.9655602530847844,6.123233995736766e-17,1.0,1.0,0.0,47.3528553711325,42.222,52.873,alta_fd,,13.0,0.0,-6.3119044,41.040950940743095,-6.3207574,41.032097982063895
2021-01-03 07:00:00,-15.494506554532506,0.6695017370867572,-0.25881904510252063,0.9659258262890683,1.0,0.0,189.1245065545325,173.63,218.897,mixto,0.0892386485891407,17.0,0.5,-13.57139,175.55311640255496,-13.751167,175.37333925716922
2021-01-03 08:00:00,-9.587378845832518,0.3973058129851961,-0.4999999999999998,0.8660254037844387,1.0,0.0,377.2113788458325,367.624,455.437,mixto,0.0260793061547464,20.0,0.5,-10.326042,366.8853366705395,-9.9321375,367.27924135651364
2021-01-03 09:00:00,-8.564194646129977,0.2474823724340419,-0.7071067811865475,0.7071067811865476,1.0,0.0,551.99519464613,543.431,697.006,baja_fd,0.0157594885940072,23.0,1.0,-8.112152,543.8830425465206,-7.790647,544.2045476162533
2021-01-03 10:00:00,-16.688790403719963,0.1914243981956069,-0.8660254037844387,0.49999999999999994,1.0,0.0,681.59079040372,664.902,894.772,baja_fd,0.0250996243111315,25.6,1.0,-15.218198,666.3725925811492,-14.847639,666.7431513198577
2021-01-03 11:00:00,9.51624571346997,0.1923739212207272,-0.9659258262890682,0.258819045102521,1.0,0.0,755.45075428653,764.967,1015.446,baja_fd,0.0124400735109749,27.0,2.6,10.98868,766.4394341723943,11.541765,766.9925194995427
2021-01-03 12:00:00,33.08204661075001,0.3186011806812088,-1.0,1.2246467991473532e-16,1.0,0.0,767.70195338925,800.784,1040.49,mixto,0.0413120724324537,28.0,5.1,38.043674,805.7456278582441,30.311007,798.0129599352705
2021-01-03 13:00:00,27.18670896802996,0.4639246684411101,-0.9659258262890683,-0.2588190451025208,1.0,0.0,707.80929103197,734.996,943.322,mixto,0.0369889209846447,27.4,5.7,37.010803,744.8200942546263,26.092451,733.9017421275511
2021-01-03 14:00:00,17.125507140707555,0.5287283666241115,-0.8660254037844388,-0.4999999999999997,1.0,0.0,602.7424928592925,619.868,783.959,mixto,0.0276276677303999,27.0,5.7,23.870148,626.6126405643706,15.8537,618.5961925434356
2021-01-03 15:00:00,7.562042796280025,0.6214677792245886,-0.7071067811865479,-0.7071067811865471,1.0,0.0,453.08395720372,460.646,572.372,mixto,0.0164161694582825,27.0,6.2,17.223597,470.30755377659597,8.231651,461.31560850987233
2021-01-03 16:00:00,-2.033772950532466,0.8406141795032297,-0.5000000000000004,-0.8660254037844385,1.0,0.0,279.9367729505325,277.903,341.297,alta_fd,0.0073182835396971,25.9,5.7,1.1041511,281.0409240802551,-5.311779,274.6249939283157
2021-01-03 17:00:00,-4.005636379679999,0.9283114299466028,-0.25881904510252063,-0.9659258262890683,1.0,0.0,175.81563637968,171.81,209.064,alta_fd,0.0233143378131657,24.0,5.1,-8.296167,167.51946900602277,-8.892853,166.92278359647688
2021-01-03 18:00:00,-3.9780182548799994,1.0,-1.8369701987210297e-16,-1.0,1.0,0.0,74.82201825487999,70.844,87.256,alta_fd,0.0561518019151939,23.0,3.1,-7.686595,67.13542329180626,-6.59578,68.22623835909752
2021-01-03 19:00:00,-2.514492292130001,1.0,0.2588190451025203,-0.9659258262890684,1.0,0.0,9.03449229213,6.52,10.394,alta_fd,,22.0,2.1,-2.9088535,6.125638761246211,-3.1144197,5.92007259341479
2021-01-04 06:00:00,-4.842629701392504,0.9753630169783796,6.123233995736766e-17,1.0,1.0,0.0,45.7726297013925,40.93,50.901,alta_fd,,12.0,0.0,-6.2335544,39.53907533814177,-6.1204104,39.65221925904021
2021-01-04 07:00:00,-15.03148728281252,0.6880879472397166,-0.25881904510252063,0.9659258262890683,1.0,0.0,186.9414872828125,171.91,214.025,mixto,0.0874381204282038,14.4,0.5,-13.00279,173.93869683176268,-13.655487,173.2860002222656
2021-01-04 08:00:00,-9.848665512792536,0.4574963111117151,-0.4999999999999998,0.8660254037844387,1.0,0.0,367.9986655127925,358.15,437.859,mixto,0.0274987170537275,17.0,0.5,-10.358704,357.63996189951126,-9.792039,358.206626595251
2021-01-04 09:00:00,-4.598718041492589,0.3962141545041343,-0.7071067811865475,0.7071067811865476,1.0,0.0,522.5767180414925,517.978,647.039,mixto,0.0088782111238172,20.0,1.5,-3.15588,519.4208380671273,-2.9004786,519.6762394400369
2021-01-04 10:00:00,5.584892136687472,0.4932608254068722,-0.8660254037844387,0.49999999999999994,1.0,0.0,615.2361078633126,620.821,784.085,mixto,0.0089959781268473,22.4,3.1,7.2261147,622.462222613221,7.076596,622.3127036465462
2021-01-04 11:00:00,12.14612956418739,0.3276389328940964,-0.9659258262890682,0.258819045102521,1.0,0.0,740.5858704358126,752.732,981.585,mixto,0.0161360611269182,25.0,3.1,14.187644,754.7735144406344,11.646625,752.2324950009371
2021-01-04 12:00:00,22.33339576526737,0.2302392311469495,-1.0,1.2246467991473532e-16,1.0,0.0,805.4556042347326,827.789,1083.257,baja_fd,0.0269795754295688,25.0,3.6,22.817558,828.2731625233068,20.082092,825.5376965198889
2021-01-04 13:00:00,10.565501309207434,0.1492564962692236,-0.9659258262890683,-0.2588190451025208,1.0,0.0,793.0664986907925,803.632,1075.309,baja_fd,0.0131471884011679,27.0,2.6,13.515808,806.5823067962613,14.264672,807.3311709701504
2021-01-04 14:00:00,31.766596870749936,0.1383791495366915,-0.8660254037844388,-0.4999999999999997,1.0,0.0,728.3524031292501,760.119,983.59,baja_fd,0.0417916100909856,29.0,4.6,32.551594,760.9039969097677,33.675934,762.0283369671407
2021-01-04 15:00:00,31.53568183876746,0.1663157662066949,-0.7071067811865479,-0.7071067811865471,1.0,0.0,627.1753181612326,658.711,824.043,baja_fd,0.0478748371270063,28.0,6.2,31.557228,658.7325462496115,33.277306,660.4526237642599
2021-01-04 16:00:00,17.73856112730749,0.2077750843393926,-0.5000000000000004,-0.8660254037844385,1.0,0.0,472.6174388726925,490.356,599.519,baja_fd,0.0361748630123981,27.1,5.7,18.873558,491.4909969171261,19.968964,492.5864024957394
2021-01-04 17:00:00,-2.2643041429925006,0.3219948765555866,-0.25881904510252063,-0.9659258262890683,1.0,0.0,286.3233041429925,284.059,349.611,mixto,0.0079712459136746,26.0,7.2,-1.2531275,285.07017668728116,-0.90016526,285.4231388831544
2021-01-04 18:00:00,-11.202882508929989,0.6412389568947517,-1.8369701987210297e-16,-1.0,1.0,0.0,115.05788250893,103.855,134.986,mixto,0.1078704203835153,23.0,6.7,-10.224512,104.83337040871028,-10.967547,104.090335092243
2021-01-04 19:00:00,-3.966066772480003,1.0,0.2588190451025203,-0.9659258262890684,1.0,0.0,15.617066772480005,11.651,17.984,alta_fd,,22.0,5.7,-4.3327293,11.284337432880395,-4.366627,11.250439556140893
2021-01-05 06:00:00,-4.822056404480001,0.9716995564474076,6.123233995736766e-17,1.0,1.0,0.0,45.66805640448,40.846,50.784,alta_fd,,12.0,1.0,-5.15919,40.50886622656252,-5.3019586,40.366097843536394
2021-01-05 07:00:00,-14.80095075557,0.673865320504785,-0.25881904510252063,0.9659258262890683,1.0,0.0,186.41995075557,171.619,214.802,mixto,0.0862430777219888,16.0,1.0,-11.845742,174.57420852992303,-12.636956,173.78299454066521
2021-01-05 08:00:00,-6.244020968312498,0.3899684101337958,-0.4999999999999998,0.8660254037844387,1.0,0.0,376.1140209683125,369.87,452.035,mixto,0.0168816637421594,19.0,1.0,-7.760173,368.3538481243794,-7.178104,368.9359170445149
2021-01-05 09:00:00,2.9680753469999672,0.2873296607959129,-0.7071067811865475,0.7071067811865476,1.0,0.0,557.8429246530001,560.811,698.46,baja_fd,0.0052924699176727,21.0,2.1,2.213514,560.0564387425844,2.6310184,560.4739430531923
2021-01-05 10:00:00,9.073172175067612,0.207106697908019,-0.8660254037844387,0.49999999999999994,1.0,0.0,690.4758278249324,699.549,898.833,baja_fd,0.0129700309414603,23.6,2.6,8.608511,699.0843387960017,7.77195,698.2477775929988
2021-01-05 11:00:00,23.917840652270115,0.138120219574745,-0.9659258262890682,0.258819045102521,1.0,0.0,771.4881593477298,795.406,1035.166,baja_fd,0.030069977662062,26.0,3.6,23.424135,794.9122945558597,24.352709,795.8408681642582
2021-01-05 12:00:00,25.67520180172005,0.1369738106723895,-1.0,1.2246467991473532e-16,1.0,0.0,807.12579819828,832.801,1098.004,baja_fd,0.0308299363253887,27.0,3.6,25.99027,833.116068812904,26.103071,833.2288694110485
2021-01-05 13:00:00,31.67438047675012,0.1315677456395743,-0.9659258262890683,-0.2588190451025208,1.0,0.0,791.6616195232499,823.336,1085.07,baja_fd,0.0384707828599139,29.0,4.1,32.579815,824.2414344341386,32.15888,823.8204978496659
2021-01-05 14:00:00,28.4119545386676,0.124776178075463,-0.8660254037844388,-0.4999999999999997,1.0,0.0,732.9950454613324,761.407,990.913,baja_fd,0.0373150687328427,29.0,4.1,30.05502,763.0500648399945,30.037819,763.0328643700238
2021-01-05 15:00:00,24.992010836830104,0.1628120336088234,-0.7071067811865479,-0.7071067811865471,1.0,0.0,622.3969891631699,647.389,825.382,baja_fd,0.0386043180171892,30.0,4.6,26.570732,648.9677212798691,27.451746,649.8487351501084
2021-01-05 16:00:00,16.51900094268757,0.2232634396374323,-0.5000000000000004,-0.8660254037844385,1.0,0.0,471.2269990573124,487.746,603.045,baja_fd,0.0338680398049139,29.0,5.1,18.458376,489.68537498809854,17.151554,488.3785531649784
2021-01-05 17:00:00,-3.380038408092446,0.3240879295522495,-0.25881904510252063,-0.9659258262890683,1.0,0.0,284.74503840809246,281.365,350.679,mixto,0.0120130023566984,28.0,5.1,-2.2900186,282.45501984959026,-1.3884352,283.3566031635322
2021-01-05 18:00:00,-11.50408919613001,0.6395902220695221,-1.8369701987210297e-16,-1.0,1.0,0.0,113.61908919613,102.115,135.494,mixto,0.1126581716312981,27.0,3.6,-11.105111,102.51397807399866,-11.495976,102.12311274807092
2021-01-05 19:00:00,-3.9224988469325,1.0,0.2588190451025203,-0.9659258262890684,1.0,0.0,15.3934988469325,11.471,17.983,alta_fd,,25.6,3.1,-3.2170863,12.176412531777471,-3.5162318,11.877267071648687
2021-01-06 06:00:00,-4.163222075520004,0.9973428991447753,6.123233995736766e-17,1.0,1.0,0.0,42.07522207552,37.912,47.312,alta_fd,,15.0,2.6,-3.3120437,38.7631784086804,-3.1678197,38.90740233713194
2021-01-06 07:00:00,-4.585032365092502,0.9844872319711762,-0.25881904510252063,0.9659258262890683,1.0,0.0,116.4670323650925,111.882,133.329,alta_fd,0.0409809653482463,16.9,2.6,-9.155833,107.31119912076878,-8.901574,107.56545823026585
2021-01-06 08:00:00,-4.932789225332499,0.785823478760133,-0.4999999999999998,0.8660254037844387,1.0,0.0,271.0297892253325,266.097,320.287,alta_fd,0.0185375604585264,19.0,2.1,-5.490249,265.5395400683806,-7.0938873,263.9359018962309
2021-01-06 09:00:00,-1.1229911635199414,0.6230132280346065,-0.7071067811865475,0.7071067811865476,1.0,0.0,452.75699116352,451.634,553.712,mixto,0.0024865071352465,20.0,2.6,2.0691311,454.82612229946056,-1.4416757,451.3153155005256
2021-01-06 10:00:00,6.042550608507554,0.4624173098743601,-0.8660254037844387,0.49999999999999994,1.0,0.0,614.2004493914925,620.243,781.839,mixto,0.0097422310425229,22.2,3.1,7.2261147,621.426564141401,7.2263618,621.4268111430489
2021-01-06 11:00:00,22.350116070879835,0.4343133563658918,-0.9659258262890682,0.258819045102521,1.0,0.0,693.2288839291201,715.579,904.792,mixto,0.031233610923294,24.0,5.1,26.813128,720.0420114468203,20.81991,714.0487939785586
2021-01-06 12:00:00,17.29693070156759,0.4446206846815829,-1.0,1.2246467991473532e-16,1.0,0.0,726.4410692984325,743.738,959.867,mixto,0.0232567526488731,25.0,4.1,22.99629,749.4373595053416,17.919258,744.3603274161082
2021-01-06 13:00:00,8.441616569067492,0.43316332400929,-0.9659258262890683,-0.2588190451025208,1.0,0.0,711.8423834309325,720.284,948.033,mixto,0.0117198446294343,27.1,3.1,16.76925,728.6116343006835,11.643406,723.4857893452391
2021-01-06 14:00:00,6.455010472867457,0.578984786084422,-0.8660254037844388,-0.4999999999999997,1.0,0.0,605.5569895271325,612.012,788.073,mixto,0.0105471959256803,27.0,3.6,16.587147,622.1441362861657,7.8321157,613.3891051773095
2021-01-06 15:00:00,8.113653964920047,0.6236121425804806,-0.7071067811865479,-0.7071067811865471,1.0,0.0,457.72334603508,465.837,573.324,mixto,0.0174173669436305,25.0,6.7,15.013729,472.737075130539,8.304176,466.0275223656464
2021-01-06 16:00:00,-3.095016145812508,0.8436951901668466,-0.5000000000000004,-0.8660254037844385,1.0,0.0,281.4890161458125,278.394,340.735,alta_fd,0.0111173952952021,24.2,4.6,-0.69258636,280.7964297834506,-6.0222454,275.466770738708
2021-01-06 17:00:00,-4.022838951969987,0.92841314404901,-0.25881904510252063,-0.9659258262890683,1.0,0.0,178.25583895197,174.233,210.278,alta_fd,0.0230888462689042,22.0,5.1,-8.246907,170.0089317177781,-8.802982,169.45285662164773
2021-01-06 18:00:00,-3.759878766080007,1.0,-1.8369701987210297e-16,-1.0,1.0,0.0,76.24987876608,72.49,88.224,alta_fd,0.0518675509184716,21.0,6.2,-8.072314,68.17756450368987,-7.175533,69.07434594823943
2021-01-06 19:00:00,-2.44860730013,1.0,0.2588190451025203,-0.9659258262890684,1.0,0.0,9.13460730013,6.686,10.394,alta_fd,,19.2,5.1,-4.123562,5.0110454409991405,-4.3652177,4.769389614430537
2021-01-07 06:00:00,-4.562205906992496,0.9779519834095004,6.123233995736766e-17,1.0,1.0,0.0,43.49920590699249,38.937,47.989,alta_fd,,10.0,1.5,-3.7124567,39.78674920380646,-4.737361,38.761844952707825
2021-01-07 07:00:00,-14.837824207832512,0.6814532613516774,-0.25881904510252063,0.9659258262890683,1.0,0.0,184.1808242078325,169.343,209.763,mixto,0.0876199441832996,13.2,1.0,-11.756911,172.4239129300615,-12.580486,171.60033791022508
2021-01-07 08:00:00,-9.992286360032494,0.4026641684686226,-0.4999999999999998,0.8660254037844387,1.0,0.0,375.8232863600325,365.831,445.797,mixto,0.0273139410275031,16.0,0.5,-10.281719,365.54156715226884,-9.907596,365.91569072557206
2021-01-07 09:00:00,15.109445711479909,0.2533485597558726,-0.7071067811865475,0.7071067811865476,1.0,0.0,553.8555542885201,568.965,687.412,baja_fd,0.0265560196347401,19.3,4.1,13.949455,567.8050095497506,14.869799,568.7253529487984
2021-01-07 10:00:00,-30.104102070692534,0.1879212261790643,-0.8660254037844387,0.49999999999999994,1.0,0.0,688.8931020706925,658.789,892.369,baja_fd,0.0456961213236598,22.7,0.5,-25.914976,662.9781259506974,-27.09774,661.7953618973527
2021-01-07 11:00:00,10.440434416767404,0.1535963451346863,-0.9659258262890682,0.258819045102521,1.0,0.0,766.1085655832326,776.549,1026.693,baja_fd,0.0134446563150134,26.0,2.6,11.233836,777.3424017572438,11.780415,777.8889801645314
2021-01-07 12:00:00,25.53334626992012,0.14989224950035,-1.0,1.2246467991473532e-16,1.0,0.0,800.3836537300799,825.917,1093.176,baja_fd,0.0309151479748208,28.0,3.6,26.553644,826.9372979103778,26.103071,826.4867249428485
2021-01-07 13:00:00,30.972551380467507,0.1505843541105019,-0.9659258262890683,-0.2588190451025208,1.0,0.0,782.7054486195325,813.678,1075.303,baja_fd,0.038064875024847,29.8,4.1,31.737566,814.4430146137952,31.753864,814.4593129078626
2021-01-07 14:00:00,33.96595009523003,0.1436416692824347,-0.8660254037844388,-0.4999999999999997,1.0,0.0,727.34604990477,761.312,984.138,baja_fd,0.0446150199855381,29.4,4.9,35.61636,762.9624096154633,34.971317,762.3173671960297
2021-01-07 15:00:00,29.97756379952,0.1484444328828175,-0.7071067811865479,-0.7071067811865471,1.0,0.0,623.09643620048,653.074,822.184,baja_fd,0.0459022466053157,29.0,5.7,29.72711,652.8235461095376,31.29761,654.3940455297036
2021-01-07 16:00:00,19.87146906386749,0.2110678609332438,-0.5000000000000004,-0.8660254037844385,1.0,0.0,471.7195309361325,491.591,601.423,baja_fd,0.0404227682440636,28.2,6.7,21.274391,492.9939221104489,21.417727,493.13725745285615
2021-01-07 17:00:00,-2.631094542279982,0.3260293495998572,-0.25881904510252063,-0.9659258262890683,1.0,0.0,287.44809454228,284.817,352.604,mixto,0.0092378423418545,27.0,5.7,-2.5257635,284.9223310306223,-1.3217149,286.1263796641977
2021-01-07 18:00:00,-12.779951880532508,0.5774577617432926,-1.8369701987210297e-16,-1.0,1.0,0.0,112.5979518805325,99.818,133.697,mixto,0.1280325380245297,26.0,5.1,-10.929116,101.66883563144803,-11.236834,101.36111830814481
2021-01-07 19:00:00,-3.8751049749325,1.0,0.2588190451025203,-0.9659258262890684,1.0,0.0,15.4801049749325,11.605,17.983,alta_fd,,24.2,4.6,-4.168563,11.311542085833379,-4.304037,11.176067880816289
2021-01-08 06:00:00,-4.455931317329991,0.9811495842196164,6.123233995736766e-17,1.0,1.0,0.0,41.93793131732999,37.482,46.974,alta_fd,,14.0,2.1,-3.3086445,38.62928678417264,-3.8446612,38.093270081520664
2021-01-08 07:00:00,-12.921664626720002,0.6853490208814975,-0.25881904510252063,0.9659258262890683,1.0,0.0,179.33966462672,166.418,207.272,mixto,0.0776458353466572,17.0,3.1,-9.855452,169.4842130428577,-10.527006,168.81265847742802
2021-01-08 08:00:00,-1.4246319692799716,0.4025501717356108,-0.4999999999999998,0.8660254037844387,1.0,0.0,368.20963196928,366.785,443.904,mixto,0.0038841064091496,20.0,2.1,-2.7874544,365.42217760259604,0.35238874,368.5620207088659
2021-01-08 09:00:00,3.7441459635200554,0.2490253010278219,-0.7071067811865475,0.7071067811865476,1.0,0.0,545.22985403648,548.974,687.584,baja_fd,0.006820261002379,23.0,2.1,2.2760365,547.5058905374108,2.9735358,548.2033898126183
2021-01-08 10:00:00,9.528124449279971,0.1897308359983135,-0.8660254037844387,0.49999999999999994,1.0,0.0,681.3498755507201,690.878,890.272,baja_fd,0.0137913270494645,24.7,2.6,8.608511,689.9583865217894,10.057464,691.4073391966551
2021-01-08 11:00:00,32.749619522669946,0.1537708234157459,-0.9659258262890682,0.258819045102521,1.0,0.0,766.00238047733,798.752,1026.526,baja_fd,0.041000985941406,26.0,4.6,31.186674,797.189054595372,33.996277,799.9986573327988
2021-01-08 12:00:00,31.119383138407443,0.1521348493850672,-1.0,1.2246467991473532e-16,1.0,0.0,799.3046168615925,830.424,1091.421,baja_fd,0.0374740893066764,28.0,4.1,31.135002,830.439618997823,31.381205,830.6858214666951
2021-01-08 13:00:00,39.3812621587075,0.1485113936978209,-0.9659258262890683,-0.2588190451025208,1.0,0.0,794.7337378412925,834.115,1077.991,baja_fd,0.047213228582039,27.0,5.1,38.72588,833.459617510482,40.56838,835.3021162897788
2021-01-08 14:00:00,41.48993562843009,0.1393563077232472,-0.8660254037844388,-0.4999999999999997,1.0,0.0,737.6920643715699,779.182,987.602,baja_fd,0.0532480673686379,27.0,6.2,40.028164,777.720228281482,42.215393,779.9074574379762
2021-01-08 15:00:00,33.06753170252,0.1702576632971771,-0.7071067811865479,-0.7071067811865471,1.0,0.0,631.00546829748,664.073,825.516,baja_fd,0.0497950250989273,27.0,6.7,31.341478,662.3469466452583,34.263496,665.2689646964058
2021-01-08 16:00:00,17.643461373567504,0.2128016697638614,-0.5000000000000004,-0.8660254037844385,1.0,0.0,476.4965386264325,494.14,601.733,baja_fd,0.0357053899169618,26.0,5.7,17.062553,493.5590920321942,19.092882,495.58942078280455
2021-01-08 17:00:00,-2.6622743327924923,0.3254688322047563,-0.25881904510252063,-0.9659258262890683,1.0,0.0,292.0752743327925,289.413,353.859,mixto,0.0091988761140394,24.0,5.7,-2.9735413,289.1017330730269,-1.4593966,290.61587773206924
2021-01-08 18:00:00,-12.996336231729998,0.5772468567245915,-1.8369701987210297e-16,-1.0,1.0,0.0,115.20933623173,102.213,134.066,mixto,0.1271495429322101,21.0,4.6,-10.220233,104.989103268168,-10.890618,104.31871790745022
2021-01-08 19:00:00,-3.880412574932498,1.0,0.2588190451025203,-0.9659258262890684,1.0,0.0,15.7894125749325,11.909,17.983,alta_fd,,19.2,4.6,-4.0970306,11.692381935284063,-4.2141676,11.575244980022832
2021-01-09 06:00:00,-4.362752103730003,0.9846204782008804,6.123233995736766e-17,1.0,1.0,0.0,40.85975210373,36.497,45.234,alta_fd,,11.0,1.5,-3.064298,37.795454189225,-4.347934,36.51181833450393
2021-01-09 07:00:00,-14.127147313249992,0.706203395288829,-0.25881904510252063,0.9659258262890683,1.0,0.0,178.09614731325,163.969,202.17,alta_fd,0.0861574280092578,12.6,1.0,-11.575887,166.5202605868706,-12.456747,165.63940025819628
2021-01-09 08:00:00,-2.132629323719925,0.4415639965189177,-0.4999999999999998,0.8660254037844387,1.0,0.0,366.13162932372,363.999,433.628,mixto,0.0058588878643071,16.0,2.1,-3.1691682,362.96246108984855,-0.98864126,365.14298806166556
2021-01-09 09:00:00,-3.131721384479988,0.2875132124238089,-0.7071067811865475,0.7071067811865476,1.0,0.0,545.39672138448,542.265,671.784,baja_fd,0.0057752600379519,18.0,1.5,-3.4889765,541.9077449059033,-2.9295166,542.4672048306012
2021-01-09 10:00:00,1.5046248986800492,0.2316362621021106,-0.8660254037844387,0.49999999999999994,1.0,0.0,679.32537510132,680.83,869.452,baja_fd,0.0022099861913841,20.7,2.1,1.9398882,681.2652633402269,2.3511474,681.6765225145738
2021-01-09 11:00:00,21.10262176331992,0.207668486600022,-0.9659258262890682,0.258819045102521,1.0,0.0,779.3723782366801,800.475,1025.364,baja_fd,0.0263626243959148,22.0,3.6,21.594437,800.9668148821879,19.165565,798.5379437274028
2021-01-09 12:00:00,35.083218188207525,0.1533166025213093,-1.0,1.2246467991473532e-16,1.0,0.0,810.1227818117925,845.206,1090.709,baja_fd,0.0415084821785547,25.0,4.6,31.421007,841.5437889681646,34.87031,844.993093548853
2021-01-09 13:00:00,39.22624812290746,0.1496290049414407,-0.9659258262890683,-0.2588190451025208,1.0,0.0,796.0227518770926,835.249,1077.679,baja_fd,0.0469635379664117,26.6,5.1,38.146805,834.1695566866629,40.13105,836.1538019869558
2021-01-09 14:00:00,38.47101667760751,0.1447756277054265,-0.8660254037844388,-0.4999999999999997,1.0,0.0,736.1849833223924,774.656,985.251,baja_fd,0.0496620650683755,27.0,5.7,36.69213,772.8771143648729,38.936275,775.1212588045702
2021-01-09 15:00:00,29.04313748362995,0.1742111793142547,-0.7071067811865479,-0.7071067811865471,1.0,0.0,632.9228625163701,661.966,824.158,baja_fd,0.043874062238287,26.0,5.7,27.333027,660.2558894023564,28.727062,661.6499247417119
2021-01-09 16:00:00,17.587375877107547,0.2175148465696852,-0.5000000000000004,-0.8660254037844385,1.0,0.0,477.0076241228925,494.595,602.151,baja_fd,0.0355591461238135,25.9,5.7,15.975954,492.9835781786786,16.923464,493.9310879443036
2021-01-09 17:00:00,-2.1751938695325066,0.3261684708398504,-0.25881904510252063,-0.9659258262890683,1.0,0.0,292.1051938695325,289.93,353.897,mixto,0.007502479458947,24.0,6.2,-2.459338,289.6458559197797,-1.4336486,290.6715452832593
2021-01-09 18:00:00,-12.757342397169992,0.5770909621327498,-1.8369701987210297e-16,-1.0,1.0,0.0,115.04434239717,102.287,134.418,mixto,0.1247210534786433,22.0,6.2,-10.1096325,104.93470990510457,-11.0264015,104.01794087739461
2021-01-09 19:00:00,-3.881551054932501,1.0,0.2588190451025203,-0.9659258262890684,1.0,0.0,15.7275510549325,11.846,17.983,alta_fd,,20.2,3.1,-3.612476,12.115074944474125,-3.580156,12.147394967057133
2021-01-10 06:00:00,-4.396468209479998,0.9847947741663096,6.123233995736766e-17,1.0,1.0,0.0,39.70146820948,35.305,44.284,alta_fd,,13.0,0.5,-5.223781,34.4776871006238,-5.795029,33.9064390461194
2021-01-10 07:00:00,-16.01976472892997,0.6612619945137714,-0.25881904510252063,0.9659258262890683,1.0,0.0,174.53176472892997,158.512,200.186,mixto,0.1010634193558214,15.3,0.5,-13.168351,161.3634135555291,-13.913168,160.61859677543876
2021-01-10 08:00:00,-4.161112850719974,0.4169223055134017,-0.4999999999999998,0.8660254037844387,1.0,0.0,363.89511285072,359.734,436.472,mixto,0.0115671936784401,19.0,1.5,-5.098437,358.79667601829203,-3.736184,360.15892896896037
2021-01-10 09:00:00,-15.896280525632504,0.2566875838699281,-0.7071067811865475,0.7071067811865476,1.0,0.0,542.6692805256325,526.773,680.773,baja_fd,0.0301767184833552,22.0,0.5,-14.786977,527.8823037113625,-14.956678,527.7126021351296
2021-01-10 10:00:00,-6.302137900680009,0.1920656937632149,-0.8660254037844387,0.49999999999999994,1.0,0.0,680.57313790068,674.271,886.836,baja_fd,0.0093465949161094,24.2,1.5,-5.2175117,675.3556262467798,-4.2914014,676.281736514419
2021-01-10 11:00:00,11.536080805070014,0.0935970014976591,-0.9659258262890682,0.258819045102521,1.0,0.0,763.38591919493,774.922,1022.414,baja_fd,0.0148867638356763,26.0,2.6,11.3244705,774.7103897149495,12.339589,775.7255083138875
2021-01-10 12:00:00,18.584380106367465,0.1585375678860059,-1.0,1.2246467991473532e-16,1.0,0.0,797.1236198936325,815.708,1087.877,baja_fd,0.0227831284066938,28.0,3.1,19.871407,816.9950264488083,19.65012,816.7737396751266
2021-01-10 13:00:00,35.5950116002075,0.1527481875994167,-0.9659258262890683,-0.2588190451025208,1.0,0.0,786.3029883997925,821.898,1076.341,baja_fd,0.0433083078438048,29.0,4.6,35.885445,822.1884330409058,36.52974,822.8327277796753
2021-01-10 14:00:00,32.20360658107006,0.1478642397064281,-0.8660254037844388,-0.4999999999999997,1.0,0.0,722.77539341893,754.979,985.486,baja_fd,0.0426549699807147,31.0,4.6,32.551594,755.3269871994476,33.675934,756.4513272568206
2021-01-10 15:00:00,27.68584580570757,0.1533797606628707,-0.7071067811865479,-0.7071067811865471,1.0,0.0,622.9471541942925,650.633,826.209,baja_fd,0.0425521696650916,30.0,5.1,28.147951,651.0951053203911,29.621218,652.5683719219536
2021-01-10 16:00:00,19.59512126162997,0.1642802868842993,-0.5000000000000004,-0.8660254037844385,1.0,0.0,471.19587873837,490.791,601.558,baja_fd,0.0399255920781554,28.5,6.2,19.804607,491.00048612972745,25.131796,496.32767462154874
2021-01-10 17:00:00,-2.0962594708124698,0.2866918371774834,-0.25881904510252063,-0.9659258262890683,1.0,0.0,288.3892594708125,286.293,353.815,baja_fd,0.0073220772803123,27.0,6.2,-1.9587953,286.4304641617457,1.2949061,289.68416561018626
2021-01-10 18:00:00,-12.496002474530002,0.5804490228377759,-1.8369701987210297e-16,-1.0,1.0,0.0,113.97600247453,101.48,134.246,mixto,0.1231375884364407,24.0,6.7,-10.147904,103.82809807847288,-11.101483,102.87451912949827
2021-01-10 19:00:00,-3.8750834069324975,1.0,0.2588190451025203,-0.9659258262890684,1.0,0.0,15.5790834069325,11.704,17.983,alta_fd,,22.6,5.7,-4.3327293,11.246354067332891,-4.366627,11.21245619059339
2021-01-11 06:00:00,-4.249410431999994,0.9714945178546144,6.123233995736766e-17,1.0,1.0,0.0,36.168410432,31.919,40.48,alta_fd,,14.0,0.5,-5.3664093,30.80200113024219,-6.327177,29.84123338427051
2021-01-11 07:00:00,-15.399861521329996,0.6614583878338443,-0.25881904510252063,0.9659258262890683,1.0,0.0,172.29686152133,156.897,198.926,mixto,0.0981526831063053,17.0,1.0,-12.480824,159.81603705080997,-13.024123,159.2727383294965
2021-01-11 08:00:00,-6.650024893000023,0.4187110191122941,-0.4999999999999998,0.8660254037844387,1.0,0.0,361.350024893,354.7,435.14,mixto,0.0187483081279955,20.0,1.0,-7.655056,353.69496889324415,-7.178104,354.1719209692024
2021-01-11 09:00:00,-26.031616719729985,0.2559143863026019,-0.7071067811865475,0.7071067811865476,1.0,0.0,539.50661671973,513.475,679.634,baja_fd,0.0506969506202443,23.0,0.0,-22.020695,517.485921987064,-23.346327,516.1602898917271
2021-01-11 10:00:00,-5.924344480812465,0.1927622661999057,-0.8660254037844387,0.49999999999999994,1.0,0.0,674.2443444808125,668.32,884.665,baja_fd,0.0088645326801718,25.8,1.5,-4.9055014,669.3388431151509,-4.0786304,670.1657140334248
2021-01-11 11:00:00,17.540767576750113,0.1590576597683008,-0.9659258262890682,0.258819045102521,1.0,0.0,759.3342324232499,776.875,1021.57,baja_fd,0.0225786227858408,27.0,3.1,17.420675,776.7549077009598,18.616766,777.950998399202
2021-01-11 12:00:00,35.936404171367485,0.1547638229486438,-1.0,1.2246467991473532e-16,1.0,0.0,798.0445958286325,833.981,1089.373,baja_fd,0.0430901953058492,28.0,4.6,34.900963,832.9455586582224,35.785572,833.8301678806345
2021-01-11 13:00:00,52.92279976280747,0.1489634243617692,-0.9659258262890683,-0.2588190451025208,1.0,0.0,790.3702002371925,843.293,1078.131,baja_fd,0.0627573094556784,28.2,7.2,50.985012,841.3552122916359,50.65537,841.0255690421242
2021-01-11 14:00:00,46.46573361476749,0.1426015410939776,-0.8660254037844388,-0.4999999999999997,1.0,0.0,735.1262663852325,781.592,988.907,baja_fd,0.0594501141449343,28.0,7.2,45.628613,780.754878903543,45.491066,780.6173323642364
2021-01-11 15:00:00,35.10933187918761,0.1702195608952936,-0.7071067811865479,-0.7071067811865471,1.0,0.0,630.4626681208124,665.572,828.935,baja_fd,0.0527506143275071,28.0,7.2,34.171577,664.6342455744257,34.835587,665.298254668664
2021-01-11 16:00:00,21.13651304368,0.2088228015899695,-0.5000000000000004,-0.8660254037844385,1.0,0.0,476.81848695632,497.955,607.352,baja_fd,0.0424466328155757,27.8,7.2,21.91864,498.73712709303874,21.878338,498.6968248164274
2021-01-11 17:00:00,-1.1344804763700154,0.3228717523047371,-0.25881904510252063,-0.9659258262890683,1.0,0.0,291.43448047637,290.3,356.158,mixto,0.0039079589265243,26.0,7.2,-1.2003626,290.2341179132368,-0.90016526,290.5343152165319
2021-01-11 18:00:00,-12.5218548734925,0.578095232664516,-1.8369701987210297e-16,-1.0,1.0,0.0,114.0668548734925,101.545,134.911,mixto,0.1233133573636565,25.0,6.7,-10.262653,103.80420152266242,-11.235343,102.83151189406135
2021-01-11 19:00:00,-3.8889664949325,1.0,0.2588190451025203,-0.9659258262890684,1.0,0.0,15.5419664949325,11.653,17.983,alta_fd,,23.2,6.2,-4.1683927,11.373573836698858,-4.4458785,11.096087989225714
2021-01-12 06:00:00,-4.233198123719994,0.987695124975924,6.123233995736766e-17,1.0,1.0,0.0,37.33219812371999,33.099,41.628,alta_fd,,13.0,1.0,-4.214352,33.1178459928301,-4.931748,32.400450210359395
2021-01-12 07:00:00,-16.04440730831999,0.6639456627279877,-0.25881904510252063,0.9659258262890683,1.0,0.0,170.76440730832,154.72,196.952,mixto,0.1036996335853153,16.8,0.5,-13.317793,157.44661441586393,-13.913168,156.85123935482878
2021-01-12 08:00:00,-9.880179833569969,0.4160218381837013,-0.4999999999999998,0.8660254037844387,1.0,0.0,360.29817983357,350.418,433.798,mixto,0.0281954118611771,20.0,0.5,-10.253586,350.0445940181403,-9.721431,350.57674905506656
2021-01-12 09:00:00,-7.777117603312604,0.2496652038861575,-0.7071067811865475,0.7071067811865476,1.0,0.0,540.4081176033126,532.631,680.885,baja_fd,0.0146013236242588,23.0,1.0,-7.851075,532.5570424308883,-7.790647,532.6174705734359
2021-01-12 10:00:00,3.664317264187389,0.1839866215124007,-0.8660254037844387,0.49999999999999994,1.0,0.0,677.0686827358126,680.733,887.985,baja_fd,0.005382899410176,25.6,2.1,2.8792858,679.9479685481905,3.6886857,680.7573683914064
2021-01-12 11:00:00,18.0874428586701,0.1482012421791707,-0.9659258262890682,0.258819045102521,1.0,0.0,762.1995571413299,780.287,1027.774,baja_fd,0.0231805000707048,27.3,3.1,17.01291,779.2124679842254,18.41741,780.6169670381805
2021-01-12 12:00:00,31.651964636567527,0.1497860237623896,-1.0,1.2246467991473532e-16,1.0,0.0,796.4440353634325,828.096,1092.883,baja_fd,0.0382225788272948,29.0,4.1,31.07419,827.518225503203,31.381205,827.825239968535
2021-01-12 13:00:00,26.07572417072004,0.1429409850396659,-0.9659258262890683,-0.2588190451025208,1.0,0.0,786.6082758292799,812.684,1082.904,baja_fd,0.0320859327496542,30.0,3.6,28.31264,814.9209150657301,27.180666,813.7889417991286
2021-01-12 14:00:00,36.19008856826997,0.1393166742082096,-0.8660254037844388,-0.4999999999999997,1.0,0.0,730.5439114317301,766.734,992.434,baja_fd,0.0472003179306903,30.0,5.1,36.45125,766.9951596006754,36.7518,767.2957119688394
2021-01-12 15:00:00,32.08706697650746,0.1691243368240322,-0.7071067811865479,-0.7071067811865471,1.0,0.0,628.2149330234926,660.302,829.839,baja_fd,0.0485945324662161,29.0,6.2,32.057545,660.2724777317445,33.315353,661.5302864170473
2021-01-12 16:00:00,19.36418223556757,0.2137760557676377,-0.5000000000000004,-0.8660254037844385,1.0,0.0,474.1188177644325,493.483,607.083,baja_fd,0.0392398162359545,29.0,6.2,19.804607,493.9234251557899,20.58603,494.70484681716687
2021-01-12 17:00:00,-1.7297939969999447,0.3629413037208126,-0.25881904510252063,-0.9659258262890683,1.0,0.0,291.16479399699995,289.435,358.82,mixto,0.0059764506607699,27.9,5.5,-1.989446,289.17534795303175,-1.3344305,289.83036354083845
2021-01-12 18:00:00,-11.217142261329997,0.639222281433517,-1.8369701987210297e-16,-1.0,1.0,0.0,116.29414226133,105.077,138.626,mixto,0.1067516417610894,26.8,4.8,-11.205758,105.0883841665424,-11.487702,104.80643989164005
2021-01-12 19:00:00,-3.911312694932498,1.0,0.2588190451025203,-0.9659258262890684,1.0,0.0,15.3873126949325,11.476,17.983,alta_fd,,25.7,4.1,-4.2629204,11.124392315293829,-4.2970934,11.090219303514044
2021-01-13 06:00:00,-4.145909691729997,0.9907321470844648,6.123233995736766e-17,1.0,1.0,0.0,35.68290969173,31.537,39.934,alta_fd,,14.0,1.0,-4.550689,31.132220471301537,-5.24637,30.436539853015404
2021-01-13 07:00:00,-14.600686357280011,0.7161700317825394,-0.25881904510252063,0.9659258262890683,1.0,0.0,169.70468635728002,155.104,197.304,alta_fd,0.0941348150742728,18.8,0.5,-13.64812,156.0565664308274,-13.918524,155.78616256882788
2021-01-13 08:00:00,-4.203451491392457,0.4079695426980815,-0.4999999999999998,0.8660254037844387,1.0,0.0,358.45545149139247,354.252,433.349,mixto,0.0118657099787508,21.0,1.5,-4.8015847,353.6538667707809,-3.521311,354.9341404466995
2021-01-13 09:00:00,-15.954428482232515,0.292226723505368,-0.7071067811865475,0.7071067811865476,1.0,0.0,539.0394284822326,523.085,682.243,baja_fd,0.0305006423090559,24.0,0.5,-17.491743,521.547685394464,-17.10693,521.9324987031798
2021-01-13 10:00:00,-16.12882500103251,0.2089849554263932,-0.8660254037844387,0.49999999999999994,1.0,0.0,675.5098250010325,659.381,888.397,baja_fd,0.0244605546732958,26.2,1.0,-14.4935,661.0163252451731,-15.234229,660.2755959132029
2021-01-13 11:00:00,33.719685320767326,0.1463761410696199,-0.9659258262890682,0.258819045102521,1.0,0.0,759.6423146792326,793.362,1027.643,baja_fd,0.0425022692298942,28.0,4.6,32.711834,792.3541486330901,34.280754,793.9230687685881
2021-01-13 12:00:00,37.26543751780741,0.137103460695778,-1.0,1.2246467991473532e-16,1.0,0.0,799.9235624821926,837.189,1098.581,baja_fd,0.044512574242862,29.0,4.6,34.86934,834.7929014714504,35.842884,835.7664465459133
2021-01-13 13:00:00,31.619296663307523,0.1394366281397301,-0.9659258262890683,-0.2588190451025208,1.0,0.0,788.3577033366925,819.977,1082.719,baja_fd,0.0385611994767018,29.5,4.1,32.579815,820.9375182475811,32.15888,820.5165816631085
2021-01-13 14:00:00,39.07857796180747,0.1486538839091327,-0.8660254037844388,-0.4999999999999997,1.0,0.0,725.1134220381925,764.192,983.819,baja_fd,0.0511371199408099,30.0,5.7,38.109352,763.222774150009,38.88391,763.997333171005
2021-01-13 15:00:00,31.56025751307004,0.2173863357772589,-0.7071067811865479,-0.7071067811865471,1.0,0.0,612.6627424869299,644.223,810.786,baja_fd,0.0489896472387202,30.0,6.7,32.68695,645.3496931705237,27.293196,639.9559382114172
2021-01-13 16:00:00,13.435407436507546,0.3288427219353995,-0.5000000000000004,-0.8660254037844385,1.0,0.0,454.14159256349245,467.577,577.361,mixto,0.0287341067599722,28.3,5.1,15.117845,469.25943714509646,13.614235,467.75582748780886
2021-01-13 17:00:00,-1.581829530812513,0.3496408027961156,-0.25881904510252063,-0.9659258262890683,1.0,0.0,287.4718295308125,285.89,355.785,mixto,0.0055330005624978,29.0,5.7,-1.8554437,285.6163858147633,-1.3217149,286.1501146527302
2021-01-13 18:00:00,-12.658422058432492,0.5758883398145778,-1.8369701987210297e-16,-1.0,1.0,0.0,113.9264220584325,101.268,135.867,mixto,0.1249992303435684,27.0,5.1,-11.2094345,102.71698754915515,-11.402988,102.5234336245946
2021-01-13 19:00:00,-3.9486157589324993,1.0,0.2588190451025203,-0.9659258262890684,1.0,0.0,15.4306157589325,11.482,17.983,alta_fd,,25.0,4.6,-4.200129,11.23048672679749,-4.437899,10.992716646231084
2021-01-14 06:00:00,-4.131669795719997,0.9936840760828444,6.123233995736766e-17,1.0,1.0,0.0,35.14566979572,31.014,39.028,alta_fd,,12.0,1.0,-4.1159034,31.029766418187045,-4.7847934,30.360876418797396
2021-01-14 07:00:00,-15.400601803932515,0.7204640530895918,-0.25881904510252063,0.9659258262890683,1.0,0.0,168.7496018039325,153.349,194.967,alta_fd,0.100428446249617,17.3,0.0,-14.2023735,154.54722829929383,-14.37209,154.37751146427186
2021-01-14 08:00:00,-6.736751514292507,0.4164649558074265,-0.4999999999999998,0.8660254037844387,1.0,0.0,355.6767515142925,348.94,429.791,mixto,0.0193063320751203,21.0,1.0,-7.655056,348.02169551453665,-7.178104,348.4986475904949
2021-01-14 09:00:00,-7.463078687970096,0.2483593108237223,-0.7071067811865475,0.7071067811865476,1.0,0.0,536.0120786879701,528.549,678.022,baja_fd,0.014119937201603,24.0,1.0,-9.7429905,526.2690881941957,-9.115197,526.8968815062684
2021-01-14 10:00:00,-11.655053397792472,0.2095549681251402,-0.8660254037844387,0.49999999999999994,1.0,0.0,673.7590533977925,662.104,887.141,baja_fd,0.0176030554079003,26.5,1.2,-11.846303,661.9127504116475,-12.770327,660.9887267834126
2021-01-14 11:00:00,-9.34345888103246,0.1465656553683523,-0.9659258262890682,0.258819045102521,1.0,0.0,756.0784588810325,746.735,1027.597,baja_fd,0.0125124158918926,29.0,1.5,-8.478145,747.6003142353416,-9.168096,746.9103632923484
2021-01-14 12:00:00,20.333629021919933,0.1373451699987264,-1.0,1.2246467991473532e-16,1.0,0.0,792.00037097808,812.334,1097.976,baja_fd,0.0250311190002141,31.0,3.1,20.062159,812.0625295626747,19.790768,811.7911386477577
2021-01-14 13:00:00,32.77273531875005,0.1343874029193001,-0.9659258262890683,-0.2588190451025208,1.0,0.0,781.52326468125,814.296,1087.45,baja_fd,0.0402467104329998,32.1,4.1,32.9803,814.5035655845703,32.15888,813.682143007666
2021-01-14 14:00:00,24.94094490666748,0.1282008463323226,-0.8660254037844388,-0.4999999999999997,1.0,0.0,723.3200550933325,748.261,997.313,baja_fd,0.033331878725027,33.0,3.6,26.50545,749.8255043883764,25.879684,749.1997395415747
2021-01-14 15:00:00,26.05826954700001,0.1652176888703543,-0.7071067811865479,-0.7071067811865471,1.0,0.0,619.868730453,645.927,834.54,baja_fd,0.0403424373760502,33.0,4.6,26.636065,646.504794982419,27.482471,647.3512019190645
2021-01-14 16:00:00,20.08324238700004,0.2225878220954097,-0.5000000000000004,-0.8660254037844385,1.0,0.0,471.55975761299993,491.643,613.54,baja_fd,0.0408492389538751,32.4,6.2,19.804607,491.36436500435735,18.326958,489.88671531563665
2021-01-14 17:00:00,-1.9036344047700595,0.3193430367895633,-0.25881904510252063,-0.9659258262890683,1.0,0.0,287.82763440477004,285.924,359.462,mixto,0.0066578335668571,31.0,5.1,-2.2372532,285.5903812156831,-1.1363717,286.6912626730119
2021-01-14 18:00:00,-12.606505210529988,0.576018567896958,-1.8369701987210297e-16,-1.0,1.0,0.0,113.69450521052998,101.088,136.154,mixto,0.124708226599893,28.0,5.1,-10.629471,103.06503438533467,-11.402988,102.29151677669209
2021-01-14 19:00:00,-3.987741972480002,1.0,0.2588190451025203,-0.9659258262890684,1.0,0.0,15.307741972480002,11.32,17.984,alta_fd,,27.0,6.2,-4.511729,10.79601320889968,-4.8461037,10.461638304267112
2021-01-15 06:00:00,-4.207275704769998,0.9967116403164766,6.123233995736766e-17,1.0,1.0,0.0,34.71927570477,30.512,39.062,alta_fd,,15.4,1.0,-4.6395197,30.079756013302713,-5.2816167,29.43765901699534
2021-01-15 07:00:00,-13.816112893249992,0.7242451169454466,-0.25881904510252063,0.9659258262890683,1.0,0.0,165.51611289324998,151.7,191.53,alta_fd,0.0910752333108107,17.8,1.0,-12.480824,153.03528842272996,-12.923516,152.59259661975145
2021-01-15 08:00:00,-9.766027332812484,0.4219172124786732,-0.4999999999999998,0.8660254037844387,1.0,0.0,350.6930273328125,340.927,427.175,mixto,0.028645508665528,23.0,0.5,-10.729585,339.9634426389038,-9.921665,340.7713621411621
2021-01-15 09:00:00,-14.83821242253248,0.2495038134748038,-0.7071067811865475,0.7071067811865476,1.0,0.0,529.8762124225325,515.038,675.953,baja_fd,0.0288099371746016,26.0,0.5,-16.775667,513.1005452319807,-17.360098,512.5161145374007
2021-01-15 10:00:00,4.306830901867556,0.1857016954433852,-0.8660254037844387,0.49999999999999994,1.0,0.0,665.4511690981325,669.758,883.327,baja_fd,0.0064304284560506,28.4,2.1,2.645586,668.0967551119264,4.295594,669.7467633135255
2021-01-15 11:00:00,22.497167918750165,0.1536441391531155,-0.9659258262890682,0.258819045102521,1.0,0.0,745.6368320812498,768.134,1022.15,baja_fd,0.0292880772348967,31.0,3.4,24.658928,770.2957599987303,24.41574,770.0525711406981
2021-01-15 12:00:00,38.08279298266757,0.1472198069182147,-1.0,1.2246467991473532e-16,1.0,0.0,782.7522070173325,820.835,1095.137,baja_fd,0.0463951865876425,33.0,4.6,34.90678,817.6589872602524,35.842884,818.5950910810532
2021-01-15 13:00:00,52.77798059907002,0.1347088077909837,-0.9659258262890683,-0.2588190451025208,1.0,0.0,778.91101940093,831.689,1086.214,baja_fd,0.0634587936104361,32.6,6.7,50.511414,829.4224329751487,49.646824,828.5578432839866
2021-01-15 14:00:00,49.64330453346997,0.1441422248400647,-0.8660254037844388,-0.4999999999999997,1.0,0.0,722.23369546653,771.877,990.054,baja_fd,0.0643150457047819,32.0,7.7,46.11431,768.3480066847917,46.791824,769.0255198073503
2021-01-15 15:00:00,37.83598552832007,0.1509469896722425,-0.7071067811865479,-0.7071067811865471,1.0,0.0,624.50401447168,662.34,832.864,baja_fd,0.0571247177104207,31.0,7.7,35.15089,659.6549048220218,36.551327,661.055341223389
2021-01-15 16:00:00,20.565492304687552,0.2142695290366688,-0.5000000000000004,-0.8660254037844385,1.0,0.0,473.30650769531246,493.872,608.875,baja_fd,0.04164134088324,30.0,6.7,21.274391,494.58089886962887,19.442703,492.7492109423828
2021-01-15 17:00:00,-1.426790107970021,0.3244342188670953,-0.25881904510252063,-0.9659258262890683,1.0,0.0,291.96979010797,290.543,360.022,mixto,0.0049107708943943,28.0,5.7,-1.8554437,290.11434639192083,-1.3217149,290.64807522988775
2021-01-15 18:00:00,-12.467416289279996,0.5796520054582851,-1.8369701987210297e-16,-1.0,1.0,0.0,114.42441628928,101.957,135.904,mixto,0.1222811213480192,26.0,5.7,-10.7397785,103.68463777060325,-11.170115,103.25430081839377
2021-01-15 19:00:00,-3.5842074939199997,1.0,0.2588190451025203,-0.9659258262890684,1.0,0.0,14.66320749392,11.079,17.032,alta_fd,,24.2,4.1,-4.243955,10.419252358574541,-4.1632314,10.499976121086748
2021-01-16 06:00:00,-4.277914812632503,0.9979571946378074,6.123233995736766e-17,1.0,1.0,0.0,34.2479148126325,29.97,38.173,alta_fd,,13.0,0.0,-5.347445,28.900469801493585,-4.4542313,29.79368355042547
2021-01-16 07:00:00,-15.136920478130008,0.6820463067866703,-0.25881904510252063,0.9659258262890683,1.0,0.0,163.14592047813,148.009,186.894,mixto,0.1022702705790189,15.4,1.0,-12.001057,151.14486380698742,-12.95718,150.18874045493664
2021-01-16 08:00:00,-6.98808930000007,0.4274290394838194,-0.4999999999999998,0.8660254037844387,1.0,0.0,354.53908930000006,347.551,424.6,mixto,0.0201066585911134,19.0,1.0,-7.760173,346.77891645606695,-7.2000313,347.3390580194825
2021-01-16 09:00:00,3.6078510276074662,0.2578971961443553,-0.7071067811865475,0.7071067811865476,1.0,0.0,538.0751489723925,541.683,671.251,baja_fd,0.006660447212867,21.0,2.1,2.0175745,540.0927235211138,3.0051687,541.0803176487689
2021-01-16 10:00:00,22.910116097919968,0.1877409231987507,-0.8660254037844387,0.49999999999999994,1.0,0.0,676.99988390208,699.91,880.624,baja_fd,0.0327329458043462,24.0,4.1,21.383272,698.3831560731005,24.80406,701.8039438843798
2021-01-16 11:00:00,40.21726995100744,0.1539892295276649,-0.9659258262890682,0.258819045102521,1.0,0.0,766.1327300489926,806.35,1021.211,baja_fd,0.0498756990773329,25.0,5.7,36.183796,802.3165259779477,39.916893,806.0496230543637
2021-01-16 12:00:00,30.97295050810737,0.1558413440903439,-1.0,1.2246467991473532e-16,1.0,0.0,798.9130494918926,829.886,1088.351,baja_fd,0.0373219339862431,27.6,4.1,31.226723,830.1397722091777,31.240557,830.1536062088115
2021-01-16 13:00:00,30.650449226999967,0.151635961039716,-0.9659258262890683,-0.2588190451025208,1.0,0.0,792.9725507730001,823.623,1078.74,baja_fd,0.037214173507782,27.6,4.1,32.527878,825.5004285806173,32.06806,825.0406126016134
2021-01-16 14:00:00,35.68834767871999,0.1419752608531596,-0.8660254037844388,-0.4999999999999997,1.0,0.0,737.54365232128,773.232,992.704,baja_fd,0.0461547733134686,28.0,5.1,36.523064,774.066715980948,36.7518,774.2954528583894
2021-01-16 15:00:00,30.22833901387014,0.1705073547371963,-0.7071067811865479,-0.7071067811865471,1.0,0.0,633.5296609861299,663.758,833.506,baja_fd,0.0455412047973359,28.0,5.7,29.859352,663.3890130979463,31.292498,664.8221586210176
2021-01-16 16:00:00,15.470294637687516,0.2140897103635448,-0.5000000000000004,-0.8660254037844385,1.0,0.0,480.7237053623125,496.194,610.445,baja_fd,0.0311779155686838,27.0,4.6,16.626518,497.3502236118242,16.221642,496.94534690283984
2021-01-16 17:00:00,-2.4503065373125423,0.3284950898606134,-0.25881904510252063,-0.9659258262890683,1.0,0.0,293.8023065373125,291.352,359.195,mixto,0.0084101243077533,26.0,4.6,-3.3310468,290.4712597176256,-1.713587,292.08871949164296
2021-01-16 18:00:00,-12.60969123483251,0.5833859223335555,-1.8369701987210297e-16,-1.0,1.0,0.0,115.13669123483253,102.527,135.637,mixto,0.1229889808034226,24.0,4.1,-10.3859,104.75079169107032,-10.936451,104.20024027658057
2021-01-16 19:00:00,-3.6435349199325024,1.0,0.2588190451025203,-0.9659258262890684,1.0,0.0,14.769534919932502,11.126,17.033,alta_fd,,22.4,4.1,-4.243955,10.525579784587043,-4.073362,10.696173046305793
2021-01-17 06:00:00,-4.225716259569996,1.0,6.123233995736766e-17,1.0,1.0,0.0,32.75171625957,28.526,36.498,alta_fd,,13.0,0.0,-5.285099,27.466617230028987,-4.4542313,28.29748499736297
2021-01-17 07:00:00,-15.002185298720036,0.6871329225821206,-0.25881904510252063,0.9659258262890683,1.0,0.0,160.70318529872003,145.701,184.328,mixto,0.1029655616551707,15.8,1.0,-12.001057,148.70212862757745,-12.95718,147.74600527552667
2021-01-17 08:00:00,-7.041132458312518,0.434347993372453,-0.4999999999999998,0.8660254037844387,1.0,0.0,351.4471324583125,344.406,420.685,mixto,0.0204442793049845,19.0,1.0,-7.760173,343.6869596143794,-7.2000313,344.24710117779495
2021-01-17 09:00:00,3.711291845119945,0.2610464439066912,-0.7071067811865475,0.7071067811865476,1.0,0.0,533.5907081548801,537.302,668.256,baja_fd,0.0069072734609585,22.0,2.1,2.0175745,535.6082827036014,2.9735358,536.5642439310184
2021-01-17 10:00:00,9.414321492187357,0.1948335921012209,-0.8660254037844387,0.49999999999999994,1.0,0.0,675.4436785078126,684.858,876.975,baja_fd,0.0137463846405931,23.7,2.6,8.669703,684.1133810377198,9.27016,684.7138382291871
2021-01-17 11:00:00,32.62372173283006,0.1565150722766759,-0.9659258262890682,0.258819045102521,1.0,0.0,761.4772782671699,794.101,1019.418,baja_fd,0.0410825848762689,26.0,4.6,31.186674,792.6639523852119,33.855625,795.3329034197578
2021-01-17 12:00:00,30.56630966500745,0.1550410760064914,-1.0,1.2246467991473532e-16,1.0,0.0,805.1896903349925,835.756,1088.811,baja_fd,0.0365732458576515,26.0,4.1,29.420383,834.6100737883617,30.775562,835.9652526213695
2021-01-17 13:00:00,39.88636497427012,0.1517320410601904,-0.9659258262890683,-0.2588190451025208,1.0,0.0,791.9366350257299,831.823,1079.466,baja_fd,0.0479505435342255,28.0,5.1,40.292133,832.2287683570287,40.56838,832.5050134742162
2021-01-17 14:00:00,35.79056608370752,0.1443967987647977,-0.8660254037844388,-0.4999999999999997,1.0,0.0,733.0444339162925,768.835,990.991,baja_fd,0.0465516867516535,29.0,5.1,36.45125,769.4956820852378,36.7518,769.7962344534019
2021-01-17 15:00:00,22.016323076319964,0.1731013061855068,-0.7071067811865479,-0.7071067811865471,1.0,0.0,633.41567692368,655.432,833.336,baja_fd,0.0335905526070133,28.0,4.1,24.111807,657.5274837931869,24.264547,657.6802242717025
2021-01-17 16:00:00,15.684091524187522,0.2139271290372426,-0.5000000000000004,-0.8660254037844385,1.0,0.0,479.72990847581246,495.414,611.985,baja_fd,0.0316585553177494,28.0,4.6,17.0993,496.82920886033395,18.083647,497.81355525010446
2021-01-17 17:00:00,-3.494085382280048,0.3298709732798081,-0.25881904510252063,-0.9659258262890683,1.0,0.0,292.10808538228,288.614,358.604,mixto,0.012106430673079,27.0,3.6,-4.0482945,288.05979083806005,-1.7700466,290.3380387905213
2021-01-17 18:00:00,-12.278461709392502,0.5848658960214873,-1.8369701987210297e-16,-1.0,1.0,0.0,114.2564617093925,101.978,135.701,mixto,0.1204030448664663,26.0,5.7,-10.7397785,103.51668319071574,-11.170115,103.08634623850627
2021-01-17 19:00:00,-3.7082381599325034,1.0,0.2588190451025203,-0.9659258262890684,1.0,0.0,14.740238159932504,11.032,17.033,alta_fd,,22.9,4.1,-4.243955,10.496283024587045,-4.073362,10.666876286305795
2021-01-18 06:00:00,-3.680871939332498,1.0,6.123233995736766e-17,1.0,1.0,0.0,26.9058719393325,23.225,29.937,alta_fd,,12.8,1.8,-2.4658065,24.440065455110087,-2.783176,24.122695994050517
2021-01-18 07:00:00,-3.6088843958125034,1.0,-0.25881904510252063,0.9659258262890683,1.0,0.0,54.9758843958125,51.367,61.615,alta_fd,0.070256865221105,13.7,2.1,-4.9843454,49.99153895971631,-3.9686053,51.007279115890015
2021-01-18 08:00:00,-4.532369976319984,0.8313332005033169,-0.4999999999999998,0.8660254037844387,1.0,0.0,255.25836997632,250.726,297.152,alta_fd,0.0180769843427485,16.0,2.6,-5.2335615,250.0248084605119,-6.5845237,248.67384629849408
2021-01-18 09:00:00,6.5456862035075005,0.5004014328105794,-0.7071067811865475,0.7071067811865476,1.0,0.0,489.7133137964925,496.259,600.039,mixto,0.0131900604392212,19.0,3.6,9.915627,499.6289403223714,5.808058,495.5213715815267
2021-01-18 10:00:00,19.059316647907508,0.3182953912977715,-0.8660254037844387,0.49999999999999994,1.0,0.0,669.4166833520925,688.476,858.071,mixto,0.0276833421178189,21.4,4.1,18.946709,688.3633920312917,17.93534,687.3520242334401
2021-01-18 11:00:00,25.210535281720013,0.3329288406653228,-0.9659258262890682,0.258819045102521,1.0,0.0,732.45946471828,757.67,964.004,mixto,0.0332737673152164,24.0,4.6,25.973555,758.433019329486,21.255323,753.7147881283141
2021-01-18 12:00:00,23.64176326947006,0.4764423929836803,-1.0,1.2246467991473532e-16,1.0,0.0,721.3932367305299,745.035,952.154,mixto,0.0317324196440033,25.0,5.1,29.241371,750.6346078853151,23.717545,745.110781286194
2021-01-18 13:00:00,13.105137908467556,0.6252701596048432,-0.9659258262890683,-0.2588190451025208,1.0,0.0,620.8518620915324,633.957,809.703,mixto,0.0206719665662932,26.8,5.1,23.099926,643.9517880864055,12.749249,633.6011115498454
2021-01-18 14:00:00,5.684312001920034,0.6752070747576048,-0.8660254037844388,-0.4999999999999997,1.0,0.0,531.29468799808,536.979,682.576,mixto,0.0105857249574378,27.4,4.6,18.821531,550.1162192938564,8.317091,539.6117789862392
2021-01-18 15:00:00,-0.5055761749199519,0.7667485523423103,-0.7071067811865479,-0.7071067811865471,1.0,0.0,413.84857617492,413.343,521.468,alta_fd,0.0012231395594456,28.0,4.1,12.282412,426.1309877502374,2.4845648,416.333140956109
2021-01-18 16:00:00,-2.9548805730924528,0.8631769872716647,-0.5000000000000004,-0.8660254037844385,1.0,0.0,278.73788057309247,275.783,342.929,alta_fd,0.0107145131247845,28.0,4.6,1.056871,279.79475162964917,-6.415799,272.3220814321623
2021-01-18 17:00:00,-4.388025307812512,0.8527435500129151,-0.25881904510252063,-0.9659258262890683,1.0,0.0,173.5110253078125,169.123,209.775,alta_fd,0.0259457631889956,28.0,4.1,-8.640826,164.87019908253174,-9.637073,163.87395274464112
2021-01-18 18:00:00,-3.9080797239699914,1.0,-1.8369701987210297e-16,-1.0,1.0,0.0,73.13907972396999,69.231,86.678,alta_fd,0.05644985229117,27.0,4.1,-9.291752,63.84732786239772,-7.6508136,65.48826614441066
2021-01-19 06:00:00,-2.1540853655924987,1.0,6.123233995736766e-17,1.0,1.0,0.0,12.6600853655925,10.506,14.179,alta_fd,,15.0,3.1,-2.9707003,9.68938510161545,-3.0341513,9.625934049903414
2021-01-19 07:00:00,-3.534488901632507,1.0,-0.25881904510252063,0.9659258262890683,1.0,0.0,53.748488901632506,50.214,60.677,alta_fd,0.070388515187647,15.6,3.1,-5.4002185,48.34827041484662,-3.911951,49.83653783656903
2021-01-19 08:00:00,-4.813875156999984,0.9603384057294376,-0.4999999999999998,0.8660254037844387,1.0,0.0,180.651875157,175.838,207.98,alta_fd,0.0273767624574891,16.0,4.1,-5.992241,174.6596342512383,-6.435763,174.21611227476734
2021-01-19 09:00:00,-1.3504323579199422,0.8152303684914273,-0.7071067811865475,0.7071067811865476,1.0,0.0,352.80143235792,351.451,420.568,alta_fd,0.0038424484719632,18.0,4.6,5.765279,358.56671117414317,-0.26197675,352.5394556092151
2021-01-19 10:00:00,4.152056090907649,0.6564411729291029,-0.8660254037844387,0.49999999999999994,1.0,0.0,526.2939439090924,530.446,652.079,mixto,0.0078274811967809,20.0,4.1,10.717675,537.0116191181378,5.324004,531.6179480823712
2021-01-19 11:00:00,12.459967692187432,0.4333323016763051,-0.9659258262890682,0.258819045102521,1.0,0.0,711.6710323078125,724.131,918.225,mixto,0.0172067867446462,21.0,3.6,17.42073,729.0917628986329,13.646858,725.3178905231446
2021-01-19 12:00:00,19.837561924319857,0.3160405868682644,-1.0,1.2246467991473532e-16,1.0,0.0,796.0704380756802,815.908,1062.536,mixto,0.0243134788779125,24.0,3.6,21.55878,817.6292187458462,19.279896,815.3503338581509
2021-01-19 13:00:00,24.30241884120744,0.1494315592950166,-0.9659258262890683,-0.2588190451025208,1.0,0.0,796.2585811587926,820.561,1072.141,baja_fd,0.029616833899256,25.6,3.6,25.013607,821.2721881839391,25.555147,821.8137283298131
2021-01-19 14:00:00,26.008256812167478,0.1765846243897114,-0.8660254037844388,-0.4999999999999997,1.0,0.0,729.4627431878325,755.471,974.787,baja_fd,0.0344265455751014,27.0,4.1,28.336374,757.7991174706694,28.438719,757.9014619836089
2021-01-19 15:00:00,21.862776038880043,0.3212860545022102,-0.7071067811865479,-0.7071067811865471,1.0,0.0,601.70222396112,623.565,786.392,mixto,0.0350609415840851,28.0,5.1,26.7042,628.4064247057489,19.424637,621.1268608019403
2021-01-19 16:00:00,10.322705410187496,0.4563139961253847,-0.5000000000000004,-0.8660254037844385,1.0,0.0,423.4292945898125,433.752,531.745,mixto,0.0237986347271885,26.9,5.7,12.292423,435.72171783810353,8.593589,432.02288341885304
2021-01-19 17:00:00,-2.5222968940799437,0.3747304371488715,-0.25881904510252063,-0.9659258262890683,1.0,0.0,272.78129689408,270.259,332.176,mixto,0.0093328876895124,25.9,4.9,-3.2323272,269.5489696712559,-1.6189839,271.1623130292958
2021-01-19 18:00:00,-11.661028538880004,0.6069572170193507,-1.8369701987210297e-16,-1.0,1.0,0.0,110.52902853888,98.868,130.656,mixto,0.1179454276295667,25.0,4.1,-10.417466,100.11156237524474,-11.102943,99.42608511846984
2021-01-19 19:00:00,-3.696088201480002,1.0,0.2588190451025203,-0.9659258262890684,1.0,0.0,13.91508820148,10.219,16.084,alta_fd,,23.0,3.1,-3.612476,10.302612091021626,-3.580156,10.334932113604633
2021-01-20 06:00:00,-4.142976268632495,1.0,6.123233995736766e-17,1.0,1.0,0.0,28.556976268632496,24.414,32.227,alta_fd,,16.4,0.0,-5.7883244,22.768651912553395,-5.094246,23.462730357987965
2021-01-20 07:00:00,-15.839586147232469,0.7012195446474356,-0.25881904510252063,0.9659258262890683,1.0,0.0,153.92958614723247,138.09,177.243,alta_fd,0.1147048022828044,17.0,0.0,-14.2023735,139.7272126425938,-14.37209,139.55749580757183
2021-01-20 08:00:00,-6.998852611330051,0.3841748215936512,-0.4999999999999998,0.8660254037844387,1.0,0.0,343.49485261133003,336.496,412.426,mixto,0.0207992148831785,20.0,1.0,-7.655056,335.8397966115742,-7.132363,336.3624897687702
2021-01-20 09:00:00,4.1275003061075495,0.2431528187367802,-0.7071067811865475,0.7071067811865476,1.0,0.0,525.6044996938924,529.732,660.401,baja_fd,0.0077916763686308,23.0,2.1,2.1206317,527.7251313886861,3.0212958,528.6257954797964
2021-01-20 10:00:00,19.575873456967543,0.154313678007979,-0.8660254037844387,0.49999999999999994,1.0,0.0,664.9461265430325,684.522,867.197,baja_fd,0.0285978733436873,25.0,3.6,16.295353,681.2414794788235,21.689709,686.6358352527493
2021-01-20 11:00:00,37.76254857668755,0.0923409591066671,-0.9659258262890682,0.258819045102521,1.0,0.0,755.7484514233124,793.511,1015.915,baja_fd,0.0475891935671812,27.0,5.1,35.470478,791.2189294811737,37.830906,793.5793573376191
2021-01-20 12:00:00,49.213389924919966,0.092037907349078,-1.0,1.2246467991473532e-16,1.0,0.0,801.36061007508,850.574,1088.676,baja_fd,0.0578590339287586,27.0,6.2,44.95768,846.3182898236151,46.764095,848.1247053814765
2021-01-20 13:00:00,44.374141847230135,0.1532675385446472,-0.9659258262890683,-0.2588190451025208,1.0,0.0,792.0428581527699,836.417,1079.638,baja_fd,0.0530526541751663,28.0,5.7,43.125813,835.1686706832875,43.676495,835.7193527511586
2021-01-20 14:00:00,32.16460602699999,0.1547312501387346,-0.8660254037844388,-0.4999999999999997,1.0,0.0,733.898393973,766.063,992.34,baja_fd,0.041986894063543,29.0,4.6,33.00753,766.9059241854023,33.61862,767.5170157991719
2021-01-20 15:00:00,30.90029507136751,0.1529363831213289,-0.7071067811865479,-0.7071067811865471,1.0,0.0,631.5767049286325,662.477,834.877,baja_fd,0.0466435741487893,29.0,5.7,29.859352,661.4360570404489,31.328335,662.9050397369821
2021-01-20 16:00:00,18.59292557800751,0.2164964812231738,-0.5000000000000004,-0.8660254037844385,1.0,0.0,480.4930744219925,499.086,612.461,baja_fd,0.037253951379136,27.8,5.7,19.246319,499.7393932391312,17.56235,498.0554237414505
2021-01-20 17:00:00,-1.0103659746924905,0.3308726465274545,-0.25881904510252063,-0.9659258262890683,1.0,0.0,293.1283659746925,292.118,359.919,mixto,0.0034587597296041,27.0,5.7,-2.4729986,290.6553673556129,-1.3217149,291.8066510966102
2021-01-20 18:00:00,-12.342570831570017,0.5862821568448991,-1.8369701987210297e-16,-1.0,1.0,0.0,114.22557083157,101.883,135.102,mixto,0.1211445563201909,25.0,4.6,-10.2518,103.97377124813494,-11.114347,103.11122337368425
2021-01-20 19:00:00,-3.9911052433125,1.0,0.2588190451025203,-0.9659258262890684,1.0,0.0,14.7361052433125,10.745,17.035,alta_fd,,23.0,3.6,-3.902293,10.833812276469848,-3.7336378,11.002467433559081
2021-01-21 06:00:00,-4.174699647192494,1.0,6.123233995736766e-17,1.0,1.0,0.0,28.02469964719249,23.85,31.331,alta_fd,,14.0,0.0,-5.5365267,22.488172967199816,-4.768852,23.255847413305773
2021-01-21 07:00:00,-14.628105473592512,0.7049640112083362,-0.25881904510252063,0.9659258262890683,1.0,0.0,152.5801054735925,137.952,175.229,alta_fd,0.1060376469612076,16.4,1.0,-12.001057,140.57904880244993,-12.827836,139.75226943691038
2021-01-21 08:00:00,-1.5313872955199486,0.4437057248945151,-0.4999999999999998,0.8660254037844387,1.0,0.0,345.38838729552,343.857,412.488,mixto,0.0044535585883665,18.7,2.6,-1.4726496,343.9157377212402,0.9449016,346.3332888810989
2021-01-21 09:00:00,14.91610044086758,0.2608288603258316,-0.7071067811865475,0.7071067811865476,1.0,0.0,530.9718995591325,545.888,661.527,baja_fd,0.0273244702958621,21.0,4.1,13.849364,544.8212638398331,15.185209,546.1571088334244
2021-01-21 10:00:00,28.560411151230028,0.1906610963503301,-0.8660254037844387,0.49999999999999994,1.0,0.0,676.16358884877,704.724,874.038,baja_fd,0.04052708741469,22.8,5.1,23.46776,699.6313489348296,29.362019,705.5256074339751
2021-01-21 11:00:00,32.490497980270106,0.1535916387818698,-0.9659258262890682,0.258819045102521,1.0,0.0,763.8405020197299,796.331,1017.634,baja_fd,0.0408002425879064,25.0,4.6,30.520157,794.3606588800815,33.57204,797.4125425775912
2021-01-21 12:00:00,42.27607974083003,0.1528170769169702,-1.0,1.2246467991473532e-16,1.0,0.0,808.22992025917,850.506,1090.682,baja_fd,0.0497069741316698,25.5,5.4,36.988308,845.2182282120508,41.548035,849.7779549271387
2021-01-21 13:00:00,47.28548759320745,0.1485655782269705,-0.9659258262890683,-0.2588190451025208,1.0,0.0,800.6075124067926,847.893,1081.459,baja_fd,0.0557682249920773,26.0,6.2,44.823326,845.4308385176324,47.065163,847.672675065484
2021-01-21 14:00:00,41.61503451875012,0.1518772769714484,-0.8660254037844388,-0.4999999999999997,1.0,0.0,744.5959654812499,786.211,993.05,baja_fd,0.0529311272912107,26.0,6.2,40.0577,784.6536665920897,41.680275,786.2762404446288
2021-01-21 15:00:00,30.90629673682997,0.1724890202102639,-0.7071067811865479,-0.7071067811865471,1.0,0.0,641.03270326317,671.939,836.118,baja_fd,0.0459956882050751,26.0,5.9,28.427464,669.4601667946641,30.46808,671.5007837837999
2021-01-21 16:00:00,18.550229787320006,0.2134397450974971,-0.5000000000000004,-0.8660254037844385,1.0,0.0,485.22977021268,503.78,613.764,baja_fd,0.0368220846149509,26.0,5.7,17.644855,502.8746257119476,19.092882,504.3226523690521
2021-01-21 17:00:00,-1.0850280481299706,0.3328219569442311,-0.25881904510252063,-0.9659258262890683,1.0,0.0,294.72402804813,293.639,358.794,mixto,0.0036951087836764,25.0,5.7,-3.0882895,291.63573854884714,-1.3148818,293.40914624652476
2021-01-21 18:00:00,-11.83401645651999,0.6051334487390383,-1.8369701987210297e-16,-1.0,1.0,0.0,112.61201645652,100.778,132.612,mixto,0.1174265857282342,24.0,4.1,-10.3859,102.22611691275779,-10.969084,101.64293267050925
2021-01-21 19:00:00,-3.4184619258124997,1.0,0.2588190451025203,-0.9659258262890684,1.0,0.0,13.1424619258125,9.724,15.135,alta_fd,,22.1,3.1,-3.612476,9.529985815354125,-3.580156,9.562305837937133
2021-01-22 06:00:00,-4.084163632812494,1.0,6.123233995736766e-17,1.0,1.0,0.0,26.504163632812496,22.42,29.625,alta_fd,,14.0,1.5,-3.2092333,23.294930348815914,-3.6340172,22.870146403732296
2021-01-22 07:00:00,-14.513124729119966,0.7103711683876541,-0.25881904510252063,0.9659258262890683,1.0,0.0,150.74112472911995,136.228,172.792,alta_fd,0.1065355487059926,16.0,1.0,-12.001057,138.74006805797737,-12.827836,137.91328869243782
2021-01-22 08:00:00,-1.6103298124799608,0.4448099567353547,-0.4999999999999998,0.8660254037844387,1.0,0.0,343.00432981248,341.394,410.016,mixto,0.0047169247628252,19.0,2.6,-1.4726496,341.53168023820024,0.9449016,343.94923139805894
2021-01-22 09:00:00,7.399181818507486,0.2583711016796166,-0.7071067811865475,0.7071067811865476,1.0,0.0,530.5578181814925,537.957,660.961,baja_fd,0.0137542253721161,21.0,2.6,5.403964,535.9617822241561,6.346074,536.9038922858016
2021-01-22 10:00:00,9.610436928467491,0.1912278825980277,-0.8660254037844387,0.49999999999999994,1.0,0.0,673.9245630715325,683.535,872.953,baja_fd,0.0140599046551639,23.3,2.6,7.9148765,681.8394395325615,9.27016,683.194722792907
2021-01-22 11:00:00,20.56798251520752,0.1938107004745616,-0.9659258262890682,0.258819045102521,1.0,0.0,768.6160174847925,789.184,1025.091,baja_fd,0.0260623409942516,25.0,3.4,22.75762,791.3736373425805,21.067307,789.6833240033471
2021-01-22 12:00:00,30.944781732919974,0.1542092754460582,-1.0,1.2246467991473532e-16,1.0,0.0,803.51121826708,834.456,1089.124,baja_fd,0.0370837788126875,26.5,4.1,30.2846,833.7958175712793,30.92354,834.4347583824365
2021-01-22 13:00:00,31.015034132919936,0.1517751936150288,-0.9659258262890683,-0.2588190451025208,1.0,0.0,792.34296586708,823.358,1080.124,baja_fd,0.0376689533992746,28.0,4.1,32.604515,824.9474809427636,32.15888,824.501844193496
2021-01-22 14:00:00,28.10802306018752,0.1542354336048382,-0.8660254037844388,-0.4999999999999997,1.0,0.0,733.7749769398125,761.883,992.145,baja_fd,0.0368928340180677,29.0,4.1,30.05502,763.8299963184746,29.980507,763.7554838367852
2021-01-22 15:00:00,27.9356508431074,0.175151875485579,-0.7071067811865479,-0.7071067811865471,1.0,0.0,632.1913491568926,660.127,835.799,baja_fd,0.0423186005770213,29.0,5.1,28.257904,660.4492532096269,28.104635,660.29598439554
2021-01-22 16:00:00,19.88476010090756,0.2151857701007324,-0.5000000000000004,-0.8660254037844385,1.0,0.0,481.5822398990924,501.467,614.271,baja_fd,0.0396531777782138,27.9,6.2,20.348629,501.9308688968951,18.862392,500.4446323246295
2021-01-22 17:00:00,-1.368704029592493,0.3299224148885161,-0.25881904510252063,-0.9659258262890683,1.0,0.0,293.1687040295925,291.8,359.971,mixto,0.0046905552761908,27.0,5.1,-2.8172135,290.35149049428367,-1.3884352,291.78026878503226
2021-01-22 18:00:00,-12.295726949249996,0.5863905581824509,-1.8369701987210297e-16,-1.0,1.0,0.0,113.40272694925,101.107,134.39,mixto,0.1216110353313815,25.5,4.5,-10.287329,103.11539822915722,-11.058718,102.34400922158886
2021-01-22 19:00:00,-3.705226345479998,1.0,0.2588190451025203,-0.9659258262890684,1.0,0.0,13.854226345479995,10.149,16.084,alta_fd,,24.1,3.9,-4.085304,9.768922562063247,-4.1632314,9.690994972646743
2021-01-23 06:00:00,-4.070188130120002,1.0,6.123233995736766e-17,1.0,1.0,0.0,24.87718813012,20.807,27.908,alta_fd,,15.0,0.5,-5.226763,19.650425358513555,-5.305472,19.571716232994756
2021-01-23 07:00:00,-15.555059884769976,0.7109431530087529,-0.25881904510252063,0.9659258262890683,1.0,0.0,147.72805988476998,132.173,170.362,alta_fd,0.117687121308966,17.6,0.0,-14.2023735,133.5256863801313,-14.37209,133.35596954510933
2021-01-23 08:00:00,-13.70845098116996,0.4511276014004066,-0.4999999999999998,0.8660254037844387,1.0,0.0,337.98445098117,324.276,407.218,mixto,0.0422740226879878,21.0,0.0,-12.932043,325.0524079056085,-12.590827,325.3936239929498
2021-01-23 09:00:00,-23.73747265732993,0.2670748139407624,-0.7071067811865475,0.7071067811865476,1.0,0.0,520.5354726573299,496.798,656.526,baja_fd,0.047780934418677,24.0,0.0,-26.670198,493.8652742167782,-26.599022,493.93645074570884
2021-01-23 10:00:00,-5.205122774919914,0.1960883055579203,-0.8660254037844387,0.49999999999999994,1.0,0.0,665.0531227749199,659.848,869.132,baja_fd,0.0078883663736495,25.4,1.5,-4.949854,660.1032688778251,-4.8281975,660.2249252956718
2021-01-23 11:00:00,13.921535502607412,0.1588840902894395,-0.9659258262890682,0.258819045102521,1.0,0.0,753.3914644973926,767.313,1013.301,baja_fd,0.0181432290377035,27.2,2.8,13.924635,767.3160994308643,15.4122095,768.8036740081958
2021-01-23 12:00:00,32.87224499247998,0.0915653163643069,-1.0,1.2246467991473532e-16,1.0,0.0,793.40275500752,826.275,1087.912,baja_fd,0.0397836616047683,29.0,4.1,30.748049,824.1508037898686,31.381205,824.7839596126225
2021-01-23 13:00:00,44.68841709810749,0.1540650622893543,-0.9659258262890683,-0.2588190451025208,1.0,0.0,787.8135829018925,832.502,1078.799,baja_fd,0.0536796513379036,29.0,5.7,42.93984,830.7534213113163,43.58568,831.3992610024784
2021-01-23 14:00:00,36.43888244928007,0.1489959128964887,-0.8660254037844388,-0.4999999999999997,1.0,0.0,732.4551175507199,768.894,995.472,baja_fd,0.0473912950930558,30.0,5.1,36.45125,768.9063657196652,36.699436,769.1545537384641
2021-01-23 15:00:00,30.932921526067503,0.1703349078059628,-0.7071067811865479,-0.7071067811865471,1.0,0.0,633.8130784739325,664.746,838.233,baja_fd,0.0465334451445627,29.0,5.7,29.903973,663.7170510996649,31.292498,665.1055761088202
2021-01-23 16:00:00,16.094089222567504,0.2123898178566924,-0.5000000000000004,-0.8660254037844385,1.0,0.0,480.1179107774325,496.212,614.883,baja_fd,0.0324338976537599,28.8,4.6,17.291424,497.4093345750399,18.164848,498.2827591050692
2021-01-23 17:00:00,-1.7138367364924534,0.3274871407104295,-0.25881904510252063,-0.9659258262890683,1.0,0.0,292.50183673649246,290.788,360.711,mixto,0.0058937670622324,28.0,4.6,-3.155329,289.34650774746353,-1.9426188,290.55921788959915
2021-01-23 18:00:00,-12.302521867092509,0.5858899735797439,-1.8369701987210297e-16,-1.0,1.0,0.0,113.44552186709252,101.143,134.721,mixto,0.1216349314049663,26.0,4.6,-10.789371,102.65615133028832,-11.239839,102.20568326693383
2021-01-23 19:00:00,-3.8354197833124974,1.0,0.2588190451025203,-0.9659258262890684,1.0,0.0,13.827419783312498,9.992,16.085,alta_fd,,24.6,4.6,-4.168563,9.658856894213377,-4.304037,9.523382689196287
2021-01-24 06:00:00,-4.13166470613,1.0,6.123233995736766e-17,1.0,1.0,0.0,24.16866470613,20.037,27.006,alta_fd,,14.0,0.5,-5.138933,19.029731524367303,-5.0403123,19.12835241593835
2021-01-24 07:00:00,-14.819048663992504,0.7156401051225154,-0.25881904510252063,0.9659258262890683,1.0,0.0,145.8830486639925,131.064,168.189,alta_fd,0.1130672699138779,17.6,0.5,-13.64812,132.23492873753986,-13.918524,131.96452487554035
2021-01-24 08:00:00,-9.96547960231254,0.448969211142981,-0.4999999999999998,0.8660254037844387,1.0,0.0,336.7474796023125,326.782,405.645,mixto,0.0304958033254969,21.0,0.5,-10.253586,326.49389378688284,-9.816581,326.9308988299126
2021-01-24 09:00:00,-6.752949724092446,0.262873422063145,-0.7071067811865475,0.7071067811865476,1.0,0.0,522.6509497240925,515.898,656.329,baja_fd,0.0130896993671083,23.0,1.0,-7.8148303,514.8361194209003,-7.7746034,514.8763463572407
2021-01-24 10:00:00,10.18914281267007,0.1925595461244666,-0.8660254037844387,0.49999999999999994,1.0,0.0,663.85785718733,674.047,870.026,baja_fd,0.0151163684619471,26.0,2.6,8.280565,672.1384224491708,9.935112,673.7929691868417
2021-01-24 11:00:00,29.065177964270102,0.153538235223406,-0.9659258262890682,0.258819045102521,1.0,0.0,752.3288220357299,781.394,1016.034,baja_fd,0.0371965717221659,28.0,4.1,28.923258,781.2520798634887,29.819069,782.1478909444213
2021-01-24 12:00:00,26.30703679999988,0.1487054042672907,-1.0,1.2246467991473532e-16,1.0,0.0,795.4149632000001,821.722,1091.2,baja_fd,0.0320145216995527,29.0,3.6,26.463648,821.8786110424073,26.103071,821.5180344127687
2021-01-24 13:00:00,45.79972941674998,0.143993223152771,-0.9659258262890683,-0.2588190451025208,1.0,0.0,788.2702705832501,834.07,1085.63,baja_fd,0.0549111338577697,30.0,5.7,43.101112,831.3713829489727,43.72886,831.999129531004
2021-01-24 14:00:00,40.52181352810737,0.1458848135083079,-0.8660254037844388,-0.4999999999999997,1.0,0.0,734.0131864718926,774.535,997.951,baja_fd,0.0523176015649484,30.0,5.7,38.56529,772.5784750155938,38.936275,772.9494619540703
2021-01-24 15:00:00,28.81613862732001,0.1679209950695985,-0.7071067811865479,-0.7071067811865471,1.0,0.0,629.36586137268,658.182,840.236,baja_fd,0.0437814139969188,31.0,5.1,28.257904,657.6237654254144,29.684525,659.0503859088128
2021-01-24 16:00:00,19.42461956300002,0.2073608394832521,-0.5000000000000004,-0.8660254037844385,1.0,0.0,479.495380437,498.92,617.58,baja_fd,0.0389333351298805,30.0,5.7,19.637054,499.13243488035937,20.780817,500.27619746886035
2021-01-24 17:00:00,-0.1924227475324187,0.3223406703008873,-0.25881904510252063,-0.9659258262890683,1.0,0.0,292.02342274753244,291.831,361.703,mixto,0.0006593636300887,29.0,6.2,-0.9885568,291.03486594525964,-1.0231363,291.00028648940713
2021-01-24 18:00:00,-12.055173223732496,0.5855489272245037,-1.8369701987210297e-16,-1.0,1.0,0.0,112.2171732237325,100.162,133.793,mixto,0.1203567542953664,27.0,6.2,-10.720235,101.49693835282186,-11.383043,100.83412993454793
2021-01-24 19:00:00,-3.985076196929999,1.0,0.2588190451025203,-0.9659258262890684,1.0,0.0,13.79507619693,9.81,16.086,alta_fd,,25.2,10.3,-3.8521664,9.942909782669135,-4.5208545,9.274221723815986
2021-01-25 06:00:00,-4.122178245312501,1.0,6.123233995736766e-17,1.0,1.0,0.0,22.7111782453125,18.589,25.275,alta_fd,,13.0,0.0,-5.1544075,17.556770744091796,-4.4542313,18.25694698310547
2021-01-25 07:00:00,-14.283494124529994,0.7195675374491258,-0.25881904510252063,0.9659258262890683,1.0,0.0,144.01049412453,129.727,166.254,alta_fd,0.1101042506535262,18.0,1.0,-12.480824,131.52966965400998,-12.923516,131.08697785103146
2021-01-25 08:00:00,-9.916458862992556,0.4491856757332209,-0.4999999999999998,0.8660254037844387,1.0,0.0,334.1724588629925,324.256,404.139,mixto,0.0305821908090908,22.0,0.5,-10.649696,323.5227625128949,-9.848214,324.32424471351743
2021-01-25 09:00:00,-6.527651832132506,0.2604045355612065,-0.7071067811865475,0.7071067811865476,1.0,0.0,520.0276518321325,513.5,655.823,baja_fd,0.0127120775698782,24.0,1.0,-9.706746,510.3209057307531,-9.0991535,510.92849831345575
2021-01-25 10:00:00,-4.690868996632503,0.1880142489613847,-0.8660254037844387,0.49999999999999994,1.0,0.0,661.3948689966325,656.704,869.923,baja_fd,0.0071430492225302,26.8,1.5,-4.776648,656.6182209520463,-2.8949096,658.4999593763474
2021-01-25 11:00:00,18.827042968749996,0.1482056777370934,-0.9659258262890682,0.258819045102521,1.0,0.0,750.53795703125,769.365,1018.75,baja_fd,0.0244708856898221,29.0,3.1,18.190815,768.7287720031738,18.855152,769.393109161377
2021-01-25 12:00:00,32.8211260656675,0.1369437379513765,-1.0,1.2246467991473532e-16,1.0,0.0,794.8718739343325,827.693,1095.863,baja_fd,0.0396537436775078,29.9,4.1,31.07419,825.946064074103,31.381205,826.253078539435
2021-01-25 13:00:00,42.309371782067615,0.1304021952941535,-0.9659258262890683,-0.2588190451025208,1.0,0.0,788.7896282179324,831.099,1091.417,baja_fd,0.050907739970891,30.8,5.1,40.923054,829.7126819593875,40.71156,829.5011875135867
2021-01-25 14:00:00,44.03816061176758,0.1633954197482142,-0.8660254037844388,-0.4999999999999997,1.0,0.0,736.6568393882325,780.695,1007.693,baja_fd,0.0564089184787498,31.0,6.2,43.20964,779.8664798911622,42.512997,779.1698360618165
2021-01-25 15:00:00,32.71927608074998,0.1628369752779246,-0.7071067811865479,-0.7071067811865471,1.0,0.0,633.42072391925,666.14,844.19,baja_fd,0.0491177171176479,30.5,5.9,31.381659,664.8023824733272,32.733856,666.1545801204219
2021-01-25 16:00:00,19.48093939632008,0.2216590887021879,-0.5000000000000004,-0.8660254037844385,1.0,0.0,481.68406060368,501.165,620.664,baja_fd,0.0388713086435008,30.0,5.7,19.637054,501.32111504703937,18.3742,500.05826142460285
2021-01-25 17:00:00,0.0755888316074901,0.3589273813725236,-0.25881904510252063,-0.9659258262890683,1.0,0.0,293.1344111683925,293.21,363.149,mixto,0.0002577975908307,29.0,6.2,-0.9885568,292.1458543661197,-1.0231363,292.1112749102672
2021-01-25 18:00:00,-10.580283942192494,0.6499168580186957,-1.8369701987210297e-16,-1.0,1.0,0.0,113.7632839421925,103.183,135.669,mixto,0.1025390223408167,27.0,6.2,-10.720235,103.04304907128186,-11.338979,102.42430517479748
2021-01-25 19:00:00,-3.9638100413325006,1.0,0.2588190451025203,-0.9659258262890684,1.0,0.0,13.0088100413325,9.045,15.137,alta_fd,,24.7,4.1,-4.243955,8.764854905987042,-4.1632314,8.845578668499249
2021-01-26 06:00:00,-4.191453642692501,1.0,6.123233995736766e-17,1.0,1.0,0.0,21.8994536426925,17.708,24.369,alta_fd,,13.0,1.0,-4.141275,17.75817871364587,-3.9382977,17.961155894126826
2021-01-26 07:00:00,-13.00118743987997,0.7654308182481697,-0.25881904510252063,0.9659258262890683,1.0,0.0,144.28618743987997,131.285,166.444,alta_fd,0.099030258139772,17.8,1.0,-12.480824,131.80536296935995,-12.620639,131.6655485925289
2021-01-26 08:00:00,-7.178890245592527,0.4527461190784971,-0.4999999999999998,0.8660254037844387,1.0,0.0,332.35589024559255,325.177,401.821,mixto,0.0220768696605003,22.0,1.0,-7.655056,324.7008342458367,-7.316095,325.03979537025685
2021-01-26 09:00:00,4.525053751907535,0.258181470144434,-0.7071067811865475,0.7071067811865476,1.0,0.0,516.9489462480925,521.474,654.679,baja_fd,0.0086774292714642,25.0,2.1,2.664591,519.6135373220824,3.1424735,520.0914197073363
2021-01-26 10:00:00,19.74986856670739,0.2125754250787313,-0.8660254037844387,0.49999999999999994,1.0,0.0,660.1081314332926,679.858,871.591,baja_fd,0.029049990684389,27.6,3.6,19.34189,679.4500217683756,18.438414,678.5465450532877
2021-01-26 11:00:00,29.82002868492009,0.1462434108798374,-0.9659258262890682,0.258819045102521,1.0,0.0,750.79797131508,780.618,1019.724,baja_fd,0.038200539425071,29.1,4.1,28.96059,779.7585616776288,29.819069,780.6170402237714
2021-01-26 12:00:00,37.82022587826759,0.1449806759064166,-1.0,1.2246467991473532e-16,1.0,0.0,790.8457741217325,828.666,1094.193,baja_fd,0.0456398909551828,30.7,4.6,34.90678,825.7525543646524,35.842884,826.6886581854532
2021-01-26 13:00:00,42.20324995803014,0.1414553542486641,-0.9659258262890683,-0.2588190451025208,1.0,0.0,780.8917500419699,823.095,1087.022,baja_fd,0.0512738504765915,32.2,5.1,40.861343,821.753093425759,40.71156,821.6033093376242
2021-01-26 14:00:00,29.76695422710748,0.1462716235216743,-0.8660254037844388,-0.4999999999999997,1.0,0.0,724.0850457728925,753.852,998.551,baja_fd,0.0394864697939482,33.0,4.1,30.05502,754.1400651515546,30.037819,754.1228646815839
2021-01-26 15:00:00,25.718448740507483,0.1463721181650404,-0.7071067811865479,-0.7071067811865471,1.0,0.0,623.9025512594925,649.621,838.511,baja_fd,0.039589928189679,32.5,4.4,26.02898,649.9315315146195,25.750164,649.6527152914749
2021-01-26 16:00:00,16.750804064107456,0.2082205148739951,-0.5000000000000004,-0.8660254037844385,1.0,0.0,475.2611959358925,492.012,617.601,baja_fd,0.034045519345275,32.0,4.6,17.330124,492.5913198372597,18.856602,494.1177976509804
2021-01-26 17:00:00,0.2304008526874668,0.3376723973853319,-0.25881904510252063,-0.9659258262890683,1.0,0.0,287.9485991473125,288.179,358.005,mixto,0.0007995060455045,30.0,6.7,-0.9144822,287.03411697100864,-0.80798346,287.14061568927036
2021-01-26 18:00:00,-10.708491200000012,0.6341838484286776,-1.8369701987210297e-16,-1.0,1.0,0.0,108.0984912,97.39,128.8,mixto,0.1099547304651402,27.0,5.7,-11.020098,97.07839346745605,-11.248623,96.84986830571289
2021-01-26 19:00:00,-3.35462571277,1.0,0.2588190451025203,-0.9659258262890684,1.0,0.0,11.34762571277,7.993,13.238,alta_fd,,25.4,3.6,-3.885216,7.462409715074077,-3.9410203,7.406605462449566
2021-01-27 06:00:00,-4.1788341255925,1.0,6.123233995736766e-17,1.0,1.0,0.0,20.0838341255925,15.905,22.621,alta_fd,,16.2,0.7,-4.528625,15.555209114148408,-4.0657897,16.018044426038056
2021-01-27 07:00:00,-16.401120533249994,0.6456339759228897,-0.25881904510252063,0.9659258262890683,1.0,0.0,137.40312053325,121.002,158.73,mixto,0.1355442102878464,18.4,1.0,-12.480824,124.92229606272997,-12.963055,124.44006587626757
2021-01-27 08:00:00,-3.2516883333125293,0.4635680108096061,-0.4999999999999998,0.8660254037844387,1.0,0.0,330.28268833331254,327.031,397.435,mixto,0.0099430584052047,21.0,2.1,-3.4857523,326.79693598918107,-1.5995804,328.6831079261699
2021-01-27 09:00:00,12.92253575540758,0.2693052088448743,-0.7071067811865475,0.7071067811865476,1.0,0.0,514.9334642445924,527.856,648.779,baja_fd,0.0244811762211807,24.0,3.6,12.435017,527.3684808766725,12.829388,527.7628519093873
2021-01-27 10:00:00,19.22632477882996,0.1976566771342441,-0.8660254037844387,0.49999999999999994,1.0,0.0,660.82267522117,680.049,863.282,baja_fd,0.0282719697828097,25.5,3.6,16.372185,677.194859974588,18.518724,679.3413996626983
2021-01-27 11:00:00,23.10167621416747,0.2011668852193698,-0.9659258262890682,0.258819045102521,1.0,0.0,756.3183237858325,779.42,1016.813,baja_fd,0.0296395732906102,27.0,3.6,23.88878,780.2071043797046,20.488173,776.8064963169604
2021-01-27 12:00:00,25.77048721199992,0.1567749262564299,-1.0,1.2246467991473532e-16,1.0,0.0,796.2385127880001,822.009,1086.44,baja_fd,0.0313506144239295,28.0,3.6,26.33952,822.5780322887325,25.962423,822.200936112585
2021-01-27 13:00:00,36.23657954140754,0.1520999181575076,-0.9659258262890683,-0.2588190451025208,1.0,0.0,789.0354204585925,825.272,1079.579,baja_fd,0.0439086501679537,28.8,4.6,36.07142,825.1068392207995,36.620556,825.6559763362781
2021-01-27 14:00:00,32.19815382940749,0.1543159711124328,-0.8660254037844388,-0.4999999999999997,1.0,0.0,737.8458461705925,770.044,993.179,baja_fd,0.0418133948571867,28.0,4.6,33.079346,770.9251918737175,33.61862,771.4644679967644
2021-01-27 15:00:00,19.72642294251989,0.1361791140625218,-0.7071067811865479,-0.7071067811865471,1.0,0.0,629.9805770574801,649.707,832.484,baja_fd,0.0303620292570649,29.0,3.6,21.361565,651.3421416937106,21.029882,651.0104594885104
2021-01-27 16:00:00,11.06755798690756,0.1653354990691667,-0.5000000000000004,-0.8660254037844385,1.0,0.0,477.78944201309247,488.857,611.921,baja_fd,0.0226396635149083,28.9,3.1,11.562693,489.3521346553044,15.130176,492.9196176036076
2021-01-27 17:00:00,-2.0734120892499845,0.3329531341498238,-0.25881904510252063,-0.9659258262890683,1.0,0.0,290.78641208925,288.713,358.49,mixto,0.0071815681637126,28.0,4.1,-3.4350338,287.35137829103223,-1.8985825,288.8878296307539
2021-01-27 18:00:00,-12.425387093132484,0.5740599353467859,-1.8369701987210297e-16,-1.0,1.0,0.0,110.00238709313248,97.577,130.023,mixto,0.1273393022242176,25.0,4.6,-10.2518,99.75058750969743,-11.15793,98.84445671898698
2021-01-27 19:00:00,-3.975159729332498,1.0,0.2588190451025203,-0.9659258262890684,1.0,0.0,13.1181597293325,9.143,15.137,alta_fd,,22.6,5.1,-4.195093,8.923066574425274,-4.3652177,8.752942043633038
2021-01-28 06:00:00,-3.6731985051699976,1.0,6.123233995736766e-17,1.0,1.0,0.0,16.110198505169997,12.437,17.982,alta_fd,,14.0,3.1,-2.9707003,13.139498241192946,-3.0341513,13.07604718948091
2021-01-28 07:00:00,-3.3605885719699984,1.0,-0.25881904510252063,0.9659258262890683,1.0,0.0,47.13358857197,43.773,53.078,alta_fd,,15.2,2.6,-4.591625,42.541963358346955,-3.4729514,43.660637159769074
2021-01-28 08:00:00,-7.400950421279958,0.8226889618951804,-0.4999999999999998,0.8660254037844387,1.0,0.0,284.19795042128,276.797,333.704,alta_fd,0.0267378274377249,17.0,1.0,-8.68505,275.51290041059883,-9.463953,274.7339974030915
2021-01-28 09:00:00,-15.467177740369948,0.4398492926516819,-0.7071067811865475,0.7071067811865476,1.0,0.0,514.81717774037,499.35,636.542,mixto,0.0309746224899768,20.0,0.5,-14.35462,500.4625577605116,-13.208482,501.6086959517347
2021-01-28 10:00:00,3.6018016969675277,0.2110807401522415,-0.8660254037844387,0.49999999999999994,1.0,0.0,663.5961983030325,667.198,860.803,baja_fd,0.0053984000206348,24.0,2.1,2.3304076,665.9266059225088,1.8095844,665.4057826822286
2021-01-28 11:00:00,17.85284458602996,0.1586443604956002,-0.9659258262890682,0.258819045102521,1.0,0.0,753.84115541397,771.694,1010.178,baja_fd,0.0231346162935437,26.5,3.1,17.677574,771.5187295716848,18.284023,772.1251786988821
2021-01-28 12:00:00,32.18899741826999,0.1487467143997858,-1.0,1.2246467991473532e-16,1.0,0.0,795.33300258173,827.522,1091.066,baja_fd,0.038898056387951,29.0,4.1,31.045006,826.3780083800699,31.381205,826.7142071868326
2021-01-28 13:00:00,40.80081856456764,0.1471228792705988,-0.9659258262890683,-0.2588190451025208,1.0,0.0,792.4291814354324,833.23,1083.283,baja_fd,0.0489670541922009,28.5,5.1,40.453407,832.88258872303,40.71156,833.1407407310867
2021-01-28 14:00:00,42.893031648269925,0.1512057729317427,-0.8660254037844388,-0.4999999999999997,1.0,0.0,735.9389683517301,778.832,995.566,baja_fd,0.0550735353044943,29.0,6.2,41.90132,777.8402897628629,42.16303,778.1019970687711
2021-01-28 15:00:00,28.607633146879948,0.150883496712622,-0.7071067811865479,-0.7071067811865471,1.0,0.0,637.21536685312,665.823,839.008,baja_fd,0.0429658229692875,28.0,5.1,28.257904,665.4732709058544,29.651943,666.8673100599071
2021-01-28 16:00:00,19.001879222367563,0.2130350446046434,-0.5000000000000004,-0.8660254037844385,1.0,0.0,484.0651207776325,503.067,615.077,baja_fd,0.0377720646004758,27.0,5.7,18.86525,502.93037041142156,20.050165,504.1152859540241
2021-01-28 17:00:00,-1.0441101110325235,0.3310833944793678,-0.25881904510252063,-0.9659258262890683,1.0,0.0,292.1461101110325,291.102,358.653,mixto,0.003586750043052,27.0,5.1,-2.8172135,289.32889657572366,-1.3884352,290.75767486647226
2021-01-28 18:00:00,-12.214821200000015,0.5955056292825806,-1.8369701987210297e-16,-1.0,1.0,0.0,110.6488212,98.434,130.8,mixto,0.1240914846496131,25.0,3.1,-9.436544,101.21227678166504,-10.729754,99.91906675206299
2021-01-28 19:00:00,-3.97184704052,1.0,0.2588190451025203,-0.9659258262890684,1.0,0.0,12.22884704052,8.257,14.188,alta_fd,,24.0,2.6,-2.7103982,9.518448843345928,-3.4972887,8.731558336601543
2021-01-29 06:00:00,-4.1677097469325,1.0,6.123233995736766e-17,1.0,1.0,0.0,18.7297097469325,14.562,20.833,alta_fd,,13.0,0.0,-5.1544075,13.575302245711796,-4.4511395,14.278570296859257
2021-01-29 07:00:00,-15.44803973952,0.68219764194151,-0.25881904510252063,0.9659258262890683,1.0,0.0,134.56603973952,119.118,154.512,mixto,0.1296868629385986,17.0,1.0,-12.480824,122.08521526899997,-13.05286,121.51317947951023
2021-01-29 08:00:00,-5.331908712519976,0.4704595675484112,-0.4999999999999998,0.8660254037844387,1.0,0.0,328.46290871251995,323.131,393.412,mixto,0.016500765053554,20.0,1.5,-5.499883,322.9630255376237,-3.998,324.46490880598003
2021-01-29 09:00:00,-0.9792156847923934,0.2681480172613646,-0.7071067811865475,0.7071067811865476,1.0,0.0,517.8472156847924,516.868,646.659,baja_fd,0.0018945179132629,22.0,1.5,-3.15588,514.6913357104272,-2.3831995,515.4640162314386
2021-01-29 10:00:00,19.268390858679822,0.1961003122820548,-0.8660254037844387,0.49999999999999994,1.0,0.0,661.8826091413201,681.151,862.652,baja_fd,0.0282879873312669,25.0,3.6,16.295353,678.1779620771111,18.518724,680.4013335828485
2021-01-29 11:00:00,23.864869561470076,0.1556326875708542,-0.9659258262890682,0.258819045102521,1.0,0.0,752.7191304385299,776.584,1011.146,baja_fd,0.0307305707579219,27.0,3.6,23.825657,776.544787329399,24.721663,777.4407929598922
2021-01-29 12:00:00,36.47562971312016,0.1534701374261582,-1.0,1.2246467991473532e-16,1.0,0.0,796.2483702868799,832.724,1086.456,baja_fd,0.0438027842515889,28.0,4.6,34.604008,830.8523780078272,35.842884,832.0912543506006
2021-01-29 13:00:00,36.72234943480749,0.1503957521208038,-0.9659258262890683,-0.2588190451025208,1.0,0.0,787.8376505651925,824.56,1081.869,baja_fd,0.0445356910774321,29.5,4.6,35.999603,823.8372538366768,36.620556,824.458206442878
2021-01-29 14:00:00,18.865047507679947,0.1492393295805099,-0.8660254037844388,-0.4999999999999997,1.0,0.0,730.01595249232,748.881,997.048,baja_fd,0.0251909816214858,31.0,3.1,20.164122,750.1800741201276,20.706968,750.7229207998151
2021-01-29 15:00:00,20.499355972687567,0.146009110507996,-0.7071067811865479,-0.7071067811865471,1.0,0.0,625.4326440273124,645.932,838.645,baja_fd,0.031736089824761,32.0,3.6,21.406185,646.8388291774589,21.029882,646.4625264583427
2021-01-29 16:00:00,19.690384098767595,0.2243480691809744,-0.5000000000000004,-0.8660254037844385,1.0,0.0,475.4726159012324,495.163,618.507,baja_fd,0.0397654592503228,32.2,5.7,19.637054,495.1096703445918,18.3742,493.84681672215527
2021-01-29 17:00:00,-0.0092170879999571,0.3622779167038225,-0.25881904510252063,-0.9659258262890683,1.0,0.0,291.328217088,291.319,360.96,mixto,3.163915844815178e-05,29.1,5.9,-1.4692835,289.85893362642923,-1.3217149,290.0065022099177
2021-01-29 18:00:00,-11.782534369919986,0.5942547228539882,-1.8369701987210297e-16,-1.0,1.0,0.0,109.50953436992,97.727,129.968,mixto,0.1205658044339843,26.0,6.2,-10.439916,99.06961871287655,-11.260475,98.2490592112286
2021-01-29 19:00:00,-3.79068233652,1.0,0.2588190451025203,-0.9659258262890684,1.0,0.0,12.19468233652,8.404,14.188,alta_fd,,24.7,6.2,-4.0917845,8.102897859286113,-4.535748,7.65893433160667
2021-01-30 06:00:00,-4.296147913479999,1.0,6.123233995736766e-17,1.0,1.0,0.0,17.810147913479998,13.514,19.884,alta_fd,,14.0,1.0,-4.477241,13.332906874203875,-4.227985,13.582163008237078
2021-01-30 07:00:00,-15.32313653303251,0.6870174715292842,-0.25881904510252063,0.9659258262890683,1.0,0.0,132.5541365330325,117.231,152.403,mixto,0.1307089126001869,17.4,1.0,-12.480824,120.07331206251249,-13.05286,119.50127627302274
2021-01-30 08:00:00,-5.381264298932535,0.4707714158559017,-0.4999999999999998,0.8660254037844387,1.0,0.0,327.7742642989325,322.393,392.033,mixto,0.0166916288471912,19.7,1.5,-5.6916165,322.08264776374574,-4.126531,323.6477331748175
2021-01-30 09:00:00,4.221307401267495,0.2659171714922464,-0.7071067811865475,0.7071067811865476,1.0,0.0,516.8556925987325,521.077,645.607,baja_fd,0.0081011201823674,22.1,2.1,2.0175745,518.8732671474538,3.048804,519.904496643456
2021-01-30 10:00:00,10.105007671267572,0.1927178428974638,-0.8660254037844387,0.49999999999999994,1.0,0.0,663.7679923287325,673.873,862.807,baja_fd,0.014995418530298,24.4,2.6,8.136472,671.9044640770845,9.1312065,672.8991988411836
2021-01-30 11:00:00,23.48128992347017,0.1965831363539432,-0.9659258262890682,0.258819045102521,1.0,0.0,757.7397100765298,781.221,1019.054,baja_fd,0.0300571668240743,27.0,3.6,23.88878,781.6284906704019,21.47003,779.2097399074624
2021-01-30 12:00:00,26.147998379187584,0.1514713418599333,-1.0,1.2246467991473532e-16,1.0,0.0,797.7750016208124,823.923,1088.935,baja_fd,0.0317359733606023,28.0,3.6,26.52446,824.2994614596796,26.103071,823.878072833581
2021-01-30 13:00:00,45.18106806242986,0.1497579523444552,-0.9659258262890683,-0.2588190451025208,1.0,0.0,790.9589319375701,836.14,1081.498,baja_fd,0.0540352908154493,28.6,5.7,43.125813,834.0847444680877,43.676495,834.6354265359588
2021-01-30 14:00:00,38.4456790234799,0.1505364581079445,-0.8660254037844388,-0.4999999999999997,1.0,0.0,737.41232097652,775.858,996.812,baja_fd,0.0495524683943194,28.8,5.4,38.320984,775.7333048632388,38.47162,775.8839396288638
2021-01-30 15:00:00,29.04171674572001,0.1488512025227193,-0.7071067811865479,-0.7071067811865471,1.0,0.0,635.38628325428,664.428,840.596,baja_fd,0.0437093511196397,29.0,5.1,28.257904,663.6441873070144,29.651943,665.0382264610671
2021-01-30 16:00:00,19.34701561226996,0.2108453135014874,-0.5000000000000004,-0.8660254037844385,1.0,0.0,480.17998438773,499.527,615.266,baja_fd,0.038730670438775,28.9,5.7,19.598358,499.77834254202685,20.050165,500.2301495641216
2021-01-30 17:00:00,-0.0390529573199955,0.3278650987815067,-0.25881904510252063,-0.9659258262890683,1.0,0.0,290.75705295732,290.718,358.452,mixto,0.0001343327806327,28.0,6.2,-1.3412393,289.41581362416724,-1.2545197,289.502533256316
2021-01-30 18:00:00,-11.673657565632496,0.5991299507722065,-1.8369701987210297e-16,-1.0,1.0,0.0,109.1026575656325,97.429,129.477,mixto,0.1198170725926828,26.0,6.2,-10.439916,98.66274190858904,-11.260475,97.84218240694109
2021-01-30 19:00:00,-4.0423023499925,1.0,0.2588190451025203,-0.9659258262890684,1.0,0.0,12.2053023499925,8.163,14.189,alta_fd,,24.5,5.7,-4.256121,7.949181191392647,-4.4564967,7.748805634446846
2021-01-31 06:00:00,-4.102270432432498,1.0,6.123233995736766e-17,1.0,1.0,0.0,16.960270432432498,12.858,18.933,alta_fd,,14.0,0.5,-5.052172,11.90809824844202,-5.0240364,11.936234024961795
2021-01-31 07:00:00,-14.276546217170022,0.7566035183848577,-0.25881904510252063,0.9659258262890683,1.0,0.0,133.62054621717002,119.344,153.282,alta_fd,0.1196251694024837,16.8,0.0,-13.872046,119.74849974652793,-14.169407,119.45113932630088
2021-01-31 08:00:00,-9.963389932292444,0.4691369656220335,-0.4999999999999998,0.8660254037844387,1.0,0.0,325.88338993229246,315.92,390.159,mixto,0.0315376992032553,20.0,0.5,-10.253586,315.6298041168628,-9.816581,316.06680915989256
2021-01-31 09:00:00,-0.8501698151700339,0.2693101096398495,-0.7071067811865475,0.7071067811865476,1.0,0.0,515.18316981517,514.333,643.018,baja_fd,0.0016529559938211,22.0,1.5,-3.15588,512.0272898408048,-2.3831995,512.7999703618161
2021-01-31 10:00:00,15.352533386429968,0.1867198835799906,-0.8660254037844387,0.49999999999999994,1.0,0.0,662.9824666135701,678.335,863.402,baja_fd,0.0226326717424723,24.8,3.1,12.06415,675.0466164701375,14.443393,677.4258593671711
2021-01-31 11:00:00,11.450474166567574,0.1482873410973937,-0.9659258262890682,0.258819045102521,1.0,0.0,758.5845258334324,770.035,1014.883,baja_fd,0.0148700697586052,26.0,2.6,11.188866,769.7733914950535,12.547606,771.1321323016331
2021-01-31 12:00:00,41.59858682047991,0.1434494479666735,-1.0,1.2246467991473532e-16,1.0,0.0,800.5754131795201,842.174,1093.488,baja_fd,0.0493942900403953,28.0,5.1,39.082287,839.6577000142369,39.985207,840.560619783524
2021-01-31 13:00:00,3.1716619519999085,0.1396709644286844,-0.9659258262890683,-0.2588190451025208,1.0,0.0,789.811338048,792.983,1088.16,baja_fd,0.0039996594529768,30.0,2.1,6.313011,796.1243492174336,5.7160883,795.527426342983
2021-01-31 14:00:00,29.66280976067003,0.1442039745970046,-0.8660254037844388,-0.4999999999999997,1.0,0.0,732.3431902393299,762.006,1000.774,baja_fd,0.0389272653504959,31.0,4.1,30.05502,762.398209617992,30.037819,762.3810091480213
2021-01-31 15:00:00,27.03770472112012,0.1431564340433439,-0.7071067811865479,-0.7071067811865471,1.0,0.0,625.2352952788799,652.273,838.344,baja_fd,0.041451516038714,32.0,4.6,26.680685,651.9159803222149,27.508755,652.7440500091045
2021-01-31 16:00:00,16.85395194828004,0.2079420426453089,-0.5000000000000004,-0.8660254037844385,1.0,0.0,475.10404805172,491.958,616.172,baja_fd,0.0342589244372081,31.6,4.6,17.291424,492.3954718493274,18.164848,493.2688963793567
2021-01-31 17:00:00,-0.7469146202925003,0.3297464066088921,-0.25881904510252063,-0.9659258262890683,1.0,0.0,286.2489146202925,285.502,357.391,mixto,0.002616144966734,31.0,5.1,-2.2372532,284.0116614312056,-1.3884352,284.86047937573227
2021-01-31 18:00:00,-11.564149795312488,0.6017767731302129,-1.8369701987210297e-16,-1.0,1.0,0.0,106.09014979531248,94.526,128.075,mixto,0.1223382962921575,30.2,5.1,-10.629471,95.46067897011717,-11.372351,94.71779910256346
2021-01-31 19:00:00,-4.062255028,1.0,0.2588190451025203,-0.9659258262890684,1.0,0.0,11.217255028,7.155,13.24,alta_fd,,28.3,3.1,-3.6171606,7.600094469299439,-4.0818605,7.135394485702637
2021-02-01 06:00:00,-4.478964157000002,1.0,6.123233995736766e-17,1.0,0.8660254037844387,0.49999999999999994,16.293964157,11.815,17.98,alta_fd,,11.0,0.0,-5.1810055,11.112958679094728,-4.420787,11.87317729939502
2021-02-01 07:00:00,-15.345391619132542,0.7150084819477353,-0.25881904510252063,0.9659258262890683,0.8660254037844387,0.49999999999999994,128.91839161913254,113.573,146.377,alta_fd,0.1351147862531811,14.4,0.0,-12.756962,116.16142979662277,-13.54944,115.3689512352214
2021-02-01 08:00:00,-7.523421438892512,0.4998152063427045,-0.4999999999999998,0.8660254037844387,0.8660254037844387,0.49999999999999994,323.46742143889253,315.944,382.151,mixto,0.0238125156321769,17.0,1.0,-6.940136,316.527285483082,-7.0923247,316.3750967051584
2021-02-01 09:00:00,2.155800466830044,0.3789465717054486,-0.7071067811865475,0.7071067811865476,0.8660254037844387,0.49999999999999994,495.92519953317,498.081,611.118,mixto,0.0043282126136713,20.0,2.1,2.934726,498.8599255330021,3.2731278,499.1983273274357
2021-02-01 10:00:00,6.70189179480758,0.4441892905273616,-0.8660254037844387,0.49999999999999994,0.8660254037844387,0.49999999999999994,589.1071082051924,595.809,744.819,mixto,0.0112483896597862,21.8,3.1,8.503381,597.610488980644,7.7825427,596.8896509107283
2021-02-01 11:00:00,8.339701763470089,0.5644434506139265,-0.9659258262890682,0.258819045102521,0.8660254037844387,0.49999999999999994,650.23029823653,658.57,836.946,mixto,0.0126633490190413,23.0,3.6,14.189126,664.4194242512394,11.234282,661.464579776447
2021-02-01 12:00:00,21.610852893707488,0.5063693619246551,-1.0,1.2246467991473532e-16,0.8660254037844387,0.49999999999999994,667.5121471062926,689.123,871.009,mixto,0.031359935590174,25.0,5.7,26.45895,693.9710971490172,22.799196,690.3113433495787
2021-02-01 13:00:00,12.960815997807458,0.6217505902855688,-0.9659258262890683,-0.2588190451025208,0.8660254037844387,0.49999999999999994,626.4941840021926,639.455,807.381,mixto,0.0202685349208426,24.2,5.1,21.905806,648.3999895899611,14.025215,640.5193991511184
2021-02-01 14:00:00,21.05009275420741,0.4492325089812152,-0.8660254037844388,-0.4999999999999997,0.8660254037844387,0.49999999999999994,668.4329072457925,689.483,867.941,mixto,0.030530256372104,24.0,5.1,25.809029,694.2419358712808,19.270918,687.7038251382486
2021-02-01 15:00:00,16.892187867187545,0.3191825142887044,-0.7071067811865479,-0.7071067811865471,0.8660254037844387,0.49999999999999994,612.7958121328124,629.688,787.175,mixto,0.026826282011389,24.1,4.1,19.541409,632.3372206716308,17.359509,630.1553206472167
2021-02-01 16:00:00,9.331904765367485,0.2428003360987828,-0.5000000000000004,-0.8660254037844385,0.8660254037844387,0.49999999999999994,478.4910952346325,487.823,599.373,baja_fd,0.0191296941008674,24.2,3.1,8.850003,487.3410984771252,11.428081,489.91917579340935
2021-02-01 17:00:00,-0.3581335301299759,0.4395161908339792,-0.25881904510252063,-0.9659258262890683,0.8660254037844387,0.49999999999999994,285.56013353013,285.202,344.094,mixto,0.0012557188593697,23.0,6.2,-1.9094113,283.6507222189804,-1.5555236,284.00460989617306
2021-02-01 18:00:00,-10.26798891733,0.6635765750565205,-1.8369701987210297e-16,-1.0,0.8660254037844387,0.49999999999999994,104.13498891733,93.867,121.474,mixto,0.1093886980230539,22.0,3.6,-9.509719,94.62527002237151,-9.968182,94.16680730722258
2021-02-01 19:00:00,-3.829709931520001,1.0,0.2588190451025203,-0.9659258262890684,0.8660254037844387,0.49999999999999994,10.77970993152,6.95,12.288,alta_fd,,19.6,2.1,-3.0413823,7.738327618745341,-3.1968026,7.582907315400615
2021-02-02 06:00:00,-4.2227710732500015,1.0,6.123233995736766e-17,1.0,0.8660254037844387,0.49999999999999994,15.352771073250002,11.13,17.03,alta_fd,,12.4,0.7,-3.8763788,11.476392298607058,-3.5198567,11.832914381889529
2021-02-02 07:00:00,-13.561421503249989,0.7782138715069942,-0.25881904510252063,0.9659258262890683,0.8660254037844387,0.49999999999999994,129.75642150324998,116.195,146.53,alta_fd,0.1167126081436377,13.0,0.0,-12.332796,117.42362540644822,-12.815808,116.94061320704637
2021-02-02 08:00:00,-5.752576768769984,0.4901760931166121,-0.4999999999999998,0.8660254037844387,0.8660254037844387,0.49999999999999994,326.65457676877,320.902,382.838,mixto,0.0179262727211733,15.0,1.5,-5.166118,321.488458623781,-4.368824,322.2857527636431
2021-02-02 09:00:00,3.8832523507501264,0.2704987342836237,-0.7071067811865475,0.7071067811865476,0.8660254037844387,0.49999999999999994,521.1147476492499,524.998,639.11,baja_fd,0.0073966993221881,18.0,2.1,2.868698,523.9834455309485,3.5849106,524.6996582804297
2021-02-02 10:00:00,18.06930205232004,0.2196585823083374,-0.8660254037844387,0.49999999999999994,0.8660254037844387,0.49999999999999994,676.1626979476799,694.232,860.136,baja_fd,0.0260277573668745,19.6,3.6,15.410569,691.5732671386589,15.458152,691.6208497650017
2021-02-02 11:00:00,-9.937797456520116,0.1660113999662052,-0.9659258262890682,0.258819045102521,0.8660254037844387,0.49999999999999994,767.0017974565201,757.064,1006.388,baja_fd,0.013126760031543,22.0,1.5,-7.7424946,759.2593028733902,-6.5187387,760.483058709877
2021-02-02 12:00:00,-13.19804067231246,0.1757035078860507,-1.0,1.2246467991473532e-16,0.8660254037844387,0.49999999999999994,809.0930406723124,795.895,1077.245,baja_fd,0.0165826405145307,23.0,1.5,-10.096582,798.9964582595927,-10.495533,798.5975076828105
2021-02-02 13:00:00,40.60585065363,0.2705335770294033,-0.9659258262890683,-0.2588190451025208,0.8660254037844387,0.49999999999999994,775.96514934637,816.571,1033.258,baja_fd,0.0497272749750236,24.4,6.2,41.809944,817.7750934992021,37.50145,813.466598931331
2021-02-02 14:00:00,23.405840661207435,0.463303990651923,-0.8660254037844388,-0.4999999999999997,0.8660254037844387,0.49999999999999994,671.4411593387925,694.847,871.059,mixto,0.0336848840985244,23.7,5.6,27.526716,698.9678755710923,21.445127,692.8862868259752
2021-02-02 15:00:00,8.132810455229958,0.5907227819006874,-0.7071067811865479,-0.7071067811865471,0.8660254037844387,0.49999999999999994,497.63718954477,505.77,622.038,mixto,0.0160800570520789,23.0,5.1,18.313726,515.950915969941,8.373904,506.0110937729805
2021-02-02 16:00:00,-1.4640034875199603,0.8113139433182216,-0.5000000000000004,-0.8660254037844385,0.8660254037844387,0.49999999999999994,282.36200348752,280.898,338.888,alta_fd,0.0052118686766013,22.2,6.2,1.5828123,283.9448157967851,-3.8566582,278.50534526722885
2021-02-02 17:00:00,-2.50444713809253,0.6528848369047031,-0.25881904510252063,-0.9659258262890683,0.8660254037844387,0.49999999999999994,238.9254471380925,236.421,283.321,mixto,0.010593167011782,21.0,5.1,-4.90287,234.02257695986984,-7.278698,231.6467491705632
2021-02-02 18:00:00,-7.461030537479999,0.7866333057899988,-1.8369701987210297e-16,-1.0,0.8660254037844387,0.49999999999999994,102.42503053748,94.964,118.484,alta_fd,0.0785669362861715,20.0,6.2,-9.614519,92.8105114182173,-8.93123,93.49380094611037
2021-02-02 19:00:00,-4.163314857492501,1.0,0.2588190451025203,-0.9659258262890684,0.8660254037844387,0.49999999999999994,10.8313148574925,6.668,12.289,alta_fd,,18.4,2.6,-3.3031616,7.528153236398749,-3.5454981,7.285816724786811
2021-02-03 06:00:00,-4.43354839717,1.0,6.123233995736766e-17,1.0,0.8660254037844387,0.49999999999999994,14.63254839717,10.199,16.082,alta_fd,,10.0,1.0,-3.8946526,10.737895792113237,-3.615475,11.017073457823686
2021-02-03 07:00:00,-13.371334561170002,0.7843147642168011,-0.25881904510252063,0.9659258262890683,0.8660254037844387,0.49999999999999994,128.01833456117,114.647,144.418,alta_fd,0.1166304793075266,12.8,0.0,-12.332796,115.68553846436825,-12.815808,115.2025262649664
2021-02-03 08:00:00,-10.092758266880026,0.4885987045700839,-0.4999999999999998,0.8660254037844387,0.8660254037844387,0.49999999999999994,324.68275826688,314.59,381.056,mixto,0.0320822602971487,15.4,0.5,-9.516349,315.16640942807385,-9.536203,315.1465548824806
2021-02-03 09:00:00,-6.31841576373256,0.2716076641082195,-0.7071067811865475,0.7071067811865476,0.8660254037844387,0.49999999999999994,520.4404157637325,514.122,638.207,baja_fd,0.0122897206572225,18.0,1.0,-6.6920886,513.7483271597591,-6.7937384,513.6466773985592
2021-02-03 10:00:00,3.370812710187579,0.21935256925454,-0.8660254037844387,0.49999999999999994,0.8660254037844387,0.49999999999999994,671.3491872898124,674.72,858.305,baja_fd,0.0049958689681461,20.8,2.1,2.9397638,674.288951074221,2.8825371,674.2317244163536
2021-02-03 11:00:00,28.0858294763201,0.1619413596752442,-0.9659258262890682,0.258819045102521,0.8660254037844387,0.49999999999999994,760.69117052368,788.777,1007.336,baja_fd,0.0356068058225836,24.0,4.1,25.465702,786.1568725805647,28.416197,789.1073673468001
2021-02-03 12:00:00,-11.911481347569977,0.1479068448180521,-1.0,1.2246467991473532e-16,0.8660254037844387,0.49999999999999994,804.43448134757,792.523,1087.598,baja_fd,0.0150298241786925,26.0,1.5,-7.951977,796.482504571447,-9.215294,795.2191874632927
2021-02-03 13:00:00,57.41346226918768,0.1338221515885928,-0.9659258262890683,-0.2588190451025208,0.8660254037844387,0.49999999999999994,797.7845377308123,855.198,1087.735,baja_fd,0.0671347012846003,27.8,7.7,52.221523,850.0060610157244,52.50572,850.2902559620135
2021-02-03 14:00:00,43.42530864168759,0.1665378753499676,-0.8660254037844388,-0.4999999999999997,0.8660254037844387,0.49999999999999994,744.9926913583124,788.418,1004.435,baja_fd,0.0550790426419584,28.0,6.2,43.274654,788.2673457467401,43.147514,788.1402057015741
2021-02-03 15:00:00,28.46051085363001,0.1908103717399352,-0.7071067811865479,-0.7071067811865471,0.8660254037844387,0.49999999999999994,638.44248914637,666.903,840.842,baja_fd,0.0426756377668566,28.0,5.1,29.1021,667.5445895186845,29.83525,668.2777400008622
2021-02-03 16:00:00,14.509339219187495,0.2309052517872737,-0.5000000000000004,-0.8660254037844385,0.8660254037844387,0.49999999999999994,480.4856607808125,494.995,611.865,baja_fd,0.0293120924841412,27.6,4.1,15.71914,496.2048008336079,15.448819,495.93447994127393
2021-02-03 17:00:00,-0.2058298391699509,0.3436746740633057,-0.25881904510252063,-0.9659258262890683,0.8660254037844387,0.49999999999999994,287.65682983917,287.451,351.318,mixto,0.0007160519155263,26.0,6.2,-1.1010758,286.5557540706992,0.20052361,287.8573534540534
2021-02-03 18:00:00,-10.790161773000008,0.627565290080437,-1.8369701987210297e-16,-1.0,0.8660254037844387,0.49999999999999994,104.292161773,93.502,122.66,mixto,0.1154003312549465,24.0,7.7,-9.240677,95.05148489311719,-9.457308,94.83485395744825
2021-02-03 19:00:00,-4.003897771520001,1.0,0.2588190451025203,-0.9659258262890684,0.8660254037844387,0.49999999999999994,10.65289777152,6.649,12.288,alta_fd,,22.6,5.1,-4.3380623,6.314835485143046,-3.889396,6.763501819295268
2021-02-04 06:00:00,-4.399226317169999,1.0,6.123233995736766e-17,1.0,0.8660254037844387,0.49999999999999994,14.57722631717,10.178,16.082,alta_fd,,11.0,0.0,-5.1810055,9.396220839264727,-4.420787,10.15643945956502
2021-02-04 07:00:00,-13.195341707812505,0.789556929079403,-0.25881904510252063,0.9659258262890683,0.8660254037844387,0.49999999999999994,125.8143417078125,112.619,142.225,alta_fd,0.1171679885970618,13.4,0.0,-12.669132,113.14520947514649,-13.105821,112.70852105198975
2021-02-04 08:00:00,-13.17249235139252,0.493569410459019,-0.4999999999999998,0.8660254037844387,0.8660254037844387,0.49999999999999994,319.9824923513925,306.81,378.149,mixto,0.0429337125627995,17.2,0.0,-11.699603,308.282889270643,-12.25873,307.72376241670014
2021-02-04 09:00:00,-21.772961423792538,0.2738108056372118,-0.7071067811865475,0.7071067811865476,0.8660254037844387,0.49999999999999994,511.2999614237925,489.527,634.741,baja_fd,0.0444775496015389,21.0,0.0,-21.549095,489.75086626998393,-23.279913,488.0200484751841
2021-02-04 10:00:00,-13.64469094749245,0.1953665946992613,-0.8660254037844387,0.49999999999999994,0.8660254037844387,0.49999999999999994,657.0586909474924,643.414,854.639,baja_fd,0.0212067050880031,24.8,1.0,-13.728859,643.3298319997385,-12.903591,644.1550997914866
2021-02-04 11:00:00,18.144068421119982,0.1825691734221356,-0.9659258262890682,0.258819045102521,0.8660254037844387,0.49999999999999994,754.11593157888,772.26,1013.344,baja_fd,0.0234947665567554,27.0,3.1,16.99061,771.1065417015607,16.939299,771.0552302086408
2021-02-04 12:00:00,41.73732017816758,0.1481324586018395,-1.0,1.2246467991473532e-16,0.8660254037844387,0.49999999999999994,793.4486798218325,835.186,1087.987,baja_fd,0.0499736827223727,29.0,5.1,38.54016,831.988840954645,39.607147,833.0558270386293
2021-02-04 13:00:00,41.98499736126746,0.1341324154043156,-0.9659258262890683,-0.2588190451025208,0.8660254037844387,0.49999999999999994,792.9710026387326,834.956,1087.207,baja_fd,0.0502840836658068,29.0,5.1,40.84516,833.8161640767208,41.206863,834.1778660420529
2021-02-04 14:00:00,37.11495693708002,0.1446380371517589,-0.8660254037844388,-0.4999999999999997,0.8660254037844387,0.49999999999999994,737.52004306292,774.635,998.068,baja_fd,0.0479128324140789,29.0,5.1,37.16642,774.6864630458301,37.4658,774.9858443019336
2021-02-04 15:00:00,22.08270089530754,0.1709817941292103,-0.7071067811865479,-0.7071067811865471,0.8660254037844387,0.49999999999999994,650.1512991046925,672.234,836.831,baja_fd,0.0328497233036525,23.0,4.1,20.937115,671.0884138202687,24.081413,674.2327123737355
2021-02-04 16:00:00,17.60407326210742,0.2196029513632226,-0.5000000000000004,-0.8660254037844385,0.8660254037844387,0.49999999999999994,480.23592673789256,497.84,610.351,baja_fd,0.0353609056365648,27.2,5.1,19.071299,499.3072253371357,18.420507,498.65643416892283
2021-02-04 17:00:00,-0.2926738092499477,0.3462664044480488,-0.25881904510252063,-0.9659258262890683,0.8660254037844387,0.49999999999999994,287.46767380925,287.175,349.69,mixto,0.001019147938539,25.1,6.2,-1.6077484,285.85992542000594,0.20963788,287.67731168957533
2021-02-04 18:00:00,-11.190288020479985,0.6308490971862136,-1.8369701987210297e-16,-1.0,0.8660254037844387,0.49999999999999994,103.47328802047998,92.283,121.184,mixto,0.1212605574209765,23.0,3.1,-9.164593,94.30869527756006,-9.70969,93.76359792648584
2021-02-04 19:00:00,-4.129900465492499,1.0,0.2588190451025203,-0.9659258262890684,0.8660254037844387,0.49999999999999994,10.6749004654925,6.545,12.289,alta_fd,,22.1,4.1,-4.4405828,6.234317713264717,-3.9172592,6.757641249183907
2021-02-05 07:00:00,-3.219369172999997,1.0,-0.25881904510252063,0.9659258262890683,0.8660254037844387,0.49999999999999994,40.562369173,37.343,45.46,alta_fd,,14.2,1.0,-5.4468822,35.115486925075196,-4.2798123,36.28255683703198
2021-02-05 08:00:00,-5.152113095680008,1.0,-0.4999999999999998,0.8660254037844387,0.8660254037844387,0.49999999999999994,98.73011309568,93.578,111.936,alta_fd,0.0550568840505247,15.1,1.9,-7.2837315,91.44638163510871,-6.318871,92.41124207440924
2021-02-05 09:00:00,-7.196057829232501,0.9970304925985994,-0.7071067811865475,0.7071067811865476,0.8660254037844387,0.49999999999999994,156.9150578292325,149.719,179.957,alta_fd,0.0480637583021026,15.9,2.7,-6.075305,150.8397528441861,-6.919458,149.99559991678743
2021-02-05 10:00:00,-8.582970132479971,0.9882595783281456,-0.8660254037844387,0.49999999999999994,0.8660254037844387,0.49999999999999994,204.64797013248,196.065,237.216,alta_fd,0.0437761463416722,16.8,3.6,-7.430049,197.21792118991408,-7.6549325,196.9930376335481
2021-02-05 11:00:00,-9.183856735880028,0.9852520015934024,-0.9659258262890682,0.258819045102521,0.8660254037844387,0.49999999999999994,237.88185673588004,228.698,278.156,alta_fd,0.0401571362053014,17.7,4.5,-6.492802,231.3890545927831,-6.7861447,231.09571200245108
2021-02-05 12:00:00,-9.145863439250007,0.9820133573982196,-1.0,1.2246467991473532e-16,0.8660254037844387,0.49999999999999994,254.61586343925,245.47,299.49,alta_fd,0.0372585792123274,18.5,5.3,-5.271781,249.3440824715376,-5.953152,248.662711259532
2021-02-05 13:00:00,-8.587099059730008,0.9814834581360218,-0.9659258262890683,-0.2588190451025208,0.8660254037844387,0.49999999999999994,252.85409905973,244.267,298.466,alta_fd,0.0351545606231296,19.4,6.2,-5.454305,247.39979388776345,-5.469354,247.38474490705056
2021-02-05 14:00:00,-2.604807612312527,0.948409167322758,-0.8660254037844388,-0.4999999999999997,0.8660254037844387,0.49999999999999994,374.8788076123125,372.274,452.445,alta_fd,0.0069970172838085,20.0,7.7,6.677608,381.5564156254656,2.3827865,377.2615941246874
2021-02-05 15:00:00,6.845610282807456,0.7121458263126204,-0.7071067811865479,-0.7071067811865471,0.8660254037844387,0.49999999999999994,423.4433897171925,430.289,517.581,alta_fd,0.015909331362892,21.0,9.3,13.02592,436.4693096314381,6.4431677,429.8865574036549
2021-02-05 16:00:00,1.2610577701875627,0.6907023624203101,-0.5000000000000004,-0.8660254037844385,0.8660254037844387,0.49999999999999994,369.7949422298124,371.056,447.905,mixto,0.0033985645567988,21.0,4.1,5.719699,375.51464113575724,0.08478323,369.8797254635146
2021-02-05 17:00:00,-3.4334966459199734,0.7847647626521798,-0.25881904510252063,-0.9659258262890683,0.8660254037844387,0.49999999999999994,234.46049664592,231.027,277.832,alta_fd,0.0148618847403981,21.0,3.4,-5.868852,228.5916445074007,-7.799666,226.66083071803303
2021-02-05 18:00:00,-7.321743335880001,0.7969835895258383,-1.8369701987210297e-16,-1.0,0.8660254037844387,0.49999999999999994,89.76174333588,82.44,103.644,alta_fd,0.0888129953406113,20.0,2.6,-8.202987,81.55875661865588,-8.570267,81.19147661224719
2021-02-05 19:00:00,-3.5623051561300016,1.0,0.2588190451025203,-0.9659258262890684,0.8660254037844387,0.49999999999999994,9.12030515613,5.558,10.394,alta_fd,,19.6,2.1,-3.0413823,6.0789228433553415,-3.1968026,5.923502540010615
2021-02-06 07:00:00,-3.2019148614924973,1.0,-0.25881904510252063,0.9659258262890683,0.8660254037844387,0.49999999999999994,39.4139148614925,36.212,44.511,alta_fd,,16.2,1.0,-5.5357127,33.87820214252888,-4.2798123,35.13410252552448
2021-02-06 08:00:00,-6.574039254530021,0.9691169458413966,-0.4999999999999998,0.8660254037844387,0.8660254037844387,0.49999999999999994,156.30603925453002,149.732,180.554,alta_fd,0.0439053726292978,17.7,0.7,-10.038892,146.26714746223266,-8.761178,147.54486123786742
2021-02-06 09:00:00,-13.494399430279998,0.821431778975686,-0.7071067811865475,0.7071067811865476,0.8660254037844387,0.49999999999999994,329.51539943028,316.021,393.204,alta_fd,0.0427009579435543,19.1,0.3,-11.352636,318.16276309299974,-11.4892645,318.0261349420598
2021-02-06 10:00:00,-30.452494025569933,0.6591376162210347,-0.8660254037844387,0.49999999999999994,0.8660254037844387,0.49999999999999994,508.4484940255699,477.996,629.702,mixto,0.0637086796240343,20.6,0.0,-25.277212,483.1712818826256,-22.438335,486.01015860686874
2021-02-06 11:00:00,-2.5100862238923582,0.4239636484577173,-0.9659258262890682,0.258819045102521,0.8660254037844387,0.49999999999999994,711.1190862238924,708.609,926.849,mixto,0.0035422725704759,23.0,2.1,2.5482538,713.6673399985353,1.0380919,712.1571781218569
2021-02-06 12:00:00,-73.63698589531236,0.2756499279353267,-1.0,1.2246467991473532e-16,0.8660254037844387,0.49999999999999994,805.6589858953124,732.022,1077.675,baja_fd,0.1005939519513243,24.0,0.0,-59.902733,745.7562530461913,-61.463234,744.1957519475585
2021-02-06 13:00:00,30.88079004675012,0.147051890230478,-0.9659258262890683,-0.2588190451025208,0.8660254037844387,0.49999999999999994,805.6852099532499,836.566,1080.07,baja_fd,0.0369137522284555,24.4,4.1,29.566679,835.2518889541044,31.194174,836.8793837661161
2021-02-06 14:00:00,17.887343645630153,0.147626248816824,-0.8660254037844388,-0.4999999999999997,0.8660254037844387,0.49999999999999994,749.4286563543699,767.316,995.242,baja_fd,0.0233115739090937,25.0,3.1,18.955679,768.3843352941892,20.201675,769.6303317694089
2021-02-06 15:00:00,27.999160864367585,0.1709141888146945,-0.7071067811865479,-0.7071067811865471,0.8660254037844387,0.49999999999999994,642.9938391356325,670.993,834.773,baja_fd,0.0417279477794367,25.0,5.1,25.260984,668.2548235564088,29.668417,672.6622561125612
2021-02-06 16:00:00,19.937964771687405,0.2183561504050039,-0.5000000000000004,-0.8660254037844385,0.8660254037844387,0.49999999999999994,482.2790352283126,502.217,607.965,baja_fd,0.0396999001859503,25.4,6.2,17.746635,500.0256706653243,18.901293,501.1803280292159
2021-02-06 17:00:00,-0.7619903474924286,0.3477568991953119,-0.25881904510252063,-0.9659258262890683,0.8660254037844387,0.49999999999999994,287.01599034749245,286.254,347.439,mixto,0.0026619378156896,24.0,5.7,-2.2563224,284.75966796361183,-0.030046597,286.9859437503693
2021-02-06 18:00:00,-10.973743571632497,0.6391958553726429,-1.8369701987210297e-16,-1.0,0.8660254037844387,0.49999999999999994,101.2237435716325,90.25,118.027,mixto,0.1215927265554847,22.0,3.1,-9.164593,92.05915082871257,-9.640868,91.58287538468181
2021-02-06 19:00:00,-3.84996360837,1.0,0.2588190451025203,-0.9659258262890684,0.8660254037844387,0.49999999999999994,9.91196360837,6.062,11.342,alta_fd,,20.6,3.1,-3.736662,6.175301697359258,-3.5031767,6.408786919222051
2021-02-07 06:00:00,-4.845324020930001,1.0,6.123233995736766e-17,1.0,0.8660254037844387,0.49999999999999994,12.91032402093,8.065,14.186,alta_fd,,10.0,0.0,-5.2398114,7.670512600489326,-4.4446945,8.465629501887031
2021-02-07 07:00:00,-14.283139266119974,0.7497371641997782,-0.25881904510252063,0.9659258262890683,0.8660254037844387,0.49999999999999994,118.05613926611996,103.773,133.892,alta_fd,0.137638299616663,14.5,0.0,-12.469153,105.58698586188412,-13.266823,104.78931645117855
2021-02-07 08:00:00,-7.520756116632526,0.5021212334157413,-0.4999999999999998,0.8660254037844387,0.8660254037844387,0.49999999999999994,314.2497561166325,306.729,370.723,mixto,0.0245192209299822,17.0,1.0,-7.017405,307.23235108352094,-7.0923247,307.1574313828984
2021-02-07 09:00:00,-5.732552267432482,0.276500507924139,-0.7071067811865475,0.7071067811865476,0.8660254037844387,0.49999999999999994,509.9195522674325,504.187,629.933,baja_fd,0.0113698930504604,20.0,1.0,-6.586969,503.3325833686593,-7.029441,502.8901113876107
2021-02-07 10:00:00,10.29569975551999,0.1932336646756866,-0.8660254037844387,0.49999999999999994,0.8660254037844387,0.49999999999999994,661.37830024448,671.674,853.216,baja_fd,0.0153284178865342,23.0,2.6,8.560906,669.9392066546973,9.645534,671.0238338061865
2021-02-07 11:00:00,17.5449159123674,0.1798527046156563,-0.9659258262890682,0.258819045102521,0.8660254037844387,0.49999999999999994,763.0100840876325,780.555,1010.923,baja_fd,0.0224774883414588,24.0,3.1,15.433221,778.4433049509748,15.802176,778.8122605631575
2021-02-07 12:00:00,11.97084305266742,0.1372650803356744,-1.0,1.2246467991473532e-16,0.8660254037844387,0.49999999999999994,804.7551569473326,816.726,1088.113,baja_fd,0.0146571102826007,26.0,2.6,12.24366,816.9988169204771,12.421037,817.1761936676085
2021-02-07 13:00:00,12.279958523807636,0.1422052588671319,-0.9659258262890683,-0.2588190451025208,0.8660254037844387,0.49999999999999994,794.5350414761924,806.815,1082.469,baja_fd,0.0152202903067092,27.8,2.6,16.151176,810.6862179288291,15.187275,809.7223164090537
2021-02-07 14:00:00,43.30575372208011,0.1469892069651676,-0.8660254037844388,-0.4999999999999997,0.8660254037844387,0.49999999999999994,738.7292462779199,782.035,994.568,baja_fd,0.0553757232375534,28.0,6.2,42.63718,781.366426606289,42.867405,781.596651215664
2021-02-07 15:00:00,23.141630962030035,0.1712163178197429,-0.7071067811865479,-0.7071067811865471,0.8660254037844387,0.49999999999999994,634.51636903797,657.658,834.978,baja_fd,0.0351879410910078,28.0,4.1,24.946962,659.4633313945374,25.491697,660.0080663493713
2021-02-07 16:00:00,20.32226281931997,0.217403200936521,-0.5000000000000004,-0.8660254037844385,0.8660254037844387,0.49999999999999994,475.76873718068,496.091,607.636,baja_fd,0.0409647883539914,28.4,6.2,20.780296,496.54903350636357,19.626434,495.39517150685185
2021-02-07 17:00:00,0.303147067870043,0.3470795467750308,-0.25881904510252063,-0.9659258262890683,0.8660254037844387,0.49999999999999994,282.61685293213,282.92,346.394,mixto,0.0010714939483601,27.0,7.2,-0.36528912,282.25156381026375,0.85154086,283.4683937956439
2021-02-07 18:00:00,-10.84695986413,0.6413675339450273,-1.8369701987210297e-16,-1.0,0.8660254037844387,0.49999999999999994,98.89295986413,88.046,116.694,mixto,0.1231965093715784,25.0,3.1,-8.727731,90.16522911309241,-9.789714,89.1032460045719
2021-02-07 19:00:00,-3.535601577312498,1.0,0.2588190451025203,-0.9659258262890684,0.8660254037844387,0.49999999999999994,8.999601577312498,5.464,10.395,alta_fd,,23.0,5.1,-4.3380623,4.661539290935545,-3.889396,5.110205625087767
2021-02-08 06:00:00,-4.507477966832499,1.0,6.123233995736766e-17,1.0,0.8660254037844387,0.49999999999999994,12.0024779668325,7.495,13.237,alta_fd,,11.0,0.0,-5.1810055,6.821472488927226,-4.420787,7.581691109227519
2021-02-08 07:00:00,-12.485962661919984,0.8079405096893258,-0.25881904510252063,0.9659258262890683,0.8660254037844387,0.49999999999999994,116.84296266191998,104.357,132.968,alta_fd,0.1196466232444396,15.4,0.0,-12.557984,104.28497830980817,-13.266823,103.57613984697858
2021-02-08 08:00:00,-12.791411388632524,0.503097923469575,-0.4999999999999998,0.8660254037844387,0.8660254037844387,0.49999999999999994,310.4174113886325,297.626,369.123,mixto,0.0429781382964946,19.0,0.0,-11.407949,299.00946194100067,-11.676505,298.74090629982635
2021-02-08 09:00:00,-0.2504442688324957,0.2758103616547191,-0.7071067811865475,0.7071067811865476,0.8660254037844387,0.49999999999999994,505.20344426883247,504.953,629.413,baja_fd,0.0004959754053,22.0,1.5,-2.0079045,503.19553973926094,-1.9171618,503.28628244651344
2021-02-08 10:00:00,25.917507980750088,0.1926449351386722,-0.8660254037844387,0.49999999999999994,0.8660254037844387,0.49999999999999994,660.39749201925,686.315,852.21,baja_fd,0.0377632835953608,23.1,4.6,22.862024,683.259516326501,26.349308,686.746800033166
2021-02-08 11:00:00,-9.168483274692449,0.1779096626550136,-0.9659258262890682,0.258819045102521,0.8660254037844387,0.49999999999999994,760.1724832746925,751.004,1011.919,baja_fd,0.0122083015199552,25.0,1.5,-7.211848,752.9606354925575,-6.0704956,754.1019876692237
2021-02-08 12:00:00,19.92228528402984,0.1455896255759537,-1.0,1.2246467991473532e-16,0.8660254037844387,0.49999999999999994,799.9647147159701,819.887,1086.422,baja_fd,0.024298818354273,27.0,3.1,18.637459,818.6021735172396,19.460938,819.4256522159701
2021-02-08 13:00:00,32.84708408580764,0.1324442380405162,-0.9659258262890683,-0.2588190451025208,0.8660254037844387,0.49999999999999994,793.9649159141924,826.812,1085.781,baja_fd,0.0397273915785059,28.5,4.1,32.722576,826.6874920555498,32.414623,826.3795391746904
2021-02-08 14:00:00,24.71234416730749,0.1665461084075964,-0.8660254037844388,-0.4999999999999997,0.8660254037844387,0.49999999999999994,736.3236558326925,761.036,1001.631,baja_fd,0.0324719778923828,30.0,3.6,27.529827,763.8534829506124,26.22888,762.5525357612813
2021-02-08 15:00:00,16.1556292719074,0.1707252211595495,-0.7071067811865479,-0.7071067811865471,0.8660254037844387,0.49999999999999994,627.6723707280926,643.828,833.321,baja_fd,0.0250930827362391,30.0,3.1,17.479897,645.1522672735027,18.334757,646.0071275792889
2021-02-08 16:00:00,10.868611666687514,0.2347483818020513,-0.5000000000000004,-0.8660254037844385,0.8660254037844387,0.49999999999999994,473.5543883333125,484.423,608.635,baja_fd,0.0224362007309469,29.8,3.1,12.5671625,486.1215508470454,12.164828,485.71921663378856
2021-02-08 17:00:00,-0.0076461563700149,0.403205603906389,-0.25881904510252063,-0.9659258262890683,0.8660254037844387,0.49999999999999994,279.42164615637,279.414,345.342,mixto,2.736497229922258e-05,29.0,6.2,-0.58080304,278.84084311968024,-1.2871433,278.1345028067225
2021-02-08 18:00:00,-9.48368178925,0.6992524604104889,-1.8369701987210297e-16,-1.0,0.8660254037844387,0.49999999999999994,97.52368178925,88.04,116.01,mixto,0.1077201475380508,27.0,4.1,-10.726829,86.79685321411573,-10.367967,87.1557151373335
2021-02-08 19:00:00,-3.5256794281299992,1.0,0.2588190451025203,-0.9659258262890684,0.8660254037844387,0.49999999999999994,8.94867942813,5.423,10.394,alta_fd,,24.4,4.1,-4.4405828,4.508096675902216,-4.007127,4.941552619963495
2021-02-09 06:00:00,-4.500336144769999,1.0,6.123233995736766e-17,1.0,0.8660254037844387,0.49999999999999994,11.83033614477,7.33,13.238,alta_fd,,14.8,0.0,-5.8165436,6.013792565668437,-5.2477655,6.582570603693339
2021-02-09 07:00:00,-12.383367648770005,0.8124223160493245,-0.25881904510252063,0.9659258262890683,0.8660254037844387,0.49999999999999994,115.61436764877,103.231,131.338,alta_fd,0.1199578387186988,15.0,0.0,-12.469153,103.14521424453416,-13.266823,102.3475448338286
2021-02-09 08:00:00,-12.769151509120036,0.4978774178932735,-0.4999999999999998,0.8660254037844387,0.8660254037844387,0.49999999999999994,309.68415150912006,296.915,368.208,mixto,0.0430060842635772,19.0,0.0,-11.407949,298.2762020614882,-11.676505,298.0076464203139
2021-02-09 09:00:00,-21.448103995170012,0.3198673689891524,-0.7071067811865475,0.7071067811865476,0.8660254037844387,0.49999999999999994,504.91310399517,483.465,629.018,mixto,0.0443633024007322,22.0,0.0,-21.94521,482.96789449199616,-20.75347,484.1596345280069
2021-02-09 10:00:00,-41.95087074989249,0.2162908428606744,-0.8660254037844387,0.49999999999999994,0.8660254037844387,0.49999999999999994,659.0618707498925,617.111,852.401,baja_fd,0.0679794570991158,23.6,0.0,-40.299496,618.762375052871,-40.018406,619.0434648355858
2021-02-09 11:00:00,-22.337408923970088,0.2017375384028674,-0.9659258262890682,0.258819045102521,0.8660254037844387,0.49999999999999994,757.2684089239701,734.931,1012.822,baja_fd,0.030393885853189,26.0,1.0,-20.735891,736.532517581807,-20.726679,736.5417300757035
2021-02-09 12:00:00,3.329582630187474,0.13479866124812,-1.0,1.2246467991473532e-16,0.8660254037844387,0.49999999999999994,797.6334173698125,800.963,1088.705,baja_fd,0.0041569743298847,28.0,2.1,5.237185,802.8706023711858,3.8756273,801.5090446490941
2021-02-09 13:00:00,43.23222970028007,0.1313405615185948,-0.9659258262890683,-0.2588190451025208,0.8660254037844387,0.49999999999999994,797.84377029972,841.076,1097.028,baja_fd,0.0514010977608207,29.3,5.1,40.90687,838.7506420953742,41.206863,839.0506337030403
2021-02-09 14:00:00,37.75363677216762,0.1557016442033392,-0.8660254037844388,-0.4999999999999997,0.8660254037844387,0.49999999999999994,736.0613632278324,773.815,1001.213,baja_fd,0.0487889699374755,30.0,5.1,37.65395,773.7153129653813,37.54121,773.602573402393
2021-02-09 15:00:00,16.339968051207507,0.1825577119938327,-0.7071067811865479,-0.7071067811865471,0.8660254037844387,0.49999999999999994,632.4370319487925,648.777,840.509,baja_fd,0.025185800438683,30.0,3.1,17.479897,649.9169284942027,17.898916,650.3359481932994
2021-02-09 16:00:00,20.675156777667496,0.2267054315988925,-0.5000000000000004,-0.8660254037844385,0.8660254037844387,0.49999999999999994,475.7138432223325,496.389,610.487,baja_fd,0.0416511179290183,29.4,6.2,20.780296,496.4941395480161,19.66533,495.37917410917333
2021-02-09 17:00:00,-0.8815450291199909,0.3980821851403418,-0.25881904510252063,-0.9659258262890683,0.8660254037844387,0.49999999999999994,280.95854502912,280.077,345.792,mixto,0.0031475095388767,28.0,5.1,-1.4668213,279.49172371621563,-0.5675676,280.3909774422212
2021-02-09 18:00:00,-9.4489910554325,0.7004415651111279,-1.8369701987210297e-16,-1.0,0.8660254037844387,0.49999999999999994,96.7349910554325,87.286,114.867,alta_fd,0.1082532256654274,26.6,4.4,-10.550293,86.1846980866825,-10.169338,86.56565282911414
2021-02-10 06:00:00,-4.235143641492498,1.0,6.123233995736766e-17,1.0,0.8660254037844387,0.49999999999999994,11.144143641492498,6.909,12.289,alta_fd,,11.0,0.0,-5.1810055,5.9631381635872245,-4.420787,6.7233567838875175
2021-02-10 07:00:00,-12.208144988592494,0.816409476563974,-0.25881904510252063,0.9659258262890683,0.8660254037844387,0.49999999999999994,113.26714498859248,101.059,128.629,alta_fd,0.1208021550637993,15.0,0.0,-12.469153,100.79799158435664,-13.247135,100.02000982623896
2021-02-10 08:00:00,-12.703365232312478,0.4993801227462497,-0.4999999999999998,0.8660254037844387,0.8660254037844387,0.49999999999999994,308.0783652323125,295.375,366.205,mixto,0.0430075843666948,19.0,0.0,-11.407949,296.67041578468064,-11.676505,296.4018601435063
2021-02-10 09:00:00,-21.300339662692465,0.3214843380322182,-0.7071067811865475,0.7071067811865476,0.8660254037844387,0.49999999999999994,503.8933396626925,482.593,627.631,mixto,0.0441372743962147,22.0,0.0,-21.94521,481.94813015951866,-20.75347,483.1398701955294
2021-02-10 10:00:00,-41.506063729249945,0.2174349177670924,-0.8660254037844387,0.49999999999999994,0.8660254037844387,0.49999999999999994,654.49406372925,612.988,849.99,baja_fd,0.06771105426085,24.6,0.0,-40.387447,614.1066163720723,-40.954685,613.5393785180684
2021-02-10 11:00:00,12.36627964592003,0.1561741033314295,-0.9659258262890682,0.258819045102521,0.8660254037844387,0.49999999999999994,744.98572035408,757.352,1004.424,baja_fd,0.0163283118628062,28.0,2.6,12.608786,757.5945059833524,12.385565,757.3712851581571
2021-02-10 12:00:00,24.94265078240744,0.1352876953106278,-1.0,1.2246467991473532e-16,0.8660254037844387,0.49999999999999994,792.8313492175926,817.774,1086.979,baja_fd,0.0305006649543852,29.0,3.4,26.0968,818.9281490680564,24.992064,817.8234127399314
2021-02-10 13:00:00,33.30032849406757,0.1313255901966255,-0.9659258262890683,-0.2588190451025208,0.8660254037844387,0.49999999999999994,786.8906715059325,820.191,1083.367,baja_fd,0.0406006997078333,30.0,4.1,32.650753,819.5414245271727,32.414623,819.3052947664305
2021-02-10 14:00:00,37.46782663076749,0.1654001647534433,-0.8660254037844388,-0.4999999999999997,0.8660254037844387,0.49999999999999994,735.3671733692325,772.835,1000.107,baja_fd,0.0484810168157077,30.0,5.1,37.16642,772.5335933521427,37.27279,772.6399623706974
2021-02-10 15:00:00,29.115540339230165,0.1692660327345177,-0.7071067811865479,-0.7071067811865471,0.8660254037844387,0.49999999999999994,626.9694596607699,656.085,832.262,baja_fd,0.0443776954803572,30.0,5.1,29.1021,656.0715600330843,31.317354,658.2868138630404
2021-02-10 16:00:00,14.691062494367545,0.2373764553043778,-0.5000000000000004,-0.8660254037844385,0.8660254037844387,0.49999999999999994,472.46493750563246,487.156,604.773,baja_fd,0.0301567926790751,29.0,4.1,15.71914,488.1840775584279,15.448819,487.9137566660939
2021-02-10 17:00:00,-1.4850657382324923,0.407122927465547,-0.25881904510252063,-0.9659258262890683,0.8660254037844387,0.49999999999999994,278.9540657382325,277.469,341.693,mixto,0.0053521861477588,27.0,4.6,-2.792085,276.1619808059052,-2.188707,276.7653586249665
2021-02-10 18:00:00,-9.278811846279991,0.706707494043555,-1.8369701987210297e-16,-1.0,0.8660254037844387,0.49999999999999994,95.97781184628,86.699,113.204,alta_fd,0.1070232856927991,25.0,5.1,-9.656726,86.32108596279612,-9.540963,86.43684867336741
2021-02-11 06:00:00,-3.9405382963700006,1.0,6.123233995736766e-17,1.0,0.8660254037844387,0.49999999999999994,10.32553829637,6.385,11.342,alta_fd,,10.0,0.0,-5.2398114,5.085726875929327,-4.4446945,5.880843777327032
2021-02-11 07:00:00,-12.081176294832488,0.8218614844125175,-0.25881904510252063,0.9659258262890683,0.8660254037844387,0.49999999999999994,112.2371762948325,100.156,126.837,alta_fd,0.1206235901476944,13.8,0.0,-12.328932,99.90824448636081,-12.935127,99.30204903653171
2021-02-11 08:00:00,-12.577458204992467,0.5108475778151754,-0.4999999999999998,0.8660254037844387,0.8660254037844387,0.49999999999999994,305.3554582049925,292.778,362.811,mixto,0.0429590276762341,19.0,0.0,-11.442687,293.91277117038555,-11.617877,293.7375811984617
2021-02-11 09:00:00,-21.071012055330016,0.3200133045464823,-0.7071067811865475,0.7071067811865476,0.8660254037844387,0.49999999999999994,502.16501205533,481.094,625.574,mixto,0.04379811857003,22.1,0.0,-21.635405,480.529607468538,-21.208347,480.95666473477337
2021-02-11 10:00:00,-41.31361443933247,0.2140281159239449,-0.8660254037844387,0.49999999999999994,0.8660254037844387,0.49999999999999994,652.9406144393324,611.627,850.287,baja_fd,0.0675470743432393,25.2,0.0,-40.299496,612.6411187423109,-40.91777,612.0228440535902
2021-02-11 11:00:00,11.854823777279876,0.197224655749874,-0.9659258262890682,0.258819045102521,0.8660254037844387,0.49999999999999994,750.3671762227201,762.222,1012.928,baja_fd,0.0155529803354926,28.0,2.6,12.608786,762.9759618519926,11.037885,761.4050609349393
2021-02-11 12:00:00,20.947484955520054,0.1345510015766943,-1.0,1.2246467991473532e-16,0.8660254037844387,0.49999999999999994,792.9765150444799,813.924,1087.216,baja_fd,0.0257364139102914,29.0,3.1,19.690586,812.6671011345678,19.519838,812.4963533776098
2021-02-11 13:00:00,27.953115585067508,0.1296230896495957,-0.9659258262890683,-0.2588190451025208,0.8660254037844387,0.49999999999999994,784.7858844149325,812.739,1083.583,baja_fd,0.0343937175219443,30.6,3.6,28.431562,813.2174468386386,27.43642,812.2223048556064
2021-02-11 14:00:00,42.12555382300741,0.1578520583995661,-0.8660254037844388,-0.4999999999999997,0.8660254037844387,0.49999999999999994,734.5184461769926,776.644,1004.261,baja_fd,0.0542404934860855,31.0,5.7,39.76799,774.2864362892973,39.86965,774.3880979714262
2021-02-11 15:00:00,33.45707806718747,0.1912091061835207,-0.7071067811865479,-0.7071067811865471,0.8660254037844387,0.49999999999999994,626.7789219328125,660.236,831.975,baja_fd,0.0506744225809975,30.0,6.2,32.93638,659.7153004118164,33.468407,660.2473286100586
2021-02-11 16:00:00,20.344720142967503,0.2334055599665146,-0.5000000000000004,-0.8660254037844385,0.8660254037844387,0.49999999999999994,469.9382798570325,490.283,604.147,baja_fd,0.0414958710438002,30.0,6.2,20.780296,490.7185761827161,19.66533,489.60361074387333
2021-02-11 17:00:00,0.4071702597074704,0.4056783105552841,-0.25881904510252063,-0.9659258262890683,0.8660254037844387,0.49999999999999994,276.3698297402925,276.777,341.391,mixto,0.0014711130610833,29.0,7.2,0.17157748,276.5414072237081,-0.6690538,275.700775947339
2021-02-11 18:00:00,-9.34424275853,0.7110565320094726,-1.8369701987210297e-16,-1.0,0.8660254037844387,0.49999999999999994,93.07824275853,83.734,110.646,alta_fd,0.1115943673839778,27.0,3.1,-9.56725,83.51099250675998,-9.866268,83.21197460057101
2021-02-12 06:00:00,-3.93252181637,1.0,6.123233995736766e-17,1.0,0.8660254037844387,0.49999999999999994,10.28652181637,6.354,11.342,alta_fd,,11.0,0.0,-5.1810055,5.105516338464726,-4.420787,5.865734958765019
2021-02-12 07:00:00,-13.304987128992494,0.7815860629947506,-0.25881904510252063,0.9659258262890683,0.8660254037844387,0.49999999999999994,109.5369871289925,96.232,123.739,alta_fd,0.1382594888290017,13.8,0.0,-12.328932,97.20805532052081,-12.935127,96.60185987069171
2021-02-12 08:00:00,-12.466380257919925,0.5140794554405581,-0.4999999999999998,0.8660254037844387,0.8660254037844387,0.49999999999999994,302.75138025791995,290.285,359.568,mixto,0.0429453132539398,19.0,0.0,-11.31997,291.43141012699954,-11.617877,291.1335032513892
2021-02-12 09:00:00,4.83371575170753,0.2896519364436261,-0.7071067811865475,0.7071067811865476,0.8660254037844387,0.49999999999999994,490.28428424829247,495.118,617.809,baja_fd,0.0097627550436613,25.0,2.1,3.812566,494.0968502902389,3.5989988,493.8832830333114
2021-02-12 10:00:00,4.418880979687515,0.2437933479571198,-0.8660254037844387,0.49999999999999994,0.8660254037844387,0.49999999999999994,649.1011190203125,653.52,845.475,baja_fd,0.0067616614329898,25.4,2.1,3.5119326,652.6130516317779,3.1827724,652.2838914183075
2021-02-12 11:00:00,28.844681228000013,0.1853125339652182,-0.9659258262890682,0.258819045102521,0.8660254037844387,0.49999999999999994,747.992318772,776.837,1003.72,baja_fd,0.0371309312352527,27.0,4.1,26.927202,774.9195209967314,27.419329,775.4116474615752
2021-02-12 12:00:00,12.830162422519948,0.1474451226200814,-1.0,1.2246467991473532e-16,0.8660254037844387,0.49999999999999994,789.4818375774801,802.312,1081.516,baja_fd,0.0159914876289024,29.0,2.6,13.114215,802.5960524746358,12.910465,802.3923028179586
2021-02-12 13:00:00,32.30292144386749,0.1497562467524833,-0.9659258262890683,-0.2588190451025208,0.8660254037844387,0.49999999999999994,782.7570785561325,815.06,1072.977,baja_fd,0.0396325686990742,29.4,4.1,31.80851,814.5655883827926,32.04664,814.803717044902
2021-02-12 14:00:00,43.35114807018749,0.1494128859485413,-0.8660254037844388,-0.4999999999999997,0.8660254037844387,0.49999999999999994,731.2098519298125,774.561,988.095,baja_fd,0.0559686687945655,29.0,6.2,42.565365,773.775216767459,42.81504,774.0248925181915
2021-02-12 15:00:00,36.71023651532005,0.1719844064569124,-0.7071067811865479,-0.7071067811865471,0.8660254037844387,0.49999999999999994,627.27776348468,663.988,828.436,baja_fd,0.0552874999477702,29.0,7.2,35.108246,662.3860093342894,36.530624,663.8083878743284
2021-02-12 16:00:00,10.640776556767491,0.2386847707731615,-0.5000000000000004,-0.8660254037844385,0.8660254037844387,0.49999999999999994,470.9522234432325,481.593,600.357,baja_fd,0.0220949568552024,28.2,3.1,12.5671625,483.51938595696544,12.164828,483.1170517437086
2021-02-12 17:00:00,0.1849882972675232,0.4107112053429489,-0.25881904510252063,-0.9659258262890683,0.8660254037844387,0.49999999999999994,276.3410117027325,276.526,338.343,mixto,0.000668972527963,27.0,7.2,-0.44597742,275.8950342831177,-0.61949444,275.7215172645611
2021-02-12 18:00:00,-9.366601765319984,0.7159477630653583,-1.8369701987210297e-16,-1.0,0.8660254037844387,0.49999999999999994,92.58660176531998,83.22,109.148,alta_fd,0.1125522923013696,25.0,2.6,-7.9414234,84.64517834918229,-9.282343,83.30425885455338
2021-02-13 06:00:00,-3.620948377312498,1.0,6.123233995736766e-17,1.0,0.8660254037844387,0.49999999999999994,9.392948377312498,5.772,10.395,alta_fd,,12.0,0.0,-5.2616353,4.131313073815184,-4.420787,4.972161519707518
2021-02-13 07:00:00,-13.054195473312504,0.7880858496822268,-0.25881904510252063,0.9659258262890683,0.8660254037844387,0.49999999999999994,107.1451954733125,94.091,121.765,alta_fd,0.138740107696937,15.4,0.0,-12.557984,94.58721112120068,-13.247135,93.89806031095898
2021-02-13 08:00:00,-12.383495063232488,0.5188560656891382,-0.4999999999999998,0.8660254037844387,0.8660254037844387,0.49999999999999994,300.9344950632325,288.551,357.307,mixto,0.0429161398270409,19.0,0.0,-11.31997,289.61452493231207,-11.617877,289.3166180567017
2021-02-13 09:00:00,4.646503746670021,0.2824146513935975,-0.7071067811865475,0.7071067811865476,0.8660254037844387,0.49999999999999994,500.50149625333,505.148,620.126,baja_fd,0.0091983017782313,21.0,2.1,3.1655505,503.6670467236822,3.4777381,503.97923439534355
2021-02-13 10:00:00,10.770279328407582,0.1969682915234279,-0.8660254037844387,0.49999999999999994,0.8660254037844387,0.49999999999999994,651.1277206715924,661.898,844.179,baja_fd,0.0162718112585437,24.4,2.6,8.953183,660.0809038457257,9.244757,660.3724773702008
2021-02-13 11:00:00,3.762746463307281,0.182631267345646,-0.9659258262890682,0.258819045102521,0.8660254037844387,0.49999999999999994,747.3542535366927,751.117,1002.719,baja_fd,0.0050095344178167,27.0,2.1,2.946866,750.3011195721541,4.604791,751.9590447010909
2021-02-13 12:00:00,41.500709898807486,0.1470029146057523,-1.0,1.2246467991473532e-16,0.8660254037844387,0.49999999999999994,792.1002901011925,833.601,1079.731,baja_fd,0.0497848609812218,28.0,5.1,37.995125,830.095414918087,39.548244,831.6485345775109
2021-02-13 13:00:00,49.71172749750758,0.1347250971027313,-0.9659258262890683,-0.2588190451025208,0.8660254037844387,0.49999999999999994,785.8632725024925,835.575,1078.039,baja_fd,0.0594940340454269,29.4,6.2,46.965553,832.8288257861839,47.83845,833.7017238879905
2021-02-13 14:00:00,48.35008473516757,0.144304229759831,-0.8660254037844388,-0.4999999999999997,0.8660254037844387,0.49999999999999994,732.1869152648325,780.537,989.637,baja_fd,0.0619446416187414,29.0,7.2,46.278675,778.4655903441782,46.143078,778.3299931151743
2021-02-13 15:00:00,36.549758093279934,0.1914435089582561,-0.7071067811865479,-0.7071067811865471,0.8660254037844387,0.49999999999999994,627.83624190672,664.386,829.272,baja_fd,0.0550128360520539,29.0,7.2,35.108246,662.9444877563294,33.872124,661.7083656249818
2021-02-13 16:00:00,14.56669629136752,0.2335150135214512,-0.5000000000000004,-0.8660254037844385,0.8660254037844387,0.49999999999999994,470.1183037086325,484.685,598.627,baja_fd,0.0300539449154967,28.0,4.1,15.71914,485.8374437614279,15.448819,485.5671228690939
2021-02-13 17:00:00,-0.4842703828800268,0.4121034065344134,-0.25881904510252063,-0.9659258262890683,0.8660254037844387,0.49999999999999994,274.46827038288,273.984,335.944,mixto,0.0017675133689559,27.0,6.2,-1.2790468,273.1892236089695,-1.2871433,273.1811270332325
2021-02-13 18:00:00,-10.05297797053248,0.6621460541257993,-1.8369701987210297e-16,-1.0,0.8660254037844387,0.49999999999999994,89.94097797053249,79.888,105.553,mixto,0.1258383983894011,24.0,5.1,-9.503937,80.43704120295436,-9.409649,80.53132907526881
2021-02-14 06:00:00,-3.617948377312498,1.0,6.123233995736766e-17,1.0,0.8660254037844387,0.49999999999999994,9.392948377312498,5.775,10.395,alta_fd,,12.0,1.0,-3.8358467,5.557101714791136,-3.5915675,5.801380860985594
2021-02-14 07:00:00,-11.50919459453,0.8378502369611799,-0.25881904510252063,0.9659258262890683,0.8660254037844387,0.49999999999999994,106.25719459453,94.748,120.454,alta_fd,0.1214716362828766,14.8,0.0,-12.469153,93.78804119029417,-12.369344,93.88785083690061
2021-02-14 08:00:00,-12.36148991293004,0.5204769143260743,-0.4999999999999998,0.8660254037844387,0.8660254037844387,0.49999999999999994,300.61248991293,288.251,355.386,mixto,0.0428844649729924,18.0,0.0,-11.31997,289.2925197820096,-11.617877,288.99461290639925
2021-02-14 09:00:00,17.58147809932001,0.2806772441528667,-0.7071067811865475,0.7071067811865476,0.8660254037844387,0.49999999999999994,498.95352190068,516.535,618.036,baja_fd,0.0340373413211496,21.0,5.1,17.105701,516.0592233472132,16.929571,515.8830930524134
2021-02-14 10:00:00,10.474545882707504,0.1995179914791603,-0.8660254037844387,0.49999999999999994,0.8660254037844387,0.49999999999999994,653.1224541172925,663.597,841.159,baja_fd,0.0157844985476237,23.0,2.6,7.6283793,660.7508334622327,9.244757,662.3672108159009
2021-02-14 11:00:00,23.397367679807417,0.2043802725404453,-0.9659258262890682,0.258819045102521,0.8660254037844387,0.49999999999999994,755.9676323201926,779.365,1005.381,baja_fd,0.0300210654568878,25.0,3.6,22.204714,778.1723461416037,19.289873,775.2575054433615
2021-02-14 12:00:00,31.996394417079955,0.1496922515176227,-1.0,1.2246467991473532e-16,0.8660254037844387,0.49999999999999994,794.07560558292,826.072,1076.932,baja_fd,0.0387331787266484,27.0,4.1,29.204266,823.2798711774025,30.672773,824.7483789441261
2021-02-14 13:00:00,41.55941262700003,0.1420802419926314,-0.9659258262890683,-0.2588190451025208,0.8660254037844387,0.49999999999999994,788.474587373,830.034,1076.26,baja_fd,0.0500695304373074,28.4,5.1,40.313393,828.7879800121601,41.057144,829.531731538039
2021-02-14 14:00:00,43.42032826966749,0.1447345403931186,-0.8660254037844388,-0.4999999999999997,0.8660254037844387,0.49999999999999994,735.0026717303325,778.423,988.713,baja_fd,0.055779862966109,28.0,6.2,42.63718,777.6398520587016,42.867405,777.8700766680766
2021-02-14 15:00:00,28.291445113080044,0.1879823777471107,-0.7071067811865479,-0.7071067811865471,0.8660254037844387,0.49999999999999994,627.9075548869199,656.199,825.132,baja_fd,0.0431141240890035,28.0,5.1,29.036768,656.9443228465146,29.731009,657.638563416583
2021-02-14 16:00:00,19.9097156629075,0.2219770981012729,-0.5000000000000004,-0.8660254037844385,0.8660254037844387,0.49999999999999994,470.6572843370925,490.567,596.529,baja_fd,0.0405851100112879,27.0,6.2,20.047188,490.7044721422683,19.626434,490.2837186632644
2021-02-14 17:00:00,0.1080202372800158,0.4129829028434085,-0.25881904510252063,-0.9659258262890683,0.8660254037844387,0.49999999999999994,275.19097976272,275.299,333.928,mixto,0.0003923742450209,25.0,7.7,-1.221275,273.96970479075804,-0.5489554,274.6420243818034
2021-02-14 18:00:00,-9.842427630232493,0.668254745810558,-1.8369701987210297e-16,-1.0,0.8660254037844387,0.49999999999999994,89.21742763023249,79.375,103.843,mixto,0.1239990882548975,22.0,7.2,-9.072583,80.14484443168513,-9.060769,80.15665854911677
2021-02-15 07:00:00,-10.647371152519996,0.8419980073925597,-0.25881904510252063,0.9659258262890683,0.8660254037844387,0.49999999999999994,104.44637115252,93.799,117.812,alta_fd,0.1135126296924273,13.6,1.5,-9.527569,94.91880233538133,-9.329875,95.1164961601494
2021-02-15 08:00:00,-12.374953445732444,0.5200184442707959,-0.4999999999999998,0.8660254037844387,0.8660254037844387,0.49999999999999994,301.06695344573245,288.692,352.943,mixto,0.0428655918616811,16.0,0.0,-11.170527,289.89642598754153,-11.593335,289.4736182940601
2021-02-15 09:00:00,-0.1096748707925598,0.2821926421781642,-0.7071067811865475,0.7071067811865476,0.8660254037844387,0.49999999999999994,502.1996748707925,502.09,616.691,baja_fd,0.0002184366762782,19.0,1.5,-2.3047576,499.8949172757302,-2.0140593,500.18561556560144
2021-02-15 10:00:00,-13.201016390930022,0.1947311204777593,-0.8660254037844387,0.49999999999999994,0.8660254037844387,0.49999999999999994,661.82201639093,648.621,841.186,baja_fd,0.0203524344585359,20.0,1.0,-11.948069,649.8739477721556,-11.003318,650.8186985579832
2021-02-15 11:00:00,10.729493990749916,0.1801587896561511,-0.9659258262890682,0.258819045102521,0.8660254037844387,0.49999999999999994,764.64750600925,775.377,1002.79,baja_fd,0.0138377769662369,22.0,2.6,10.271425,774.9189312564424,11.039301,775.6868069278291
2021-02-15 12:00:00,31.247778051687533,0.1479897482400034,-1.0,1.2246467991473532e-16,0.8660254037844387,0.49999999999999994,805.2862219483125,836.534,1077.085,baja_fd,0.0373538649375728,24.0,4.1,25.336731,830.6229529053437,29.6554,834.9416212708222
2021-02-15 13:00:00,2.8797859526874845,0.1448518681056969,-0.9659258262890683,-0.2588190451025208,0.8660254037844387,0.49999999999999994,796.4242140473125,799.304,1072.405,baja_fd,0.0036028669350928,25.6,2.1,7.032961,803.4571749390361,5.302128,801.7263418854473
2021-02-15 14:00:00,24.420116206829903,0.1476528173381537,-0.8660254037844388,-0.4999999999999997,0.8660254037844387,0.49999999999999994,732.7108837931701,757.131,985.118,baja_fd,0.0322534887712032,28.0,3.6,26.942484,759.6533676951476,26.369528,759.0804116099425
2021-02-15 15:00:00,19.538569293967385,0.187816322803135,-0.7071067811865479,-0.7071067811865471,0.8660254037844387,0.49999999999999994,626.0344307060326,645.573,822.347,baja_fd,0.0302654684969281,28.0,3.6,22.075026,648.1094562645043,21.620373,647.6548034782494
2021-02-15 16:00:00,12.662306119480093,0.241307623542224,-0.5000000000000004,-0.8660254037844385,0.8660254037844387,0.49999999999999994,466.7286938805199,479.391,594.212,baja_fd,0.0264133163106526,28.1,3.6,14.717128,481.4458216805077,13.813566,480.54226008840567
2021-02-15 17:00:00,-1.504315003092472,0.4150360261526922,-0.25881904510252063,-0.9659258262890683,0.8660254037844387,0.49999999999999994,271.7993150030925,270.295,331.071,mixto,0.0055654562721932,26.0,5.1,-2.0680265,269.7312884604289,-1.7159564,270.0833585535838
2021-02-15 18:00:00,-9.922844648129995,0.6728667915075887,-1.8369701987210297e-16,-1.0,0.8660254037844387,0.49999999999999994,87.19984464813,77.277,102.294,mixto,0.1284061835750611,24.0,4.1,-9.429843,77.77000169921642,-9.482064,77.71778040099865
2021-02-16 07:00:00,-11.24941212979249,0.8475308246369784,-0.25881904510252063,0.9659258262890683,0.8660254037844387,0.49999999999999994,103.98041212979248,92.731,116.091,alta_fd,0.1213123133557547,11.0,0.0,-11.605822,92.37459052029541,-11.470717,92.50969469967774
2021-02-16 08:00:00,-12.286629182192485,0.5151746291103542,-0.4999999999999998,0.8660254037844387,0.8660254037844387,0.49999999999999994,298.81862918219247,286.532,351.669,mixto,0.0428804782090394,17.0,0.0,-11.31997,287.49865905127206,-11.593335,287.2252940305201
2021-02-16 09:00:00,-20.663575157000025,0.3543472553937339,-0.7071067811865475,0.7071067811865476,0.8660254037844387,0.49999999999999994,499.5785751570001,478.915,616.02,mixto,0.0431466443043129,20.0,0.0,-19.59745,479.98112490065245,-17.994305,481.5842705000177
2021-02-16 10:00:00,-3.7674412125300014,0.219054234061801,-0.8660254037844387,0.49999999999999994,0.8660254037844387,0.49999999999999994,652.23544121253,648.468,841.554,baja_fd,0.0058097565531838,23.4,1.5,-4.070529,648.1649122284601,-4.7829466,647.4524946259211
2021-02-16 11:00:00,14.14863501718753,0.2036552479910572,-0.9659258262890682,0.258819045102521,0.8660254037844387,0.49999999999999994,751.8743649828125,766.023,1002.775,baja_fd,0.0184702483047996,25.7,2.8,13.746235,765.6205998766113,11.878231,763.7525960313965
2021-02-16 12:00:00,33.0518348081074,0.1346330309038018,-1.0,1.2246467991473532e-16,0.8660254037844387,0.49999999999999994,793.5311651918926,826.583,1082.049,baja_fd,0.039986105216424,28.0,4.1,30.089819,823.6209841463603,30.763594,824.2947588655986
2021-02-16 13:00:00,4.088013821767504,0.1340593367493112,-0.9659258262890683,-0.2588190451025208,0.8660254037844387,0.49999999999999994,785.0519861782325,789.14,1074.307,baja_fd,0.0051803403981137,29.0,2.1,6.953012,792.004998167826,6.284047,791.3360333050025
2021-02-16 14:00:00,12.897989808000034,0.1643351593888674,-0.8660254037844388,-0.4999999999999997,0.8660254037844387,0.49999999999999994,731.328010192,744.226,993.68,baja_fd,0.0173307433602158,30.0,2.6,15.767509,747.0955196524492,15.272163,746.6001735831132
2021-02-16 15:00:00,28.701810245119876,0.2025111155869077,-0.7071067811865479,-0.7071067811865471,0.8660254037844387,0.49999999999999994,618.4731897548801,647.175,823.744,baja_fd,0.0443493803764358,31.0,5.1,28.969858,647.4430479244357,26.90388,645.3770689205295
2021-02-16 16:00:00,14.142933055070046,0.2767699998395913,-0.5000000000000004,-0.8660254037844385,0.8660254037844387,0.49999999999999994,462.78406694493,476.927,592.986,baja_fd,0.0296542931204776,29.6,4.1,15.3702135,478.15428045353593,13.836785,476.62085226139726
2021-02-16 17:00:00,-1.534794042832516,0.4177243237024885,-0.25881904510252063,-0.9659258262890683,0.8660254037844387,0.49999999999999994,266.9637940428325,265.429,327.787,mixto,0.0057823148293235,28.0,5.1,-1.7950972,265.16869681096756,-1.6591401,265.3046539328166
2021-02-16 18:00:00,-9.6362284458325,0.681943725633304,-1.8369701987210297e-16,-1.0,0.8660254037844387,0.49999999999999994,84.2432284458325,74.607,99.187,mixto,0.1291598435245017,25.0,4.1,-9.343775,74.89945365030027,-9.541267,74.70196105081297
2021-02-17 07:00:00,-11.069668662529978,0.8507811850577445,-0.25881904510252063,0.9659258262890683,0.8660254037844387,0.49999999999999994,101.12366866252998,90.054,113.654,alta_fd,0.1229225649335951,12.8,0.0,-11.311704,89.81196498058418,-11.019936,90.10373305461982
2021-02-17 08:00:00,-12.153775677329977,0.5200377515172618,-0.4999999999999998,0.8660254037844387,0.8660254037844387,0.49999999999999994,295.83377567733,283.68,349.474,mixto,0.0428432588738366,18.0,0.0,-11.31997,284.51380554640957,-11.617877,284.2158986707992
2021-02-17 09:00:00,-5.397255959879942,0.3549355932810767,-0.7071067811865475,0.7071067811865476,0.8660254037844387,0.49999999999999994,493.66925595987993,488.272,613.756,mixto,0.0110537896088244,22.0,1.0,-6.055589,487.61366676081377,-5.698427,487.97082875956255
2021-02-17 10:00:00,-40.139354882129965,0.2183576942637229,-0.8660254037844387,0.49999999999999994,0.8660254037844387,0.49999999999999994,648.3713548821299,608.232,841.406,baja_fd,0.0659934940649784,24.7,0.0,-40.52033,607.8510263604014,-40.954685,607.4166696709483
2021-02-17 11:00:00,-59.95536782639226,0.203014817558988,-0.9659258262890682,0.258819045102521,0.8660254037844387,0.49999999999999994,748.1283678263923,688.173,1002.851,baja_fd,0.0871225227179681,26.8,0.0,-57.778957,690.3494104594489,-59.31211,688.8162569255134
2021-02-17 12:00:00,-69.5578832519999,0.1341621654586094,-1.0,1.2246467991473532e-16,0.8660254037844387,0.49999999999999994,788.6248832519999,719.067,1080.12,baja_fd,0.0967335217052095,29.0,0.0,-58.549797,730.0750861938944,-62.30911,726.315774517869
2021-02-17 13:00:00,42.18025148056745,0.1343396495692366,-0.9659258262890683,-0.2588190451025208,0.8660254037844387,0.49999999999999994,782.8407485194325,825.021,1074.317,baja_fd,0.0511262761560826,29.6,5.1,39.49771,822.3384597010731,40.77997,823.6207167811513
2021-02-17 14:00:00,37.0494431300076,0.1684232564066997,-0.8660254037844388,-0.4999999999999997,0.8660254037844387,0.49999999999999994,732.5365568699924,769.586,990.189,baja_fd,0.0481420440730569,29.0,5.1,37.16642,769.7029768529026,37.27721,769.8137671055881
2021-02-17 15:00:00,35.903078392687576,0.2091354872244583,-0.7071067811865479,-0.7071067811865471,0.8660254037844387,0.49999999999999994,622.4409216073125,658.344,821.205,baja_fd,0.0545354379969857,29.0,7.2,34.542263,656.9831846383183,32.12693,654.5678518441289
2021-02-17 16:00:00,18.865991584207563,0.2853909754564257,-0.5000000000000004,-0.8660254037844385,0.8660254037844387,0.49999999999999994,460.0270084157924,478.893,586.891,baja_fd,0.0393950038614211,28.8,6.2,20.007236,480.0342448965053,18.067215,478.0942233816127
2021-02-17 17:00:00,-1.3255718315699596,0.4271498622602416,-0.25881904510252063,-0.9659258262890683,0.8660254037844387,0.49999999999999994,264.67857183157,263.353,323.998,mixto,0.0050334411666848,27.4,5.6,-1.9723543,262.70621753870046,-1.5975858,263.08098603426015
2021-02-17 18:00:00,-10.119386508332497,0.6455255119577419,-1.8369701987210297e-16,-1.0,0.8660254037844387,0.49999999999999994,80.9773865083325,70.858,95.687,mixto,0.1428121949297538,26.0,5.1,-9.5239,71.45348647628904,-9.499538,71.47784808670164
2021-02-18 07:00:00,-11.449253974130002,0.8184003793000704,-0.25881904510252063,0.9659258262890683,0.8660254037844387,0.49999999999999994,98.53725397413,87.088,111.406,alta_fd,0.1314676416283529,14.4,1.5,-9.145019,89.39223539655431,-10.140726,88.39652788465246
2021-02-18 08:00:00,-11.963405261692516,0.5299433705336091,-0.4999999999999998,0.8660254037844387,0.8660254037844387,0.49999999999999994,291.6054052616925,279.642,345.719,mixto,0.0427811461142908,19.0,0.0,-11.31997,280.2854351307721,-11.617877,279.98752825516175
2021-02-18 09:00:00,-4.920363436999935,0.3412528412759242,-0.7071067811865475,0.7071067811865476,0.8660254037844387,0.49999999999999994,485.540363437,480.62,608.42,mixto,0.0102375336794139,24.0,1.0,-8.027385,477.5129786790044,-7.191577,478.34878647929736
2021-02-18 10:00:00,-3.5148387511699184,0.2419825462647914,-0.8660254037844387,0.49999999999999994,0.8660254037844387,0.49999999999999994,642.53183875117,639.017,837.482,baja_fd,0.0055003837944372,25.8,1.5,-3.5777814,638.9540573123425,-4.682809,637.8490298751324
2021-02-18 11:00:00,4.65032082368009,0.1671468337840348,-0.9659258262890682,0.258819045102521,0.8660254037844387,0.49999999999999994,735.0886791763199,739.739,988.848,baja_fd,0.0062864345717612,28.0,2.1,3.1512504,738.2399295387162,4.107337,739.1960161743058
2021-02-18 12:00:00,32.32922015518761,0.1542099197025438,-1.0,1.2246467991473532e-16,0.8660254037844387,0.49999999999999994,781.4477798448124,813.777,1068.455,baja_fd,0.0397273702195903,29.0,4.1,29.898016,811.3457958207646,30.632065,812.0798446641484
2021-02-18 13:00:00,20.806903991070044,0.1443094320732683,-0.9659258262890683,-0.2588190451025208,0.8660254037844387,0.49999999999999994,779.62909600893,800.436,1068.486,baja_fd,0.025994463006499,29.5,3.1,21.305073,800.9341687933538,21.375166,801.004261948261
2021-02-18 14:00:00,43.19596225523014,0.1518665729606871,-0.8660254037844388,-0.4999999999999997,0.8660254037844387,0.49999999999999994,721.0960377447699,764.292,977.462,baja_fd,0.0565176166376596,30.0,6.2,42.00741,763.1034458868597,42.801334,763.8973721258734
2021-02-18 15:00:00,34.54044424282995,0.1905613667745906,-0.7071067811865479,-0.7071067811865471,0.8660254037844387,0.49999999999999994,616.09055575717,650.631,815.918,baja_fd,0.0530876091714504,30.0,6.7,33.916706,650.0072618423751,34.41655,650.5071054397872
2021-02-18 16:00:00,17.129966032829998,0.2414602713209078,-0.5000000000000004,-0.8660254037844385,0.8660254037844387,0.49999999999999994,459.58803396717,476.718,586.282,baja_fd,0.0359331219564396,28.8,5.1,18.98493,478.57296400562217,18.420507,478.0085413982003
2021-02-18 17:00:00,-2.1873003648124723,0.4282672748070678,-0.25881904510252063,-0.9659258262890683,0.8660254037844387,0.49999999999999994,263.47630036481246,261.289,321.895,mixto,0.0083711919170438,27.0,4.6,-3.0705373,260.40576303609237,-2.246728,261.22957242139205
2021-02-18 18:00:00,-10.146576663249988,0.6484236045368877,-1.8369701987210297e-16,-1.0,0.8660254037844387,0.49999999999999994,79.79257666324999,69.646,94.27,mixto,0.1456878595073656,26.0,4.1,-9.257055,70.53552138065722,-9.665815,70.12676130985643
2021-02-19 07:00:00,-11.757454999732502,0.8260210268526743,-0.25881904510252063,0.9659258262890683,0.8660254037844387,0.49999999999999994,95.7964549997325,84.039,109.343,alta_fd,0.1399047466025595,16.9,0.0,-12.026535,83.76991996555282,-12.632655,83.16379985599471
2021-02-19 08:00:00,-11.847844346992474,0.5343445252696805,-0.4999999999999998,0.8660254037844387,0.8660254037844387,0.49999999999999994,289.02684434699245,277.179,343.989,mixto,0.0427443794334797,20.0,0.0,-11.8573885,277.1694558505935,-11.63556,277.3912843112869
2021-02-19 09:00:00,-4.933400958529944,0.3430308736912591,-0.7071067811865475,0.7071067811865476,0.8660254037844387,0.49999999999999994,486.69540095852994,481.762,607.146,mixto,0.0102403281257756,23.0,1.0,-6.3084474,480.3869535975375,-5.8670273,480.8283736758151
2021-02-19 10:00:00,-2.981589863250065,0.2177605539312272,-0.8660254037844387,0.49999999999999994,0.8660254037844387,0.49999999999999994,638.76558986325,635.784,832.77,baja_fd,0.0046896270797158,26.0,1.5,-3.4218094,635.3437804283593,-5.327417,633.43817296643
2021-02-19 11:00:00,24.4886810324075,0.182211479192105,-0.9659258262890682,0.258819045102521,0.8660254037844387,0.49999999999999994,738.8583189675925,763.347,994.771,baja_fd,0.032080667157148,28.0,3.6,23.161762,762.0200812051413,22.549639,761.4079577157614
2021-02-19 12:00:00,23.606449472687476,0.1458798970686671,-1.0,1.2246467991473532e-16,0.8660254037844387,0.49999999999999994,783.1435505273125,806.75,1072.405,baja_fd,0.0292611707129686,29.2,3.3,25.255875,808.3994251611016,23.484604,806.6281544091485
2021-02-19 13:00:00,21.39762955918752,0.1344325314952511,-0.9659258262890683,-0.2588190451025208,0.8660254037844387,0.49999999999999994,777.3783704408124,798.776,1070.215,baja_fd,0.0267880226235985,30.4,3.1,21.305073,798.6834432252363,21.375166,798.7535363801435
2021-02-19 14:00:00,19.69220234726754,0.1443379314252143,-0.8660254037844388,-0.4999999999999997,0.8660254037844387,0.49999999999999994,722.9177976527325,742.61,980.343,baja_fd,0.0265175561159525,30.0,3.1,20.467564,743.3853612818829,21.369513,744.2873102107159
2021-02-19 15:00:00,23.29153492790749,0.1859443393627106,-0.7071067811865479,-0.7071067811865471,0.8660254037844387,0.49999999999999994,616.3314650720926,639.623,816.279,baja_fd,0.0364144737257845,30.0,4.1,24.74905,641.0805152124734,25.025131,641.3565962976785
2021-02-19 16:00:00,12.28354433200002,0.2793921835744446,-0.5000000000000004,-0.8660254037844385,0.8660254037844387,0.49999999999999994,456.536455668,468.82,584.84,baja_fd,0.0262009818949703,29.8,3.6,14.368199,470.9046550164497,12.201537,468.73799280026316
2021-02-19 17:00:00,-1.092237735569995,0.4248648552045214,-0.25881904510252063,-0.9659258262890683,0.8660254037844387,0.49999999999999994,260.41223773557,259.32,320.802,mixto,0.0042119301849837,29.0,6.2,-0.93994355,259.4722941835528,-1.4482545,258.96398326951316
2021-02-19 18:00:00,-9.107024388929986,0.7021055046009549,-1.8369701987210297e-16,-1.0,0.8660254037844387,0.49999999999999994,78.74202438892999,69.635,93.014,alta_fd,0.1307822846116175,26.0,5.1,-9.2235155,69.51850887837091,-9.295538,69.44648644032159
2021-02-20 07:00:00,-10.517289659080006,0.8661342403963926,-0.25881904510252063,0.9659258262890683,0.8660254037844387,0.49999999999999994,95.28128965908,84.764,107.676,alta_fd,0.1240773165386249,14.4,0.0,-11.735868,83.54542120510051,-11.108238,84.17305143886516
2021-02-20 08:00:00,-11.589545820532464,0.5957153216411959,-0.4999999999999998,0.8660254037844387,0.8660254037844387,0.49999999999999994,285.4615458205325,273.872,339.553,mixto,0.0423173811873154,20.0,0.0,-11.8573885,273.60415732413355,-11.993672,273.46787344962183
2021-02-20 09:00:00,-19.358055602392483,0.3389570860579418,-0.7071067811865475,0.7071067811865476,0.8660254037844387,0.49999999999999994,486.4030556023925,467.045,606.749,mixto,0.041447945278062,23.0,0.0,-21.212027,465.19102900632316,-18.948568,467.4544872582763
2021-02-20 10:00:00,-12.865888333730028,0.2759661793593073,-0.8660254037844387,0.49999999999999994,0.8660254037844387,0.49999999999999994,642.24788833373,629.382,835.366,baja_fd,0.0204420976985837,25.4,1.0,-13.818676,628.4292123388569,-13.241115,629.0067737173359
2021-02-20 11:00:00,2.129852740167508,0.2033347750222758,-0.9659258262890682,0.258819045102521,0.8660254037844387,0.49999999999999994,745.0131472598325,747.143,997.437,baja_fd,0.0028506627783001,26.7,2.0,1.8606048,746.8737520228635,0.48046583,745.4936130892049
2021-02-20 12:00:00,20.92488794187011,0.1358010280182074,-1.0,1.2246467991473532e-16,0.8660254037844387,0.49999999999999994,788.6851120581299,809.61,1074.206,baja_fd,0.0258456391866085,28.0,3.1,19.2618,807.9469128241211,19.314758,807.9998703589112
2021-02-20 13:00:00,4.973579827607409,0.1282879552190321,-0.9659258262890683,-0.2588190451025208,0.8660254037844387,0.49999999999999994,778.8914201723926,783.865,1073.901,baja_fd,0.0063449443815037,30.6,2.1,6.953012,785.8444321619861,6.284047,785.1754672991626
2021-02-20 14:00:00,30.34348426120755,0.1599175425609463,-0.8660254037844388,-0.4999999999999997,0.8660254037844387,0.49999999999999994,725.9245157387925,756.268,990.509,baja_fd,0.04012266056637,31.0,4.1,30.780924,756.7054395821763,30.406221,756.330737128563
2021-02-20 15:00:00,28.793867441229963,0.1995184806254941,-0.7071067811865479,-0.7071067811865471,0.8660254037844387,0.49999999999999994,614.77313255877,643.567,818.162,baja_fd,0.0447410563954179,31.0,5.1,28.904188,643.677320714898,27.418985,642.1921179255913
2021-02-20 16:00:00,14.31240264280757,0.2731076149968386,-0.5000000000000004,-0.8660254037844385,0.8660254037844387,0.49999999999999994,454.47259735719246,468.785,585.331,baja_fd,0.030530846001488,31.0,4.1,15.3702135,469.8428108657984,14.562589,469.0351860489039
2021-02-20 17:00:00,-2.4561036979200424,0.4775717411528026,-0.25881904510252063,-0.9659258262890683,0.8660254037844387,0.49999999999999994,257.47410369792004,255.018,318.432,mixto,0.0096310993652214,30.0,4.1,-4.21565,253.25845361628552,-2.7218904,254.75221324839612
2021-02-20 18:00:00,-9.211523713832491,0.7068990441056808,-1.8369701987210297e-16,-1.0,0.8660254037844387,0.49999999999999994,78.43152371383249,69.22,90.413,alta_fd,0.133076043250975,20.0,3.1,-7.87904,70.5524839494282,-8.574332,69.85719147658884
2021-02-21 07:00:00,-11.456532646492503,0.8349420697454112,-0.25881904510252063,0.9659258262890683,0.8660254037844387,0.49999999999999994,92.2835326464925,80.827,105.239,alta_fd,0.1417414062935962,16.8,0.0,-11.787581,80.49595120270588,-11.688312,80.59522106964924
2021-02-21 08:00:00,-5.486677294719982,0.5983451467723726,-0.4999999999999998,0.8660254037844387,0.8660254037844387,0.49999999999999994,283.67167729472,278.185,337.328,mixto,0.0197231241609719,20.0,1.5,-5.502652,278.16902512644606,-7.0680256,276.6036517057307
2021-02-21 09:00:00,-19.219247739520085,0.3407447389053721,-0.7071067811865475,0.7071067811865476,0.8660254037844387,0.49999999999999994,485.4742477395201,466.255,605.488,mixto,0.0412204646374196,23.0,0.0,-21.212027,464.26222114345074,-18.948568,466.52567939540387
2021-02-21 10:00:00,-38.62321476073248,0.2167747523963759,-0.8660254037844387,0.49999999999999994,0.8660254037844387,0.49999999999999994,637.4352147607325,598.812,830.807,baja_fd,0.0644997340746886,26.0,0.0,-39.85822,597.576995614004,-41.217113,596.2181012658594
2021-02-21 11:00:00,42.959985290720056,0.1694519173111223,-0.9659258262890682,0.258819045102521,0.8660254037844387,0.49999999999999994,741.92801470928,784.888,988.904,baja_fd,0.0547339050803682,26.0,6.2,38.899273,780.8272876279811,42.5948,784.522813751028
2021-02-21 12:00:00,4.307143842269966,0.1436206443502902,-1.0,1.2246467991473532e-16,0.8660254037844387,0.49999999999999994,783.22185615773,787.529,1071.334,baja_fd,0.0054691876010533,29.0,2.1,4.6440706,787.8659267830352,3.9876378,787.209493915985
2021-02-21 13:00:00,41.85344892446756,0.1428178602446245,-0.9659258262890683,-0.2588190451025208,0.8660254037844387,0.49999999999999994,773.6685510755325,815.522,1064.153,baja_fd,0.0513210543976343,30.4,5.1,39.534866,813.2034174085403,40.85375,814.5222993970657
2021-02-21 14:00:00,29.998580373630038,0.1444167769176867,-0.8660254037844388,-0.4999999999999997,0.8660254037844387,0.49999999999999994,717.34341962637,747.342,976.842,baja_fd,0.0401403646170428,31.0,4.1,30.222963,747.5663829594998,30.546867,747.8902869969754
2021-02-21 15:00:00,20.30359175616752,0.1891255476722766,-0.7071067811865479,-0.7071067811865471,0.8660254037844387,0.49999999999999994,607.6144082438325,627.918,811.587,baja_fd,0.0323347821788315,32.0,3.6,21.783176,629.3975846659516,21.662935,629.2773435007905
2021-02-21 16:00:00,14.592780714807477,0.2391842881576389,-0.5000000000000004,-0.8660254037844385,0.8660254037844387,0.49999999999999994,449.4822192851925,464.075,580.019,baja_fd,0.0314448757524268,31.6,4.1,15.441922,464.9241414729977,15.448819,464.93103844565394
2021-02-21 17:00:00,-2.795735885032485,0.4349448857691765,-0.25881904510252063,-0.9659258262890683,0.8660254037844387,0.49999999999999994,252.53773588503248,249.742,313.453,mixto,0.0111944962602705,31.0,4.1,-4.21565,248.32208580339795,-2.4318724,250.1058635171736
2021-02-21 18:00:00,-9.431984061330011,0.6781735678839047,-1.8369701987210297e-16,-1.0,0.8660254037844387,0.49999999999999994,73.16998406133001,63.738,87.074,mixto,0.147980546319778,28.0,3.6,-8.903438,64.2665464468891,-9.765026,63.404957968800716
2021-02-22 07:00:00,-11.249193825920017,0.8416834466135351,-0.25881904510252063,0.9659258262890683,0.8660254037844387,0.49999999999999994,90.46219382592,79.213,102.768,alta_fd,0.1420119655349503,15.9,0.0,-11.638138,78.82405600853718,-11.540522,78.9216722042159
2021-02-22 08:00:00,-6.951003160792482,0.6016400900639024,-0.4999999999999998,0.8660254037844387,0.8660254037844387,0.49999999999999994,281.5490031607925,274.598,334.691,mixto,0.0253133786873629,20.0,1.0,-7.2745595,274.27444366295924,-8.419113,273.1298900016128
2021-02-22 09:00:00,-19.10362464429238,0.3432392134093244,-0.7071067811865475,0.7071067811865476,0.8660254037844387,0.49999999999999994,485.6846246442924,466.581,602.959,mixto,0.0409438546453721,22.0,0.0,-19.571846,466.1127786359916,-17.250683,468.43394181348185
2021-02-22 10:00:00,11.092191598267505,0.2193205328405258,-0.8660254037844387,0.49999999999999994,0.8660254037844387,0.49999999999999994,636.5038084017325,647.596,828.593,baja_fd,0.017128258355931,25.8,2.6,8.441675,644.9454835878897,7.434118,643.9379261957694
2021-02-22 11:00:00,12.6898487630001,0.1770242113438557,-0.9659258262890682,0.258819045102521,0.8660254037844387,0.49999999999999994,737.9991512369999,750.689,993.42,baja_fd,0.0169042689622468,28.0,2.6,11.411895,749.4110460352787,11.899883,749.8990345072635
2021-02-22 12:00:00,13.40798640491994,0.1464000359159676,-1.0,1.2246467991473532e-16,0.8660254037844387,0.49999999999999994,781.36701359508,794.775,1068.324,baja_fd,0.0168701662796639,29.0,2.6,13.546529,794.9135424113032,13.096823,794.4638363337275
2021-02-22 13:00:00,42.02907072047992,0.1411476329054181,-0.9659258262890683,-0.2588190451025208,0.8660254037844387,0.49999999999999994,772.7889292795201,814.818,1063.912,baja_fd,0.0515809306133147,30.6,5.1,39.534866,812.3237956125279,40.85375,813.6426776010533
2021-02-22 14:00:00,41.09593266518743,0.1440093657705434,-0.8660254037844388,-0.4999999999999997,0.8660254037844387,0.49999999999999994,715.8720673348125,756.968,974.505,baja_fd,0.0542901848759623,31.0,5.7,38.594746,754.4668129707989,39.650276,755.5223435188946
2021-02-22 15:00:00,33.116488004687426,0.204452237388955,-0.7071067811865479,-0.7071067811865471,0.8660254037844387,0.49999999999999994,612.3255119953126,645.442,814.475,baja_fd,0.0513082321954372,31.0,6.2,32.144226,644.4697380695313,30.577715,642.9032269153565
2021-02-22 16:00:00,19.46266795200006,0.2405718592473949,-0.5000000000000004,-0.8660254037844385,0.8660254037844387,0.49999999999999994,451.339332048,470.802,578.16,baja_fd,0.0413393909796476,30.0,6.2,20.078945,471.4182772079121,19.66533,471.00466293484084
2021-02-22 17:00:00,-2.196217961432524,0.436258742922769,-0.25881904510252063,-0.9659258262890683,0.8660254037844387,0.49999999999999994,252.9912179614325,250.795,311.267,mixto,0.0087570245077953,29.0,5.1,-2.9642105,250.0270074511786,-1.7319297,251.25928830158907
2021-02-22 18:00:00,-9.310479794720004,0.6816608232050438,-1.8369701987210297e-16,-1.0,0.8660254037844387,0.49999999999999994,72.29947979472,62.989,85.672,mixto,0.1478112018720729,27.0,5.1,-9.270877,63.02860291025955,-9.118616,63.18086369059402
2021-02-23 07:00:00,-11.028956346119998,0.8484262262141254,-0.25881904510252063,0.9659258262890683,0.8660254037844387,0.49999999999999994,88.74095634612,77.712,100.908,alta_fd,0.1419208918329215,16.2,0.0,-11.638138,77.10281852873719,-11.095695,77.64526180418885
2021-02-23 08:00:00,-11.355102434492494,0.6043099813074442,-0.4999999999999998,0.8660254037844387,0.8660254037844387,0.49999999999999994,280.9191024344925,269.564,332.489,mixto,0.0421239573329246,19.0,0.0,-11.256426,269.66267657694857,-11.975989,268.9431130927567
2021-02-23 09:00:00,-18.87499033689244,0.3461101575949156,-0.7071067811865475,0.7071067811865476,0.8660254037844387,0.49999999999999994,483.34299033689246,464.468,599.799,mixto,0.040637870287926,22.0,0.0,-19.571846,463.7711443285917,-17.250683,466.0923075060819
2021-02-23 10:00:00,5.104072964767511,0.2341203399442084,-0.8660254037844387,0.49999999999999994,0.8660254037844387,0.49999999999999994,642.0209270352325,647.125,829.157,baja_fd,0.0078873061074251,24.0,2.1,2.932864,644.9537909859619,2.9034078,644.924334847351
2021-02-23 11:00:00,4.302196142867388,0.1827664522339295,-0.9659258262890682,0.258819045102521,0.8660254037844387,0.49999999999999994,742.1038038571326,746.406,989.177,baja_fd,0.0057638820465904,26.0,2.1,3.7697282,745.8735320408789,4.501403,746.605206712052
2021-02-23 12:00:00,20.33807063674999,0.1483207075962882,-1.0,1.2246467991473532e-16,0.8660254037844387,0.49999999999999994,786.18792936325,806.526,1064.27,baja_fd,0.0252168815844126,27.0,3.1,18.464666,804.6525957298271,19.52637,805.7142984580986
2021-02-23 13:00:00,20.053000269880044,0.1496384459686213,-0.9659258262890683,-0.2588190451025208,0.8660254037844387,0.49999999999999994,780.95999973012,801.013,1055.908,baja_fd,0.0250345503379845,27.0,3.1,20.132864,801.0928637285331,21.375166,802.335165669451
2021-02-23 14:00:00,44.56107778650755,0.1517542503655781,-0.8660254037844388,-0.4999999999999997,0.8660254037844387,0.49999999999999994,725.1939222134924,769.755,968.161,baja_fd,0.057889949122133,27.0,6.7,42.9599,768.1538221158362,44.774216,769.9681379117346
2021-02-23 15:00:00,34.896868123767604,0.1945976056242242,-0.7071067811865479,-0.7071067811865471,0.8660254037844387,0.49999999999999994,615.7091318762324,650.606,802.957,baja_fd,0.0536374827833859,27.0,7.2,31.692575,647.4017073309443,33.872124,649.5812555944941
2021-02-23 16:00:00,21.727351092707465,0.2469677730438494,-0.5000000000000004,-0.8660254037844385,0.8660254037844387,0.49999999999999994,454.54864890729255,476.276,572.759,baja_fd,0.0456192440784491,26.4,8.2,18.862991,473.41164024030036,20.357708,474.90635688458747
2021-02-23 17:00:00,-2.6366715505324976,0.4636391136972691,-0.25881904510252063,-0.9659258262890683,0.8660254037844387,0.49999999999999994,246.06267155053249,243.426,298.447,mixto,0.0108315116320052,26.0,5.1,-4.352649,241.71002233864894,-1.966232,244.09643960835567
2021-02-23 18:00:00,-6.009834545170008,0.8577672656013806,-1.8369701987210297e-16,-1.0,0.8660254037844387,0.49999999999999994,63.193834545170006,57.184,74.018,alta_fd,0.1050964351071979,24.5,7.7,-7.7451735,55.44866109088534,-6.815329,56.37850547031039
2021-02-24 07:00:00,-10.03434933071999,0.8676234590088833,-0.25881904510252063,0.9659258262890683,0.8660254037844387,0.49999999999999994,87.46734933072,77.433,99.128,alta_fd,0.129587505723916,15.4,1.0,-9.539131,77.92821816616922,-9.244394,78.22295502835183
2021-02-24 08:00:00,-11.267918447532509,0.6069983079250579,-0.4999999999999998,0.8660254037844387,0.8660254037844387,0.49999999999999994,279.1449184475325,267.877,330.297,mixto,0.0420637772094375,19.0,0.0,-11.256426,267.8884925899886,-11.975989,267.1689291057967
2021-02-24 09:00:00,-4.628064286279994,0.3463123816431554,-0.7071067811865475,0.7071067811865476,0.8660254037844387,0.49999999999999994,484.21806428628,479.59,598.204,mixto,0.009650043341771,21.0,1.0,-6.228558,477.98950622277295,-5.666794,478.55127046303784
2021-02-24 10:00:00,5.239885692187613,0.218569577639414,-0.8660254037844387,0.49999999999999994,0.8660254037844387,0.49999999999999994,642.5431143078124,647.783,825.775,baja_fd,0.0080889521524763,23.0,2.1,2.561576,645.1046901973998,3.417485,645.9605993065154
2021-02-24 11:00:00,14.482952054029964,0.1848614217346817,-0.9659258262890682,0.258819045102521,0.8660254037844387,0.49999999999999994,745.1160479459701,759.599,986.478,baja_fd,0.0190665759881594,24.6,2.8,12.600573,757.7166205320297,13.804941,758.9209891233382
2021-02-24 12:00:00,23.892507972279876,0.1523327283600004,-1.0,1.2246467991473532e-16,0.8660254037844387,0.49999999999999994,786.5804920277201,810.473,1060.228,baja_fd,0.0294797087284584,26.2,3.4,25.230036,811.8105278095804,24.75272,811.3332119068705
2021-02-24 13:00:00,31.899447955680102,0.150146568515734,-0.9659258262890683,-0.2588190451025208,0.8660254037844387,0.49999999999999994,777.2685520443199,809.168,1054.648,baja_fd,0.0394225277762839,27.8,4.1,31.91748,809.1860325130699,32.12042,809.3889705929039
2021-02-24 14:00:00,36.33966483786992,0.1489623604007119,-0.8660254037844388,-0.4999999999999997,0.8660254037844387,0.49999999999999994,721.3713351621301,757.711,967.394,baja_fd,0.0479597958032414,28.0,5.1,36.294445,757.6657801999719,37.413437,758.7847720517785
2021-02-24 15:00:00,32.599137121267404,0.1913496752858069,-0.7071067811865479,-0.7071067811865471,0.8660254037844387,0.49999999999999994,615.3688628787326,647.968,802.457,baja_fd,0.0503097948066376,27.0,6.4,30.471958,645.840821039133,32.398777,647.7676398867892
2021-02-24 16:00:00,21.126787596749978,0.2429799707644767,-0.5000000000000004,-0.8660254037844385,0.8660254037844387,0.49999999999999994,454.39121240325,475.518,571.47,baja_fd,0.0444289965821482,26.0,7.7,16.944462,471.33567422575976,20.598822,474.99003404326464
2021-02-24 17:00:00,-2.0649017230799984,0.4428157285911702,-0.25881904510252063,-0.9659258262890683,0.8660254037844387,0.49999999999999994,252.93090172308,250.866,304.476,mixto,0.0082310943813828,24.0,6.2,-3.2495062,249.68139548795733,-1.798991,251.1319107581905
2021-02-24 18:00:00,-8.910696639879994,0.7018542250529194,-1.8369701987210297e-16,-1.0,0.8660254037844387,0.49999999999999994,69.30469663987999,60.394,80.756,alta_fd,0.1475427466284729,23.0,5.1,-8.500018,60.80467852006798,-8.398118,60.90657862077599
2021-02-25 07:00:00,-9.557552867312497,0.8953301679390097,-0.25881904510252063,0.9659258262890683,0.8660254037844387,0.49999999999999994,87.7605528673125,78.203,97.995,alta_fd,0.1222146575874646,11.6,0.0,-10.606807,77.15374611224658,-9.997861,77.7626919588042
2021-02-25 08:00:00,-5.630039088932506,0.6050663614352924,-0.4999999999999998,0.8660254037844387,0.8660254037844387,0.49999999999999994,281.6810390889325,276.051,329.233,mixto,0.0203949237239948,16.0,1.5,-6.3177476,275.36329149600647,-7.236371,274.44466804858826
2021-02-25 09:00:00,-4.800739471132431,0.3616288405352254,-0.7071067811865475,0.7071067811865476,0.8660254037844387,0.49999999999999994,486.9667394711324,482.166,599.127,mixto,0.0099566113561147,20.0,1.0,-6.228558,480.73818140762535,-5.666794,481.29994564789024
2021-02-25 10:00:00,-39.53204057168011,0.2737628132889932,-0.8660254037844387,0.49999999999999994,0.8660254037844387,0.49999999999999994,648.4280405716801,608.896,828.936,baja_fd,0.0649241259126026,21.7,0.0,-35.113667,613.3143740372562,-35.602314,612.8257265763187
2021-02-25 11:00:00,-58.251437975170006,0.2041684077783585,-0.9659258262890682,0.258819045102521,0.8660254037844387,0.49999999999999994,748.78243797517,690.531,988.982,baja_fd,0.0843574553136209,24.0,0.0,-56.36756,692.4148766348379,-56.889854,691.8925835440176
2021-02-25 12:00:00,32.17281052146757,0.1437507163319318,-1.0,1.2246467991473532e-16,0.8660254037844387,0.49999999999999994,790.2111894785324,822.384,1064.847,baja_fd,0.0391213964783696,26.0,4.1,28.078962,818.2901518045823,30.445324,820.6565134226242
2021-02-25 13:00:00,32.02298186411997,0.1479347061615289,-0.9659258262890683,-0.2588190451025208,0.8660254037844387,0.49999999999999994,782.78601813588,814.809,1058.244,baja_fd,0.0393012127555291,26.9,4.1,30.717405,813.5034234550939,32.12042,814.906436684464
2021-02-25 14:00:00,5.675220697067516,0.1446779550494806,-0.8660254037844388,-0.4999999999999997,0.8660254037844387,0.49999999999999994,722.5407793029325,728.216,969.217,baja_fd,0.0077933205217511,28.0,2.1,7.6410203,730.1817996009366,7.795636,730.3364154799955
2021-02-25 15:00:00,32.11113492267998,0.2071773738749417,-0.7071067811865479,-0.7071067811865471,0.8660254037844387,0.49999999999999994,614.02386507732,646.135,804.548,baja_fd,0.0496972535502332,28.0,6.2,31.42669,645.4505542252692,30.538818,644.562683436695
2021-02-25 16:00:00,16.223670057469974,0.2826117752594717,-0.5000000000000004,-0.8660254037844385,0.8660254037844387,0.49999999999999994,450.0403299425301,466.264,569.546,baja_fd,0.0347950304065292,27.5,5.1,15.730771,465.7711010072884,16.834936,466.87526608449787
2021-02-25 17:00:00,-3.260909628680025,0.4371463771528418,-0.25881904510252063,-0.9659258262890683,0.8660254037844387,0.49999999999999994,249.17190962868003,245.911,302.636,mixto,0.0132605277058774,26.2,4.4,-4.2128334,244.959076224139,-1.9990554,247.17285424309043
2021-02-25 18:00:00,-8.089793915969999,0.7530055550504268,-1.8369701987210297e-16,-1.0,0.8660254037844387,0.49999999999999994,66.78179391597,58.692,78.422,alta_fd,0.1378346949493968,25.0,3.6,-8.121864,58.65992959712234,-8.295739,58.48605474208084
2021-02-26 07:00:00,-9.044755280292506,0.8998158437308269,-0.25881904510252063,0.9659258262890683,0.8660254037844387,0.49999999999999994,85.9247552802925,76.88,96.559,alta_fd,0.1176477013565622,13.3,1.0,-9.387691,76.53706473616408,-9.10425,76.82050532606887
2021-02-26 08:00:00,-11.190775096929997,0.6090851791771086,-0.4999999999999998,0.8660254037844387,0.8660254037844387,0.49999999999999994,278.08177509693,266.891,326.214,mixto,0.0419301328891944,17.0,0.0,-11.256426,266.82534923938607,-11.9514475,266.1303276100526
2021-02-26 09:00:00,4.610717022567542,0.3443623224990779,-0.7071067811865475,0.7071067811865476,0.8660254037844387,0.49999999999999994,482.5252829774325,487.136,595.933,mixto,0.0094649482332809,21.0,2.1,2.5426214,485.06790435156273,3.3652713,485.89055430731224
2021-02-26 10:00:00,-12.183147905170015,0.2765901172544076,-0.8660254037844387,0.49999999999999994,0.8660254037844387,0.49999999999999994,638.4021479051701,626.219,826.782,baja_fd,0.0194550914379314,24.7,1.0,-11.408013,626.994134561359,-11.5728445,626.82930339986
2021-02-26 11:00:00,18.54310153196741,0.2039461938371895,-0.9659258262890682,0.258819045102521,0.8660254037844387,0.49999999999999994,739.6848984680325,758.228,987.003,baja_fd,0.0244558385234618,26.3,3.1,16.253283,755.9381810150296,13.868388,753.5532866439969
2021-02-26 12:00:00,41.33167370602996,0.1507340793863192,-1.0,1.2246467991473532e-16,0.8660254037844387,0.49999999999999994,781.00632629397,822.338,1061.822,baja_fd,0.050261174487899,28.0,5.1,37.838696,818.845021820093,39.42166,820.4279876709231
2021-02-26 13:00:00,14.022223894407604,0.1464211659564462,-0.9659258262890683,-0.2588190451025208,0.8660254037844387,0.49999999999999994,768.4487761055924,782.471,1056.829,baja_fd,0.0179204390889983,30.6,2.6,15.799613,784.2483891045548,15.15364,783.6024158989884
2021-02-26 14:00:00,25.443233935567378,0.1442975352736621,-0.8660254037844388,-0.4999999999999997,0.8660254037844387,0.49999999999999994,710.9287660644326,736.372,966.667,baja_fd,0.0345521474683548,31.0,3.6,26.479057,737.4078233764443,26.369528,737.298293881205
2021-02-26 15:00:00,32.392037544270124,0.2070346958227958,-0.7071067811865479,-0.7071067811865471,0.8660254037844387,0.49999999999999994,606.8039624557299,639.196,802.034,baja_fd,0.0506762206651326,30.0,6.2,31.42669,638.2306516036791,30.577715,637.3816773757738
2021-02-26 16:00:00,16.686367007229933,0.2452393113495604,-0.5000000000000004,-0.8660254037844385,0.8660254037844387,0.49999999999999994,443.20363299277005,459.89,565.238,baja_fd,0.0362833873474742,29.4,5.1,13.983241,457.18687407400785,15.13312,458.33675257589994
2021-02-26 17:00:00,-2.247733820680025,0.4460761784518223,-0.25881904510252063,-0.9659258262890683,0.8660254037844387,0.49999999999999994,243.83673382068,241.589,297.836,mixto,0.009303957633336,27.7,6.2,-3.02662,240.81011390948615,-1.6743567,242.16237712169013
2021-02-26 18:00:00,-8.542616925000004,0.7240379070101103,-1.8369701987210297e-16,-1.0,0.8660254037844387,0.49999999999999994,64.393616925,55.851,75.9,alta_fd,0.1529536968899393,26.0,2.6,-7.2348356,57.15878130030518,-8.105585,56.2880318267334
2021-02-27 07:00:00,-9.257285329732513,0.9032048932341216,-0.25881904510252063,0.9659258262890683,0.8660254037844387,0.49999999999999994,83.84328532973251,74.586,94.193,alta_fd,0.124115589115015,13.3,0.0,-10.580704,73.26258159438095,-10.479417,73.3638684825035
2021-02-27 08:00:00,-8.722109424530004,0.6071338403748933,-0.4999999999999998,0.8660254037844387,0.8660254037844387,0.49999999999999994,276.54410942453,267.822,325.154,mixto,0.0325668146176565,17.6,0.5,-9.907922,266.63618763345335,-10.133307,266.4108019675598
2021-02-27 09:00:00,-4.425176985120061,0.3649445736680313,-0.7071067811865475,0.7071067811865476,0.8660254037844387,0.49999999999999994,479.34317698512007,474.918,594.408,mixto,0.0093177706153905,22.0,1.0,-6.228558,473.114618921613,-5.698427,473.6447497848027
2021-02-27 10:00:00,-3.176395728519992,0.2765861910527209,-0.8660254037844387,0.49999999999999994,0.8660254037844387,0.49999999999999994,635.77339572852,632.597,825.012,baja_fd,0.0050211994816921,25.2,1.5,-3.502029,632.2713667864118,-4.2581143,631.5152813905988
2021-02-27 11:00:00,-7.065345671232421,0.202035332446792,-0.9659258262890682,0.258819045102521,0.8660254037844387,0.49999999999999994,737.7593456712324,730.694,987.707,baja_fd,0.0096693631961291,27.0,1.5,-6.8391294,730.9202162232954,-7.111916,730.6474296060163
2021-02-27 12:00:00,20.820475917187423,0.1503621007553907,-1.0,1.2246467991473532e-16,0.8660254037844387,0.49999999999999994,779.6095240828125,800.43,1059.575,baja_fd,0.0260116136541451,28.0,3.1,19.298958,798.9084819075196,19.52637,799.1358931776612
2021-02-27 13:00:00,13.459128210367451,0.1673093105025301,-0.9659258262890683,-0.2588190451025208,0.8660254037844387,0.49999999999999994,778.0428717896325,791.502,1064.123,baja_fd,0.0170045409997289,29.2,2.6,15.799613,793.8424847885949,15.012994,793.0558656021935
2021-02-27 14:00:00,24.6380789891075,0.1671377503692125,-0.8660254037844388,-0.4999999999999997,0.8660254037844387,0.49999999999999994,720.4329210108925,745.071,969.049,baja_fd,0.0330680955091628,28.6,3.6,26.619236,747.0521570033242,26.22888,746.6618009394814
2021-02-27 15:00:00,25.463602354607588,0.1888790381240974,-0.7071067811865479,-0.7071067811865471,0.8660254037844387,0.49999999999999994,608.8753976453925,634.339,796.949,baja_fd,0.0401419467423689,28.0,4.6,26.432932,635.3083295454169,27.38426,636.2596578230048
2021-02-27 16:00:00,16.282690867680003,0.2497644043424141,-0.5000000000000004,-0.8660254037844385,0.8660254037844387,0.49999999999999994,443.66830913232,459.951,560.552,baja_fd,0.0354009250282747,27.4,5.1,13.610478,457.2787875335041,15.13312,458.8014287154499
2021-02-27 17:00:00,-2.3753830031324696,0.4489530956908698,-0.25881904510252063,-0.9659258262890683,0.8660254037844387,0.49999999999999994,240.93138300313248,238.556,291.977,mixto,0.0099573391703938,26.0,6.7,-3.1977444,237.73363863362565,-1.3552562,239.57612680329575
2021-02-27 18:00:00,-8.239618917832502,0.73444773025805,-1.8369701987210297e-16,-1.0,0.8660254037844387,0.49999999999999994,62.4896189178325,54.25,73.037,alta_fd,0.151882376365576,24.0,3.6,-7.9634743,54.52614464415086,-8.105187,54.38443150175584
2021-02-28 07:00:00,-9.042565396480017,0.9095269120759696,-0.25881904510252063,0.9659258262890683,0.8660254037844387,0.49999999999999994,82.37456539648001,73.332,92.416,alta_fd,0.1233099519511266,13.0,0.0,-10.244369,72.13019684331839,-9.81313,72.56143501775686
2021-02-28 08:00:00,-11.032605853532516,0.611184414626955,-0.4999999999999998,0.8660254037844387,0.8660254037844387,0.49999999999999994,274.7606058535325,263.728,322.153,mixto,0.0418332746372494,17.0,0.0,-11.256426,263.5041799959886,-11.9514475,262.8091583666551
2021-02-28 09:00:00,-4.208115474192539,0.3468000216382956,-0.7071067811865475,0.7071067811865476,0.8660254037844387,0.49999999999999994,479.9411154741925,475.733,592.469,mixto,0.0088455404064728,21.0,1.0,-6.2484155,473.6927000040692,-5.666794,474.2743216509503
2021-02-28 10:00:00,-11.935414552932455,0.2797262288076599,-0.8660254037844387,0.49999999999999994,0.8660254037844387,0.49999999999999994,635.7204145529324,623.785,822.033,baja_fd,0.0191338595075746,24.5,1.0,-11.474923,624.2454914190823,-11.5728445,624.1475700476224
2021-02-28 11:00:00,-6.06340083200007,0.1620901104886775,-0.9659258262890682,0.258819045102521,0.8660254037844387,0.49999999999999994,729.934400832,723.871,975.52,baja_fd,0.008376355499806,27.0,1.5,-6.0738115,723.8605893009332,-4.75194,725.1824610584405
2021-02-28 12:00:00,4.430261072120061,0.1554998907152854,-1.0,1.2246467991473532e-16,0.8660254037844387,0.49999999999999994,777.03873892788,781.469,1055.444,baja_fd,0.0056691449975879,28.0,2.1,5.0876203,782.1263591862113,4.179524,781.2182628727347
2021-02-28 13:00:00,20.840935216867592,0.1556583768325674,-0.9659258262890683,-0.2588190451025208,0.8660254037844387,0.49999999999999994,766.5390647831324,787.38,1047.273,baja_fd,0.0264687129681571,29.5,3.1,21.305073,787.8441375675562,21.234518,787.7735828342799
2021-02-28 14:00:00,36.40580356300006,0.174183996441351,-0.8660254037844388,-0.4999999999999997,0.8660254037844387,0.49999999999999994,711.6571964369999,748.063,962.58,baja_fd,0.0486667614398788,30.0,5.1,36.294445,747.9516414748417,34.793907,746.4511036025273
2021-02-28 15:00:00,27.321823643000016,0.1993370615636111,-0.7071067811865479,-0.7071067811865471,0.8660254037844387,0.49999999999999994,600.099176357,627.421,788.02,baja_fd,0.0435462371246738,29.0,5.1,27.694296,627.7934722401787,27.418985,627.5181617238213
2021-02-28 16:00:00,13.449229755307556,0.2686167270143465,-0.5000000000000004,-0.8660254037844385,0.8660254037844387,0.49999999999999994,438.63877024469247,452.088,556.031,baja_fd,0.0297491412187617,28.3,4.1,12.278175,450.9169455986964,12.657167,451.29593767938485
2021-02-28 17:00:00,-2.7951392013325176,0.4610520717428048,-0.25881904510252063,-0.9659258262890683,0.8660254037844387,0.49999999999999994,235.9151392013325,233.12,285.663,mixto,0.0119901304106576,26.0,6.2,-3.5468912,232.36824798886911,-1.7628957,234.15224349801676
2021-02-28 18:00:00,-7.213165646192493,0.7943647658779143,-1.8369701987210297e-16,-1.0,0.8660254037844387,0.49999999999999994,60.53416564619249,53.321,70.731,alta_fd,0.1352781389357381,24.0,6.2,-7.91234,52.62182548200792,-7.753077,52.78108861601061
2021-03-01 07:00:00,-8.399099205330003,0.9185675616990716,-0.25881904510252063,0.9659258262890683,0.5000000000000001,0.8660254037844386,78.83409920533,70.435,89.026,alta_fd,0.1192461021556045,14.8,0.5,-8.102292,70.73180714447795,-8.638361,70.19573822815715
2021-03-01 08:00:00,-8.495185414930006,0.6248020669412332,-0.4999999999999998,0.8660254037844387,0.5000000000000001,0.8660254037844386,268.43018541493,259.935,317.086,mixto,0.0326819605475599,19.0,0.5,-7.915276,260.5149093643624,-8.018319,260.41186628498616
2021-03-01 09:00:00,-4.123652775932555,0.3528961330223285,-0.7071067811865475,0.7071067811865476,0.5000000000000001,0.8660254037844386,474.12165277593255,469.998,587.383,mixto,0.008773766645672,22.0,1.0,-4.238942,469.8827106296313,-3.4775264,470.64412634961724
2021-03-01 10:00:00,-22.328329270992526,0.2371947880865204,-0.8660254037844387,0.49999999999999994,0.5000000000000001,0.8660254037844386,631.8303292709925,609.502,818.411,baja_fd,0.0366337260107309,25.0,0.5,-20.542501,611.2878278214075,-18.372202,613.4581273514368
2021-03-01 11:00:00,-35.074667316032446,0.2070870394334294,-0.9659258262890682,0.258819045102521,0.5000000000000001,0.8660254037844386,732.5916673160325,697.517,979.653,baja_fd,0.0502850357998908,27.0,0.5,-34.628456,697.9632112003098,-34.387184,698.2044831729661
2021-03-01 12:00:00,-42.31624790533249,0.1747121829313714,-1.0,1.2246467991473532e-16,0.5000000000000001,0.8660254037844386,778.8762479053324,736.56,1064.287,baja_fd,0.057451189183953,29.0,0.5,-40.647346,738.2289014087504,-42.91538,735.9608693347758
2021-03-01 13:00:00,-41.21113642399246,0.1712010094162041,-0.9659258262890683,-0.2588190451025208,0.5000000000000001,0.8660254037844386,767.5821364239924,726.371,1057.789,baja_fd,0.0567356577065885,31.0,0.5,-38.206837,729.375299723553,-38.85406,728.7280752972835
2021-03-01 14:00:00,46.189518202567456,0.1625663554974173,-0.8660254037844388,-0.4999999999999997,0.5000000000000001,0.8660254037844386,708.6394817974325,754.829,968.317,baja_fd,0.0611920291914691,32.0,6.7,46.32483,754.964310898995,45.52112,754.160599961495
2021-03-01 15:00:00,35.35642294566753,0.2066714722868897,-0.7071067811865479,-0.7071067811865471,0.5000000000000001,0.8660254037844386,599.0055770543324,634.362,794.487,baja_fd,0.0557354049354588,31.0,7.2,35.306206,634.3117828038442,33.565704,632.5712814000356
2021-03-01 16:00:00,20.050686236749986,0.2942418380545389,-0.5000000000000004,-0.8660254037844385,0.5000000000000001,0.8660254037844386,431.45731376325,451.508,553.23,baja_fd,0.0444082635008681,31.0,7.7,18.650387,450.10770057355273,18.94277,450.40008376752246
2021-03-01 17:00:00,-2.307378020812507,0.4552193489610324,-0.25881904510252063,-0.9659258262890683,0.5000000000000001,0.8660254037844386,231.5163780208125,229.209,283.815,mixto,0.0100666990424132,29.0,7.7,-0.7587963,230.7575817461505,0.78632534,232.30270335631513
2021-03-01 18:00:00,-7.565716367992486,0.75717578973402,-1.8369701987210297e-16,-1.0,0.5000000000000001,0.8660254037844386,57.00271636799248,49.437,67.389,alta_fd,,27.0,7.2,-6.791829,50.21088725880058,-6.25602,50.74669629887016
2021-03-02 07:00:00,-8.499340296292488,0.921965777441539,-0.25881904510252063,0.9659258262890683,0.5000000000000001,0.8660254037844386,77.78234029629249,69.283,87.791,alta_fd,0.1226756967263612,14.7,0.0,-8.633381,69.14895940639991,-8.930129,68.85221124508399
2021-03-02 08:00:00,-6.75079380803254,0.626260407296145,-0.4999999999999998,0.8660254037844387,0.5000000000000001,0.8660254037844386,265.8787938080325,259.128,313.947,mixto,0.0260519658548383,19.0,1.0,-5.8612657,260.01752814870025,-6.3283043,259.55048951726104
2021-03-02 09:00:00,-4.202351877092497,0.3738808807164739,-0.7071067811865475,0.7071067811865476,0.5000000000000001,0.8660254037844386,471.2093518770925,467.007,583.471,mixto,0.0089984772756992,22.0,1.0,-4.238942,466.97040973079123,-3.547654,467.6616979635946
2021-03-02 10:00:00,-11.485552623332524,0.2784522823295001,-0.8660254037844387,0.49999999999999994,0.5000000000000001,0.8660254037844386,629.6475526233326,618.162,818.513,baja_fd,0.0185801660783621,25.8,1.0,-9.470181,620.1773711581836,-9.167812,620.4797402759204
2021-03-02 11:00:00,5.017166408120147,0.2025218085723902,-0.9659258262890682,0.258819045102521,0.5000000000000001,0.8660254037844386,730.6928335918799,735.71,981.956,baja_fd,0.0068194892119451,28.0,2.1,4.441504,735.1343375934973,4.320848,735.0136815800086
2021-03-02 12:00:00,33.506744144120034,0.1685897767280738,-1.0,1.2246467991473532e-16,0.5000000000000001,0.8660254037844386,772.38225585588,805.889,1065.644,baja_fd,0.0415773687742605,31.0,4.1,30.943653,803.3259089625694,31.66932,804.051575008712
2021-03-02 13:00:00,38.15279309872005,0.1651892618757507,-0.9659258262890683,-0.2588190451025208,0.5000000000000001,0.8660254037844386,765.35020690128,803.503,1058.904,baja_fd,0.0474830748593596,31.8,4.6,36.32198,801.6721864239851,37.464066,802.8142724530378
2021-03-02 14:00:00,43.58775730268746,0.1599673183519478,-0.8660254037844388,-0.4999999999999997,0.5000000000000001,0.8660254037844386,710.6622426973125,754.25,966.245,baja_fd,0.057789535701276,31.0,6.2,43.158344,753.8205869661114,43.61201,754.2742536531231
2021-03-02 15:00:00,36.103731792187546,0.2111634912848616,-0.7071067811865479,-0.7071067811865471,0.5000000000000001,0.8660254037844386,598.3342682078124,634.438,789.425,baja_fd,0.0569066351514057,30.0,7.7,35.49674,633.8310066416503,34.25235,632.5866180613281
2021-03-02 16:00:00,20.181588677119976,0.2971328835175428,-0.5000000000000004,-0.8660254037844385,0.5000000000000001,0.8660254037844386,434.13641132288,454.318,549.344,baja_fd,0.0444217237202135,28.1,8.2,18.650387,452.78679813318274,18.903873,453.0402847664835
2021-03-02 17:00:00,-2.9496954900324965,0.4624824824128335,-0.25881904510252063,-0.9659258262890683,0.5000000000000001,0.8660254037844386,229.2186954900325,226.269,278.453,mixto,0.0130362333772301,27.0,6.7,-2.1535215,227.06517395225174,0.32956013,229.54825562086708
2021-03-02 18:00:00,-7.332616921592489,0.7696290865438578,-1.8369701987210297e-16,-1.0,0.5000000000000001,0.8660254037844386,55.08961692159249,47.757,64.579,alta_fd,,25.0,6.7,-6.4471574,48.6424595386274,-6.384347,48.70526995961739
2021-03-03 07:00:00,-8.081147533312503,0.9253535533040206,-0.25881904510252063,0.9659258262890683,0.5000000000000001,0.8660254037844386,76.3631475333125,68.282,85.435,alta_fd,0.1183496021398392,12.5,1.0,-6.7039714,69.65917614735669,-6.905912,69.45723561085767
2021-03-03 08:00:00,-6.252359980319966,0.6277264939260625,-0.4999999999999998,0.8660254037844387,0.5000000000000001,0.8660254037844386,266.97335998032,260.721,312.648,mixto,0.0239810371252026,17.0,1.2,-5.7872643,261.1860956332436,-6.049991,260.92336884949117
2021-03-03 09:00:00,0.27151593806758,0.3721731837172239,-0.7071067811865475,0.7071067811865476,0.5000000000000001,0.8660254037844386,474.0484840619324,474.32,584.583,mixto,0.0005724319827702,21.0,1.5,-0.4051409,473.64334315536007,0.28716394,474.3356480049847
2021-03-03 10:00:00,-3.0308662198125376,0.2816573658332608,-0.8660254037844387,0.49999999999999994,0.5000000000000001,0.8660254037844386,632.0858662198125,629.055,815.505,baja_fd,0.004818125950533,24.2,1.5,-2.143042,629.9428241322576,-2.5594347,629.526431567484
2021-03-03 11:00:00,4.590191300280026,0.2049817066148984,-0.9659258262890682,0.258819045102521,0.5000000000000001,0.8660254037844386,735.00480869972,739.595,978.172,baja_fd,0.0062063579395209,26.0,2.1,5.170443,740.1752517577339,4.1083307,739.1131394263435
2021-03-03 12:00:00,45.47993012927998,0.1729880748481671,-1.0,1.2246467991473532e-16,0.5000000000000001,0.8660254037844386,780.20206987072,825.682,1060.528,baja_fd,0.055081653868293,28.0,5.7,41.51259,821.7146583716966,43.050922,823.2529922645189
2021-03-03 13:00:00,41.25135282586746,0.1650891240485319,-0.9659258262890683,-0.2588190451025208,0.5000000000000001,0.8660254037844386,774.4246471741326,815.676,1055.327,baja_fd,0.0505732090019412,28.7,5.1,40.8514,815.2760456421502,41.68336,816.1080082275994
2021-03-03 14:00:00,47.26425834150746,0.1621845989060171,-0.8660254037844388,-0.4999999999999997,0.5000000000000001,0.8660254037844386,714.5407416584925,761.805,961.911,baja_fd,0.0620424627581959,29.0,7.2,47.00321,761.5439498188929,46.56527,761.1060111287073
2021-03-03 15:00:00,34.27913191006746,0.2127827350522457,-0.7071067811865479,-0.7071067811865471,0.5000000000000001,0.8660254037844386,600.2048680899326,634.484,785.383,baja_fd,0.0540267869797622,28.3,7.2,35.040028,635.2448957083408,33.52681,633.7316777823154
2021-03-03 16:00:00,18.84635784520748,0.2890489949796197,-0.5000000000000004,-0.8660254037844385,0.5000000000000001,0.8660254037844386,432.2556421547925,451.102,545.491,baja_fd,0.0417784843454639,27.6,7.2,18.486773,450.74241469202394,18.403463,450.65910551843996
2021-03-03 17:00:00,-2.9998382892499933,0.471037395780502,-0.25881904510252063,-0.9659258262890683,0.5000000000000001,0.8660254037844386,227.96183828925,224.962,274.49,mixto,0.0133348667297143,25.0,7.2,-2.40887,225.55296830748426,-0.028130557,227.93370773186194
2021-03-03 18:00:00,-7.024696078879998,0.7857611619081682,-1.8369701987210297e-16,-1.0,0.5000000000000001,0.8660254037844386,53.03969607888,46.015,61.656,alta_fd,,23.0,7.2,-6.0195174,47.02017865715759,-5.8392315,47.20046458779113
2021-03-04 07:00:00,-7.869099708692502,0.9296371297285184,-0.25881904510252063,0.9659258262890683,0.5000000000000001,0.8660254037844386,75.0630997086925,67.194,84.031,alta_fd,0.117110154309797,12.7,1.5,-6.0281196,69.03498014463611,-6.3173146,68.74578508390613
2021-03-04 08:00:00,-6.769073378532482,0.6312824588359583,-0.4999999999999998,0.8660254037844387,0.5000000000000001,0.8660254037844386,264.8800733785325,258.111,310.097,mixto,0.0262254354852465,17.0,1.0,-5.897554,258.9825194577866,-6.3037624,258.5763109426194
2021-03-04 09:00:00,-4.010170105792497,0.3560931010120837,-0.7071067811865475,0.7071067811865476,0.5000000000000001,0.8660254037844386,473.8851701057925,469.875,581.691,mixto,0.008534546647071,20.0,1.0,-4.1289353,469.75623476872585,-3.4458935,470.4392765797152
2021-03-04 10:00:00,-3.293800745312524,0.2851755649243347,-0.8660254037844387,0.49999999999999994,0.5000000000000001,0.8660254037844386,635.0358007453125,631.742,811.675,baja_fd,0.005213838474112,22.2,1.5,-2.2992568,632.7365439437073,-1.980146,633.0556546948593
2021-03-04 11:00:00,18.750513197879968,0.1804356225771394,-0.9659258262890682,0.258819045102521,0.5000000000000001,0.8660254037844386,736.10748680212,754.858,974.692,baja_fd,0.0248397886726774,25.0,3.1,16.483624,752.5911103067587,16.988234,753.0957203684042
2021-03-04 12:00:00,20.609827845470026,0.1526417689812412,-1.0,1.2246467991473532e-16,0.5000000000000001,0.8660254037844386,776.78917215453,797.399,1049.254,baja_fd,0.0258463176470876,27.0,3.1,19.685633,796.4748048602185,20.57176,797.3609323321423
2021-03-04 13:00:00,20.82815803071992,0.1486301282505975,-0.9659258262890683,-0.2588190451025208,0.5000000000000001,0.8660254037844386,767.0118419692801,787.84,1041.104,baja_fd,0.0264370405548333,28.3,3.1,22.624535,789.6363765762137,22.350605,789.3624469802664
2021-03-04 14:00:00,32.859187417630096,0.1469394265698778,-0.8660254037844388,-0.4999999999999997,0.5000000000000001,0.8660254037844386,705.85481258237,738.714,948.358,baja_fd,0.0444816091445811,29.0,4.6,34.16731,740.022121389743,34.709023,740.5638351043426
2021-03-04 15:00:00,27.2054835199674,0.1945602317993828,-0.7071067811865479,-0.7071067811865471,0.5000000000000001,0.8660254037844386,593.4445164800326,620.65,778.203,baja_fd,0.0438338572786069,29.0,5.1,27.807924,621.2524407506625,29.99647,623.4409859777132
2021-03-04 16:00:00,17.704607856749988,0.2492467954117641,-0.5000000000000004,-0.8660254037844385,0.5000000000000001,0.8660254037844386,429.49439214325,447.199,541.73,baja_fd,0.0395899987628549,27.6,6.2,16.183348,445.6777398452764,17.738913,447.2333047256475
2021-03-04 17:00:00,-4.007185455692479,0.4758547694263324,-0.25881904510252063,-0.9659258262890683,0.5000000000000001,0.8660254037844386,223.97818545569248,219.971,270.681,mixto,0.0182168806601437,26.0,5.1,-4.5567684,219.42141703833408,-0.8638657,223.11431978215046
2021-03-04 18:00:00,-6.242417252532498,0.8517043297858519,-1.8369701987210297e-16,-1.0,0.5000000000000001,0.8660254037844386,50.8214172525325,44.579,59.297,alta_fd,,24.0,4.1,-6.20502,44.6163973016658,-6.201821,44.619596402160184
2021-03-05 07:00:00,-2.394106296319997,1.0,-0.25881904510252063,0.9659258262890683,0.5000000000000001,0.8660254037844386,21.35910629632,18.965,23.648,alta_fd,,11.7,2.6,-2.5798442,18.7792620599461,-2.7423525,18.616753810663262
2021-03-05 08:00:00,-4.8221884987199815,0.9563667188220276,-0.4999999999999998,0.8660254037844387,0.5000000000000001,0.8660254037844386,143.60218849871998,138.78,163.128,alta_fd,0.0347469988378727,14.0,2.1,-5.8629823,137.73920622561818,-5.7971554,137.80503311847096
2021-03-05 09:00:00,-0.6634073362924937,0.7427411806360431,-0.7071067811865475,0.7071067811865476,0.5000000000000001,0.8660254037844386,349.0214073362925,348.358,412.241,alta_fd,0.001904383812895,16.0,3.1,3.4881983,352.50960561662697,-0.23811963,348.7832877042868
2021-03-05 10:00:00,3.394353210670033,0.4969855089693906,-0.8660254037844387,0.49999999999999994,0.5000000000000001,0.8660254037844386,553.97664678933,557.371,690.174,mixto,0.0060899350893211,20.1,2.6,6.9794855,560.9561323011097,4.7646265,558.7412732923207
2021-03-05 11:00:00,12.344257588767505,0.3802109310360844,-0.9659258262890682,0.258819045102521,0.5000000000000001,0.8660254037844386,695.6117424112325,707.956,903.707,mixto,0.0174364756973138,23.0,3.1,12.8436365,708.4553789239889,11.673551,707.2852930170064
2021-03-05 12:00:00,28.245374042080016,0.2599484720636132,-1.0,1.2246467991473532e-16,0.5000000000000001,0.8660254037844386,770.8386259579199,799.084,1028.568,baja_fd,0.0353471900852476,25.0,4.1,28.316467,799.1550932430762,24.855812,795.6944380306738
2021-03-05 13:00:00,31.04957763980758,0.1612017156420534,-0.9659258262890683,-0.2588190451025208,0.5000000000000001,0.8660254037844386,773.8834223601924,804.933,1037.819,baja_fd,0.0385741144167372,25.8,4.1,31.071648,804.9550700042354,32.04137,805.9247927520381
2021-03-05 14:00:00,33.331586799870024,0.1994470082235627,-0.8660254037844388,-0.4999999999999997,0.5000000000000001,0.8660254037844386,704.6704132001299,738.002,931.594,baja_fd,0.0451646293639719,26.0,5.1,35.430824,740.1012374799151,32.656586,737.3269988934893
2021-03-05 15:00:00,23.865385401720005,0.2538146475603819,-0.7071067811865479,-0.7071067811865471,0.5000000000000001,0.8660254037844386,581.25861459828,605.124,749.004,baja_fd,0.0394388346879647,26.0,5.1,25.501762,606.7603769884167,24.051577,605.3101912126599
2021-03-05 16:00:00,14.141981537167451,0.3626908294486074,-0.5000000000000004,-0.8660254037844385,0.5000000000000001,0.8660254037844386,403.2260184628325,417.368,500.363,mixto,0.0338837226073092,25.1,6.7,11.98003,415.20604852264694,13.189391,416.4154095990019
2021-03-05 17:00:00,-3.9228053534799594,0.5370864138884142,-0.25881904510252063,-0.9659258262890683,0.5000000000000001,0.8660254037844386,211.53280535348,207.61,251.884,mixto,0.0188950693775827,23.0,5.7,-4.719835,206.8129705489451,-5.012366,206.52043953545632
2021-03-05 18:00:00,-5.281083828,0.9152177790852956,-1.8369701987210297e-16,-1.0,0.5000000000000001,0.8660254037844386,46.835083828,41.554,53.96,alta_fd,,21.0,5.1,-6.1514325,40.68365131380933,-5.7963,41.038783893612795
2021-03-06 07:00:00,-2.43335244032,1.0,-0.25881904510252063,0.9659258262890683,0.5000000000000001,0.8660254037844386,21.25335244032,18.82,23.648,alta_fd,,13.0,1.0,-3.415064,17.838288343869195,-3.4900072,17.763345278225884
2021-03-06 08:00:00,-4.7355031048125085,1.0,-0.4999999999999998,0.8660254037844387,0.5000000000000001,0.8660254037844386,74.3565031048125,69.621,83.655,alta_fd,0.0680183149453829,14.0,0.0,-7.560943,66.79555997813404,-5.8074665,68.5490365978545
2021-03-06 09:00:00,-0.9765621969999644,0.4631784805514597,-0.7071067811865475,0.7071067811865476,0.5000000000000001,0.8660254037844386,467.729562197,466.753,565.78,mixto,0.002092246213736,17.0,1.5,-0.8712431,466.8583190777602,-0.17468625,467.5548759439292
2021-03-06 10:00:00,4.790803283607602,0.2543754997326263,-0.8660254037844387,0.49999999999999994,0.5000000000000001,0.8660254037844386,634.3001967163924,639.091,801.901,baja_fd,0.0074962771868287,20.0,2.1,4.1365952,638.4367919655684,5.0389886,639.3391853066329
2021-03-06 11:00:00,22.537103133007577,0.2009230544670591,-0.9659258262890682,0.258819045102521,0.5000000000000001,0.8660254037844386,736.4278968669925,758.965,959.989,baja_fd,0.0296945223205385,22.0,3.6,20.521784,756.9496806957278,20.822891,757.250788102344
2021-03-06 12:00:00,30.48843129218756,0.1722085600053495,-1.0,1.2246467991473532e-16,0.5000000000000001,0.8660254037844386,781.8175687078125,812.306,1040.175,baja_fd,0.0375331848985327,24.0,4.1,27.417295,809.2348641637451,30.924564,812.7421330693847
2021-03-06 13:00:00,4.149504961920002,0.6949490885471359,-0.9659258262890683,-0.2588190451025208,0.5000000000000001,0.8660254037844386,443.31949503808,447.469,555.376,mixto,0.0092732791811723,25.6,6.2,7.9873857,451.3068807878969,5.570616,448.8901108065126
2021-03-06 14:00:00,1.2258756780800013,0.82711139756893,-0.8660254037844388,-0.4999999999999997,0.5000000000000001,0.8660254037844386,393.43812432192,394.664,491.632,alta_fd,0.0031061249013844,27.0,6.2,11.032859,404.47098317049176,4.6590276,398.0971518983665
2021-03-06 15:00:00,0.2309601720000387,0.8526738900367553,-0.7071067811865479,-0.7071067811865471,0.5000000000000001,0.8660254037844386,326.769039828,327.0,399.96,alta_fd,0.0007063002201836,25.0,7.2,11.905213,338.6742531840181,4.1066003,330.87564011257643
2021-03-06 16:00:00,-2.505696942879979,0.9219434290871498,-0.5000000000000004,-0.8660254037844385,0.5000000000000001,0.8660254037844386,229.18969694288,226.684,276.856,alta_fd,0.0110537000532899,25.7,5.7,0.022138331,229.21183527396545,-3.2612262,225.92847076566443
2021-03-06 17:00:00,-3.8087708543700094,0.9629837043575472,-0.25881904510252063,-0.9659258262890683,0.5000000000000001,0.8660254037844386,116.78477085437,112.976,138.758,alta_fd,0.0337130970681384,26.0,5.7,-6.9974856,109.7872852167052,-6.89511,109.88966072405994
2021-03-06 18:00:00,-5.32480853397,0.9204261943331652,-1.8369701987210297e-16,-1.0,0.5000000000000001,0.8660254037844386,46.34580853397,41.021,53.822,alta_fd,,23.0,5.1,-6.1514325,40.19437601977933,-5.7963,40.54950859958279
2021-03-07 07:00:00,-8.135074996392504,0.9306437828676926,-0.25881904510252063,0.9659258262890683,0.5000000000000001,0.8660254037844386,68.9000749963925,60.765,77.549,alta_fd,0.1338776433208673,14.3,0.0,-8.162845,60.737230338494555,-8.254061,60.64601425115325
2021-03-07 08:00:00,-9.292698333000004,0.6478858904345959,-0.4999999999999998,0.8660254037844387,0.5000000000000001,0.8660254037844386,255.255698333,245.963,299.14,mixto,0.0377808789655354,17.6,0.2,-8.466154,246.78954423448926,-8.861246,246.3944522239912
2021-03-07 09:00:00,-9.20540907517011,0.388651642508047,-0.7071067811865475,0.7071067811865476,0.5000000000000001,0.8660254037844386,456.3604090751701,447.155,561.018,mixto,0.020586617783923,21.0,0.5,-7.567411,448.79299812927775,-6.9597874,449.40062170639567
2021-03-07 10:00:00,-10.531098520432463,0.2706055340689066,-0.8660254037844387,0.49999999999999994,0.5000000000000001,0.8660254037844386,614.7570985204325,604.226,785.717,baja_fd,0.0174290721028761,23.0,1.0,-7.8613744,606.8957241422281,-8.2615185,606.4955800420389
2021-03-07 11:00:00,3.945310363630029,0.2324972325829943,-0.9659258262890682,0.258819045102521,0.5000000000000001,0.8660254037844386,716.14668963637,720.092,944.158,baja_fd,0.005478897645898,25.0,2.1,5.454093,721.6007826158011,4.298842,720.4455315896475
2021-03-07 12:00:00,44.30546947842993,0.2049287249855721,-1.0,1.2246467991473532e-16,0.5000000000000001,0.8660254037844386,761.46453052157,805.77,1019.398,baja_fd,0.0549852556913634,26.0,6.2,42.81825,804.2827792703494,40.793507,802.2580371438845
2021-03-07 13:00:00,29.439375351520084,0.1978752017527509,-0.9659258262890683,-0.2588190451025208,0.5000000000000001,0.8660254037844386,752.7766246484799,782.216,1011.784,baja_fd,0.0376358644562628,27.1,4.1,31.417786,784.1944102930112,29.438358,782.2149829553647
2021-03-07 14:00:00,39.556513191907584,0.1805035773125663,-0.8660254037844388,-0.4999999999999997,0.5000000000000001,0.8660254037844386,698.2544868080925,737.811,926.679,baja_fd,0.0536133416171724,27.0,6.2,40.82746,739.0819480507682,40.806454,739.0609405129264
2021-03-07 15:00:00,29.414311310719995,0.2181733382964449,-0.7071067811865479,-0.7071067811865471,0.5000000000000001,0.8660254037844386,587.50468868928,616.919,759.504,baja_fd,0.0476793733224621,26.4,6.2,29.91509,617.4197792501931,28.22812,615.732809493113
2021-03-07 16:00:00,16.594180208267517,0.2670746728666231,-0.5000000000000004,-0.8660254037844385,0.5000000000000001,0.8660254037844386,420.68081979173246,437.275,525.343,baja_fd,0.0379490714270596,25.8,6.2,11.5717745,432.2525942744595,15.97526,436.65607957261625
2021-03-07 17:00:00,-4.137267766920019,0.5021530690870457,-0.25881904510252063,-0.9659258262890683,0.5000000000000001,0.8660254037844386,213.35926776692003,209.222,254.132,mixto,0.019774535024615,23.0,6.2,-3.9498274,209.40944033428758,-4.6187572,208.74051051899522
2021-03-07 18:00:00,-5.115703058770002,0.9283313727157866,-1.8369701987210297e-16,-1.0,0.5000000000000001,0.8660254037844386,42.95670305877,37.841,49.662,alta_fd,,22.0,4.1,-5.822512,37.13419090895921,-5.6316066,37.3250964799431
2021-03-08 07:00:00,-7.709627914880002,0.9349848326284969,-0.25881904510252063,0.9659258262890683,0.5000000000000001,0.8660254037844386,67.84662791488,60.137,76.144,alta_fd,0.1282010727984436,13.6,1.5,-5.9322352,61.91439267394372,-5.9415507,61.90507718322107
2021-03-08 08:00:00,-8.140305922120007,0.6479875937059447,-0.4999999999999998,0.8660254037844387,0.5000000000000001,0.8660254037844386,255.50430592212,247.364,298.692,mixto,0.0329082078318591,17.0,0.5,-8.036664,247.46764191302577,-8.0407,247.46360596331874
2021-03-08 09:00:00,-3.780571575932527,0.3896959129101462,-0.7071067811865475,0.7071067811865476,0.5000000000000001,0.8660254037844386,459.0695715759325,455.289,564.617,mixto,0.0083036743166044,21.0,1.0,-3.9658294,455.1037422035265,-3.5837789,455.4857927177477
2021-03-08 10:00:00,-10.379896098080051,0.2542271557062069,-0.8660254037844387,0.49999999999999994,0.5000000000000001,0.8660254037844386,621.95789609808,611.578,798.024,baja_fd,0.0169723176734284,23.5,1.0,-9.68927,612.2686260785488,-8.909168,613.0487278546718
2021-03-08 11:00:00,12.389006346687552,0.1977760970894554,-0.9659258262890682,0.258819045102521,0.5000000000000001,0.8660254037844386,721.3489936533125,733.738,957.115,baja_fd,0.0168847822338321,26.0,2.6,10.764566,732.1135600748213,11.83982,733.1888135614546
2021-03-08 12:00:00,13.081537290307551,0.1682857135072056,-1.0,1.2246467991473532e-16,0.5000000000000001,0.8660254037844386,768.3464627096924,781.428,1035.831,baja_fd,0.0167405535638696,27.0,2.6,14.133142,782.4796051810059,14.3335,782.6799626181397
2021-03-08 13:00:00,-21.367963709392484,0.1627144328978348,-0.9659258262890683,-0.2588190451025208,0.5000000000000001,0.8660254037844386,762.7529637093925,741.385,1028.651,baja_fd,0.0288216833485874,27.3,1.0,-17.636312,745.1166512246513,-20.050098,742.702865290203
2021-03-08 14:00:00,32.23531484651994,0.1545799189641951,-0.8660254037844388,-0.4999999999999997,0.5000000000000001,0.8660254037844386,701.84368515348,734.079,937.116,baja_fd,0.0439125963915599,28.0,4.6,34.16731,736.010993960853,34.709023,736.5527076754527
2021-03-08 15:00:00,28.77218816018751,0.2022223899552596,-0.7071067811865479,-0.7071067811865471,0.5000000000000001,0.8660254037844386,586.3088118398125,615.081,763.855,baja_fd,0.0467778847992175,28.0,5.7,29.240068,615.5488802754815,29.513945,615.822756465667
2021-03-08 16:00:00,16.149359221880047,0.259985063891422,-0.5000000000000004,-0.8660254037844385,0.5000000000000001,0.8660254037844386,417.71864077812,433.868,525.492,baja_fd,0.0372218260435894,27.5,5.7,14.816267,432.5349077916698,16.255682,433.97432276969715
2021-03-08 17:00:00,-4.428285955330011,0.4934713184484084,-0.25881904510252063,-0.9659258262890683,0.5000000000000001,0.8660254037844386,209.96828595533,205.54,253.174,mixto,0.0215446431610879,26.0,5.7,-4.69131,205.27697602643596,-4.818217,205.1500691546403
2021-03-08 18:00:00,-5.227115630292502,0.919986975999986,-1.8369701987210297e-16,-1.0,0.5000000000000001,0.8660254037844386,41.9481156302925,36.721,48.959,alta_fd,,24.4,6.2,-5.776967,36.17114858164748,-5.704851,36.2432644797798
2021-03-09 07:00:00,-7.916550470930005,0.938386270680834,-0.25881904510252063,0.9659258262890683,0.5000000000000001,0.8660254037844386,66.42555047093,58.509,74.914,alta_fd,0.1353048329475808,14.9,0.0,-7.9558873,58.469663153272535,-8.198455,58.22709561405745
2021-03-09 08:00:00,-6.573070203332492,0.6452631325191356,-0.4999999999999998,0.8660254037844387,0.5000000000000001,0.8660254037844386,253.9610702033325,247.388,298.063,mixto,0.0265698829503957,18.0,1.0,-6.330784,247.63028635933836,-6.393492,247.56757798150022
2021-03-09 09:00:00,-9.516554930232472,0.4385295582217105,-0.7071067811865475,0.7071067811865476,0.5000000000000001,0.8660254037844386,456.5475549302325,447.031,563.843,mixto,0.0212883556850251,22.0,0.5,-8.224516,448.3230390153155,-7.2309403,449.316614588283
2021-03-09 10:00:00,-20.73172359888008,0.2457114045477486,-0.8660254037844387,0.49999999999999994,0.5000000000000001,0.8660254037844386,620.33872359888,599.607,799.656,baja_fd,0.0345755196301578,24.5,0.5,-19.68573,600.6529936184113,-18.666754,601.6719698299592
2021-03-09 11:00:00,-5.451835879332521,0.186615240974208,-0.9659258262890682,0.258819045102521,0.5000000000000001,0.8660254037844386,720.7398358793325,715.288,961.263,baja_fd,0.0076218752157627,27.0,1.5,-3.8529642,716.886871716506,-1.9351928,718.8046430559225
2021-03-09 12:00:00,27.01973429723012,0.1532848063760228,-1.0,1.2246467991473532e-16,0.5000000000000001,0.8660254037844386,764.2432657027699,791.263,1035.538,baja_fd,0.0341476023739643,28.1,3.6,27.024874,791.2681394362904,26.510406,790.7536721969105
2021-03-09 13:00:00,44.71268859307997,0.170666082111967,-0.9659258262890683,-0.2588190451025208,0.5000000000000001,0.8660254037844386,759.84031140692,804.553,1035.332,baja_fd,0.05557457195869,29.3,5.7,43.24548,803.0857909906603,44.36433,804.2046416986681
2021-03-09 14:00:00,39.10475287675001,0.1697208415726888,-0.8660254037844388,-0.4999999999999997,0.5000000000000001,0.8660254037844386,699.78924712325,738.894,938.93,baja_fd,0.0529233596114598,29.0,5.7,39.37841,739.1676574626055,40.027813,739.8170600810137
2021-03-09 15:00:00,29.04663521986754,0.1989083674324135,-0.7071067811865479,-0.7071067811865471,0.5000000000000001,0.8660254037844386,582.8093647801325,611.856,762.577,baja_fd,0.0474729923705374,29.0,5.7,29.240068,612.0494332158014,30.105175,612.914539798443
2021-03-09 16:00:00,18.191178526267493,0.2628096736073934,-0.5000000000000004,-0.8660254037844385,0.5000000000000001,0.8660254037844386,413.0758214737325,431.267,521.393,baja_fd,0.0421807801808798,28.4,7.2,16.91206,429.98788125766805,18.311752,431.38757379306844
2021-03-09 17:00:00,-4.402131839519996,0.4946149178539089,-0.25881904510252063,-0.9659258262890683,0.5000000000000001,0.8660254037844386,206.17113183952,201.769,249.512,mixto,0.0218176818020607,27.0,6.2,-4.3840036,201.7871282002988,-4.8649063,201.30622552848484
2021-03-09 18:00:00,-4.940073380732493,0.9440289687265054,-1.8369701987210297e-16,-1.0,0.5000000000000001,0.8660254037844386,39.284073380732494,34.344,45.943,alta_fd,,25.0,5.1,-5.869734,33.41433957030769,-5.600285,33.68378832747932
2021-03-10 07:00:00,-7.355596430279988,0.9451960159975796,-0.25881904510252063,0.9659258262890683,0.5000000000000001,0.8660254037844386,64.66459643027999,57.309,72.996,alta_fd,0.1283497606009525,15.2,1.5,-5.8578477,58.80674873969771,-5.942415,58.72218119285323
2021-03-10 08:00:00,-5.350097764592505,0.6468287860549776,-0.4999999999999998,0.8660254037844387,0.5000000000000001,0.8660254037844386,251.8870977645925,246.537,296.779,mixto,0.0217009932164036,19.0,1.5,-5.1197267,246.76737110672508,-5.223856,246.66324179230247
2021-03-10 09:00:00,-3.8912659080000367,0.4349615655144726,-0.7071067811865475,0.7071067811865476,0.5000000000000001,0.8660254037844386,453.800265908,449.909,562.76,mixto,0.008649006594667,23.0,1.0,-4.0457187,449.7545472381086,-3.837913,449.96235287165354
2021-03-10 10:00:00,11.356349720750018,0.2474991836370447,-0.8660254037844387,0.49999999999999994,0.5000000000000001,0.8660254037844386,614.45465027925,625.811,796.29,baja_fd,0.0181466125088086,25.8,2.6,8.992849,623.4474996292256,9.02399,623.4786399566792
2021-03-10 11:00:00,32.81539039316749,0.192037036621407,-0.9659258262890682,0.258819045102521,0.5000000000000001,0.8660254037844386,709.9646096068325,742.78,954.763,baja_fd,0.0441791518257996,29.0,4.6,30.740604,740.7052140074672,30.472897,740.4375061827602
2021-03-10 12:00:00,40.3437547307675,0.1627567313912265,-1.0,1.2246467991473532e-16,0.5000000000000001,0.8660254037844386,751.7722452692325,792.116,1026.357,baja_fd,0.0509316245736325,30.0,5.1,38.974888,790.7471331171329,40.1971,791.9693468622501
2021-03-10 13:00:00,40.17720932587997,0.1585352360709688,-0.9659258262890683,-0.2588190451025208,0.5000000000000001,0.8660254037844386,743.34679067412,783.524,1017.892,baja_fd,0.0512775732790316,30.9,5.1,40.796005,784.1427959231435,41.464584,784.811375024706
2021-03-10 14:00:00,39.667259265907546,0.1564751160083191,-0.8660254037844388,-0.4999999999999997,0.5000000000000001,0.8660254037844386,681.4377407340925,721.105,930.329,baja_fd,0.0550089921244583,33.0,5.7,39.253326,720.6910671501081,40.097652,721.5353931693952
2021-03-10 15:00:00,30.429113165229865,0.2089017050735995,-0.7071067811865479,-0.7071067811865471,0.5000000000000001,0.8660254037844386,568.8568868347701,599.286,753.538,baja_fd,0.0507756115865043,32.0,6.2,30.903896,599.7607831665572,31.441437,600.2983236023482
2021-03-10 16:00:00,17.789629204030007,0.2734644995340322,-0.5000000000000004,-0.8660254037844385,0.5000000000000001,0.8660254037844386,403.47137079597,421.261,513.878,baja_fd,0.0422294710500853,30.7,7.2,16.91206,420.38343057990556,17.969461,421.44083223701006
2021-03-10 17:00:00,-4.240127652529992,0.5042360500533054,-0.25881904510252063,-0.9659258262890683,0.5000000000000001,0.8660254037844386,200.88512765253,196.645,243.954,mixto,0.0215623466273233,28.0,7.2,-3.1248028,197.76032482469492,-4.631856,196.25327168786936
2021-03-10 18:00:00,-4.695144033250003,0.960256152293792,-1.8369701987210297e-16,-1.0,0.5000000000000001,0.8660254037844386,36.17314403325,31.478,42.63,alta_fd,,27.0,5.1,-6.2843556,29.88878839283862,-5.4392614,30.733882596787595
2021-03-11 07:00:00,-7.461194238592505,0.950137670955618,-0.25881904510252063,0.9659258262890683,0.5000000000000001,0.8660254037844386,63.534194238592505,56.073,71.429,alta_fd,0.1330621553794607,14.2,0.0,-7.6939354,55.840258844305396,-7.7181225,55.8160717562927
2021-03-11 08:00:00,-7.989442572680019,0.6491468424113136,-0.4999999999999998,0.8660254037844387,0.5000000000000001,0.8660254037844386,250.00044257268,242.011,293.236,mixto,0.0330127249285363,18.0,0.5,-8.036664,241.96377856358575,-8.065242,241.93520075902032
2021-03-11 09:00:00,-3.89616747411992,0.4381940220965022,-0.7071067811865475,0.7071067811865476,0.5000000000000001,0.8660254037844386,453.88616747411993,449.99,560.292,mixto,0.0086583423500964,22.0,1.0,-3.9658294,449.9203381017139,-3.6693144,450.2168530896595
2021-03-11 10:00:00,-9.63211454081238,0.2433831524365371,-0.8660254037844387,0.49999999999999994,0.5000000000000001,0.8660254037844386,617.4011145408124,607.769,797.785,baja_fd,0.0158483149696881,25.1,1.0,-9.895164,607.5059510047406,-9.295935,608.1051798636884
2021-03-11 11:00:00,24.389526949307538,0.1863006476724992,-0.9659258262890682,0.258819045102521,0.5000000000000001,0.8660254037844386,717.0554730506925,741.445,955.569,baja_fd,0.0328945868531145,27.0,3.6,22.08204,739.1375138374357,23.74843,740.8039033027677
2021-03-11 12:00:00,39.04479687066748,0.1526526397779112,-1.0,1.2246467991473532e-16,0.5000000000000001,0.8660254037844386,759.7772031293325,798.822,1030.113,baja_fd,0.0488779688975359,28.4,4.9,38.428856,798.2060590253286,37.894943,797.6721463666372
2021-03-11 13:00:00,47.42157169483005,0.1727608212524408,-0.9659258262890683,-0.2588190451025208,0.5000000000000001,0.8660254037844386,753.30342830517,800.725,1027.682,baja_fd,0.0592232935087952,29.8,6.2,47.12671,800.430137289545,48.104313,801.4077412018985
2021-03-11 14:00:00,48.85381565140744,0.1536108922331181,-0.8660254037844388,-0.4999999999999997,0.5000000000000001,0.8660254037844386,693.1401843485926,741.994,928.629,baja_fd,0.0658412543112308,29.0,8.2,47.043957,740.1841411051844,47.53417,740.6743525920008
2021-03-11 15:00:00,33.962871850749934,0.2022678515627264,-0.7071067811865479,-0.7071067811865471,0.5000000000000001,0.8660254037844386,581.5561281492501,615.519,753.91,baja_fd,0.0551776173452808,27.2,7.7,32.36077,613.9168993284493,33.586815,615.1429430296212
2021-03-11 16:00:00,17.54647924086754,0.2668792261867094,-0.5000000000000004,-0.8660254037844385,0.5000000000000001,0.8660254037844386,412.15552075913246,429.702,512.727,baja_fd,0.0408340646328561,25.3,7.2,13.415513,425.5710337977677,17.208075,429.3635953288346
2021-03-11 17:00:00,-4.715733522032508,0.5030066533158473,-0.25881904510252063,-0.9659258262890683,0.5000000000000001,0.8660254037844386,202.5827335220325,197.867,241.397,mixto,0.023832844901032,23.5,6.7,-4.4401317,198.14260185775638,-4.6589327,197.92380083618045
2021-03-11 18:00:00,-4.545712934279997,0.9741364156693496,-1.8369701987210297e-16,-1.0,0.5000000000000001,0.8660254037844386,35.02371293428,30.478,40.396,alta_fd,,21.7,6.1,-5.240314,29.78339892747458,-4.9480033,30.07570964219626
2021-03-12 07:00:00,-7.247173412529989,0.9534120657327164,-0.25881904510252063,0.9659258262890683,0.5000000000000001,0.8660254037844386,60.74917341252999,53.502,67.954,alta_fd,0.1354561215006913,13.0,0.0,-6.8201604,53.92901302358346,-7.0480766,53.70109678289132
2021-03-12 08:00:00,-9.916080594812511,0.6536552094617164,-0.4999999999999998,0.8660254037844387,0.5000000000000001,0.8660254037844386,249.5820805948125,239.666,290.295,mixto,0.0413745821051484,16.0,0.0,-8.997345,240.58473562410938,-9.655785,239.92629598787892
2021-03-12 09:00:00,-3.5875949617299625,0.3889304726148382,-0.7071067811865475,0.7071067811865476,0.5000000000000001,0.8660254037844386,460.55859496173,456.971,558.934,mixto,0.0078508153946967,18.0,1.0,-4.1446795,456.4139154153738,-3.5837789,456.9748161035452
2021-03-12 10:00:00,10.533678594567393,0.2484939494509978,-0.8660254037844387,0.49999999999999994,0.5000000000000001,0.8660254037844386,628.2183214054326,638.752,793.283,baja_fd,0.0164910303131221,20.0,2.6,8.36271,636.581031404517,8.596059,636.8143802509526
2021-03-12 11:00:00,18.27865248796752,0.1898434377087679,-0.9659258262890682,0.258819045102521,0.5000000000000001,0.8660254037844386,728.2413475120325,746.52,952.603,baja_fd,0.0244851477361189,23.0,3.1,14.307401,742.5487482154626,17.074034,745.3153812492151
2021-03-12 12:00:00,30.642400581307584,0.1596966345517556,-1.0,1.2246467991473532e-16,0.5000000000000001,0.8660254037844386,770.6485994186925,801.291,1022.769,baja_fd,0.038241288846758,24.0,4.1,27.417295,798.0658948746251,30.899925,801.5485246506261
2021-03-12 13:00:00,35.03742167826738,0.1532395403223378,-0.9659258262890683,-0.2588190451025208,0.5000000000000001,0.8660254037844386,761.8985783217327,796.936,1014.607,baja_fd,0.0439651636747083,25.0,4.6,33.94215,795.8407284376995,36.354424,798.2530018446819
2021-03-12 14:00:00,31.81983687500008,0.1534965049530652,-0.8660254037844388,-0.4999999999999997,0.5000000000000001,0.8660254037844386,696.8291631249999,728.649,924.5,baja_fd,0.0436696363749899,27.0,4.6,32.664055,729.4932179956054,34.612038,731.4412007836913
2021-03-12 15:00:00,29.55126331826989,0.2055489794259919,-0.7071067811865479,-0.7071067811865471,0.5000000000000001,0.8660254037844386,581.3017366817301,610.853,749.066,baja_fd,0.0483770454074382,26.0,6.2,28.920467,610.222204058439,30.52646,611.8281973293131
2021-03-12 16:00:00,14.34716198346996,0.2719556144999344,-0.5000000000000004,-0.8660254037844385,0.5000000000000001,0.8660254037844386,405.9748380165301,420.322,508.446,baja_fd,0.0341337402835682,27.0,5.1,12.833161,418.80799937059504,14.388697,420.3635346870623
2021-03-12 17:00:00,-5.170967848332481,0.5076526552265084,-0.25881904510252063,-0.9659258262890683,0.5000000000000001,0.8660254037844386,197.2259678483325,192.055,236.313,mixto,0.0269244114880241,25.0,5.7,-5.7435083,191.48245950940426,-5.6102414,191.61572643521603
2021-03-12 18:00:00,-4.319132951892502,1.0,-1.8369701987210297e-16,-1.0,0.5000000000000001,0.8660254037844386,32.7441329518925,28.425,37.951,alta_fd,,23.0,6.2,-5.2080407,27.536092237628587,-4.330797,28.413335756457933
2021-03-13 07:00:00,-6.905409104792504,0.9620648365580354,-0.25881904510252063,0.9659258262890683,0.5000000000000001,0.8660254037844386,59.715409104792506,52.81,66.659,alta_fd,0.1307594982918482,12.5,0.0,-6.8201604,52.89524871584597,-6.8460145,52.8693946051282
2021-03-13 08:00:00,-2.872431198719994,0.6530708914778773,-0.4999999999999998,0.8660254037844387,0.5000000000000001,0.8660254037844386,250.88843119872,248.016,291.872,mixto,0.011581636663441,16.0,3.1,-2.9608128,247.92761839163688,-3.4760733,247.41235793364433
2021-03-13 09:00:00,11.919497886267491,0.439558687818056,-0.7071067811865475,0.7071067811865476,0.5000000000000001,0.8660254037844386,458.3385021137325,470.258,558.543,mixto,0.0253467200691269,19.0,4.1,8.469866,466.8083679126827,9.439531,467.77803344002643
2021-03-13 10:00:00,19.391739159520057,0.2834722077668108,-0.8660254037844387,0.49999999999999994,0.5000000000000001,0.8660254037844386,606.25026084048,625.642,764.184,baja_fd,0.0309949446480895,20.5,4.1,17.329416,623.5796771155044,19.375673,625.6259341345474
2021-03-13 11:00:00,-1.6234016238924482,0.7728200757190289,-0.9659258262890682,0.258819045102521,0.5000000000000001,0.8660254037844386,410.4574016238925,408.834,502.849,alta_fd,0.00397080874852,22.0,4.1,4.4530134,414.9104150439975,1.0393748,411.49677645223113
2021-03-13 12:00:00,-1.2353292739700237,0.8336144053997665,-1.0,1.2246467991473532e-16,0.5000000000000001,0.8660254037844386,429.05832927397,427.823,532.178,alta_fd,0.0028874774707531,24.0,4.6,5.4715395,434.5298687713455,2.5070548,431.5653840797256
2021-03-13 13:00:00,32.660819128067374,0.4004733843632364,-0.9659258262890683,-0.2588190451025208,0.5000000000000001,0.8660254037844386,717.4661808719326,750.127,946.167,mixto,0.0435403859987273,25.0,5.7,37.205093,754.6712742557216,29.191282,746.6574631442714
2021-03-13 14:00:00,13.14454072686749,0.6326633865893962,-0.8660254037844388,-0.4999999999999997,0.5000000000000001,0.8660254037844386,522.7304592731325,535.875,662.727,mixto,0.0245291172882994,25.0,6.2,21.800396,544.5308552387087,15.079694,537.810153067383
2021-03-13 15:00:00,25.318533135807456,0.3608539019016067,-0.7071067811865479,-0.7071067811865471,0.5000000000000001,0.8660254037844386,545.3974668641926,570.716,694.469,mixto,0.0443627533410793,25.0,7.2,29.005964,574.4034311433674,26.113365,571.5108320375324
2021-03-13 16:00:00,-4.9593537699924894,1.0,-0.5000000000000004,-0.8660254037844385,0.5000000000000001,0.8660254037844386,110.5883537699925,105.629,130.189,alta_fd,0.0469506837136817,24.0,6.2,-2.611474,107.97687973282208,-3.0686061,107.51974763176312
2021-03-13 17:00:00,-3.608340312312506,1.0,-0.25881904510252063,-0.9659258262890683,0.5000000000000001,0.8660254037844386,54.660340312312506,51.052,63.555,alta_fd,0.0706797052478356,23.0,4.1,-5.687743,48.97259712536182,-4.8654895,49.79485082943287
2021-03-13 18:00:00,-2.515615771680002,1.0,-1.8369701987210297e-16,-1.0,0.5000000000000001,0.8660254037844386,17.450615771680003,14.935,19.864,alta_fd,,19.0,5.7,-5.0135255,12.437090285687571,-4.296031,13.154584773450022
2021-03-14 07:00:00,-3.26353335828,1.0,-0.25881904510252063,0.9659258262890683,0.5000000000000001,0.8660254037844386,32.05553335828,28.792,35.996,alta_fd,,15.0,0.5,-4.806544,27.248989531223117,-4.9271207,27.12841267270261
2021-03-14 08:00:00,-5.967482922492479,0.7927842057705906,-0.4999999999999998,0.8660254037844387,0.5000000000000001,0.8660254037844386,241.40548292249247,235.438,280.439,alta_fd,0.025346303156213,16.0,1.0,-6.08342,235.32206312268778,-6.6831346,234.72234836667582
2021-03-14 09:00:00,-8.73565140477001,0.3902710244489596,-0.7071067811865475,0.7071067811865476,0.5000000000000001,0.8660254037844386,458.72765140477,449.992,556.538,mixto,0.0194129037955563,18.0,0.5,-7.74626,450.98139123860176,-6.9597874,451.76786403599556
2021-03-14 10:00:00,21.56816260674998,0.246430868747625,-0.8660254037844387,0.49999999999999994,0.5000000000000001,0.8660254037844386,625.68583739325,647.254,790.47,baja_fd,0.0333225636407808,20.2,4.1,18.689085,644.3749223999639,19.24755,644.9333864502569
2021-03-14 11:00:00,33.91288691531997,0.1880080164053579,-0.9659258262890682,0.258819045102521,0.5000000000000001,0.8660254037844386,738.53111308468,772.444,948.436,baja_fd,0.0439033598750459,19.0,5.1,28.823528,767.3546413744749,32.88306,771.4141735400023
2021-03-14 12:00:00,47.84006319051991,0.1528317224808917,-1.0,1.2246467991473532e-16,0.5000000000000001,0.8660254037844386,780.5149368094801,828.355,1021.716,baja_fd,0.0577530928050412,21.0,6.7,43.800064,824.3150008963942,47.197773,827.7127097892164
2021-03-14 13:00:00,44.66350344268744,0.172421460215006,-0.9659258262890683,-0.2588190451025208,0.5000000000000001,0.8660254037844386,777.1174965573125,821.781,1017.595,baja_fd,0.0543496423532394,21.2,6.2,42.68828,819.8057747555547,45.854816,822.9723129940801
2021-03-14 14:00:00,45.79723194206747,0.1582811972490518,-0.8660254037844388,-0.4999999999999997,0.5000000000000001,0.8660254037844386,712.6587680579325,758.456,915.033,baja_fd,0.0603821868929344,20.0,8.2,42.987843,755.646610617747,45.329502,757.9882701636454
2021-03-14 15:00:00,30.19248873790741,0.229989353546129,-0.7071067811865479,-0.7071067811865471,0.5000000000000001,0.8660254037844386,591.5645112620925,621.757,738.279,baja_fd,0.0485599498484253,19.0,7.2,27.224241,618.7887525188064,28.081553,619.6460637675857
2021-03-14 16:00:00,16.207253501880018,0.3164069565289392,-0.5000000000000004,-0.8660254037844385,0.5000000000000001,0.8660254037844386,410.80974649812,427.017,495.492,mixto,0.037954586121583,18.5,7.7,12.138948,422.94869493867174,16.134064,426.9438102188231
2021-03-14 17:00:00,-5.788683331249985,0.4927415537511531,-0.25881904510252063,-0.9659258262890683,0.5000000000000001,0.8660254037844386,196.69168333125,190.903,228.85,mixto,0.030322642028936,18.0,6.2,-5.403961,191.28772214960938,-5.0499606,191.64172271799927
2021-03-14 18:00:00,-4.311403551730006,1.0,-1.8369701987210297e-16,-1.0,0.5000000000000001,0.8660254037844386,29.411403551730007,25.1,33.234,alta_fd,,16.7,4.6,-4.8527226,24.5586809069241,-4.3125496,25.098853960665554
2021-03-15 07:00:00,-6.359670424519997,0.968021345104712,-0.25881904510252063,0.9659258262890683,0.5000000000000001,0.8660254037844386,57.23167042452,50.872,63.012,alta_fd,0.1250131786546626,9.0,2.6,-4.6861377,52.54553274828098,-4.690066,52.541604563771706
2021-03-15 08:00:00,-2.4445573886800105,0.6563331900661867,-0.4999999999999998,0.8660254037844387,0.5000000000000001,0.8660254037844386,249.81855738868,247.374,285.836,mixto,0.0098820304020633,12.0,4.1,-1.5903244,248.22823298682454,-2.961925,246.85663235892537
2021-03-15 09:00:00,3.06801777856748,0.47507079423389,-0.7071067811865475,0.7071067811865476,0.5000000000000001,0.8660254037844386,427.1069822214325,430.175,507.517,mixto,0.0071320224991398,14.5,2.3,1.0463214,428.1533036134918,2.8880894,429.99507163984373
2021-03-15 10:00:00,-13.96293658131998,0.8325526403103668,-0.8660254037844387,0.49999999999999994,0.5000000000000001,0.8660254037844386,343.93493658132,329.972,407.652,alta_fd,0.0423155194420132,17.0,0.5,-11.372172,332.56276422566816,-11.112861,332.82207590169355
2021-03-15 11:00:00,-9.510042927032488,0.8872620620342035,-0.9659258262890682,0.258819045102521,0.5000000000000001,0.8660254037844386,405.3950429270325,395.885,489.603,alta_fd,0.0240222360711633,19.0,2.1,-5.5086813,399.88636162973023,-6.0041475,399.3908953974304
2021-03-15 12:00:00,11.890848439520028,0.4993138982610569,-1.0,1.2246467991473532e-16,0.5000000000000001,0.8660254037844386,769.57815156048,781.469,999.816,mixto,0.0152160206476776,20.0,3.1,15.77573,785.3538816935367,10.228527,779.8066786295718
2021-03-15 13:00:00,23.57451314563002,0.3431057573772568,-0.9659258262890683,-0.2588190451025208,0.5000000000000001,0.8660254037844386,737.46448685437,761.039,960.058,mixto,0.030976747769339,21.7,4.1,29.176788,766.6412751844481,20.81642,758.2809064558104
2021-03-15 14:00:00,11.410249534467424,0.2410157418808263,-0.8660254037844388,-0.4999999999999997,0.5000000000000001,0.8660254037844386,713.2697504655325,724.68,925.303,baja_fd,0.0157452248364346,22.0,2.6,15.305809,728.5755594865286,12.698976,725.9687260285818
2021-03-15 15:00:00,20.44131792067003,0.253447627508045,-0.7071067811865479,-0.7071067811865471,0.5000000000000001,0.8660254037844386,582.34968207933,602.791,743.226,baja_fd,0.033911119974701,24.0,4.1,19.527441,601.8771231041103,19.938185,602.2878668174892
2021-03-15 16:00:00,11.29161917490751,0.4841801007596063,-0.5000000000000004,-0.8660254037844385,0.5000000000000001,0.8660254037844386,373.3263808250925,384.618,457.521,mixto,0.02935801022029,23.5,6.7,10.526198,383.8525792122385,10.098625,383.42500600819795
2021-03-15 17:00:00,-5.955348436732493,0.4985153895460737,-0.25881904510252063,-0.9659258262890683,0.5000000000000001,0.8660254037844386,190.4973484367325,184.542,225.143,mixto,0.0322709650742513,22.0,5.7,-5.8003063,184.69704211654206,-5.4208784,185.07647002639314
2021-03-15 18:00:00,-4.2604728158124985,1.0,-1.8369701987210297e-16,-1.0,0.5000000000000001,0.8660254037844386,26.5544728158125,22.294,30.385,alta_fd,,20.0,5.1,-5.041588,21.512884986222655,-4.319557,22.234915625871093
2021-03-16 07:00:00,-6.560641429932495,0.9707857282430192,-0.25881904510252063,0.9659258262890683,0.5000000000000001,0.8660254037844386,56.151641429932496,49.591,61.767,alta_fd,,8.8,0.0,-6.228951,49.92269045260706,-6.2720866,49.879554809601686
2021-03-16 08:00:00,-6.600022958879976,0.6550324952693247,-0.4999999999999998,0.8660254037844387,0.5000000000000001,0.8660254037844386,247.58202295888,240.982,284.344,mixto,0.0273880329604699,13.0,1.0,-5.6582522,241.9237707196527,-6.034919,241.5471041737848
2021-03-16 09:00:00,0.5318532652075874,0.4129365118078639,-0.7071067811865475,0.7071067811865476,0.5000000000000001,0.8660254037844386,457.8541467347925,458.386,552.909,mixto,0.0011602737980819,17.0,1.5,-0.89044905,456.96369768770387,0.062232856,457.9163795904999
2021-03-16 10:00:00,-2.226035798530006,0.2846129262730656,-0.8660254037844387,0.49999999999999994,0.5000000000000001,0.8660254037844386,626.63803579853,624.412,788.746,baja_fd,0.0035650112402228,19.4,1.5,-2.5387843,624.0992515330119,-1.9084433,624.7295924668116
2021-03-16 11:00:00,-5.448813324832372,0.1954570392072349,-0.9659258262890682,0.258819045102521,0.5000000000000001,0.8660254037844386,728.9258133248323,723.477,953.637,baja_fd,0.0075314257741882,23.0,1.5,-3.7833061,725.1425072030062,-3.6042202,725.3215931729311
2021-03-16 12:00:00,5.280296884507379,0.1620484746173256,-1.0,1.2246467991473532e-16,0.5000000000000001,0.8660254037844386,768.7887031154926,774.069,1025.361,baja_fd,0.0068214808815588,25.0,2.1,7.117198,775.9059011059101,5.6335287,774.4222318249042
2021-03-16 13:00:00,31.888092106720023,0.1607760690494591,-0.9659258262890683,-0.2588190451025208,0.5000000000000001,0.8660254037844386,758.11690789328,790.005,1019.096,baja_fd,0.0403644180818096,26.9,4.1,31.937017,790.0539253340759,32.931824,791.0487316237487
2021-03-16 14:00:00,32.27490159816739,0.1606567278341646,-0.8660254037844388,-0.4999999999999997,0.5000000000000001,0.8660254037844386,690.5630984018326,722.838,919.763,baja_fd,0.0446502557947526,28.0,4.6,33.95702,724.5201182077408,34.612038,725.175136060524
2021-03-16 15:00:00,29.79946546600752,0.2101534173216866,-0.7071067811865479,-0.7071067811865471,0.5000000000000001,0.8660254037844386,570.2145345339925,600.014,740.461,baja_fd,0.0496646169356173,28.0,6.2,30.728912,600.9434468875081,31.40254,601.6170747409017
2021-03-16 16:00:00,15.467798754687522,0.3165898856088187,-0.5000000000000004,-0.8660254037844385,0.5000000000000001,0.8660254037844386,391.3012012453125,406.769,488.325,mixto,0.0380260018700725,26.8,6.7,13.5305805,404.83178176594237,15.346027,406.64722861958006
2021-03-16 17:00:00,-5.903129370832488,0.5023023638074667,-0.25881904510252063,-0.9659258262890683,0.5000000000000001,0.8660254037844386,184.3521293708325,178.449,220.437,mixto,0.0330802042647058,25.0,6.2,-5.8484573,178.50367203440672,-5.6101766,178.74195280756956
2021-03-16 18:00:00,-4.118269545169998,1.0,-1.8369701987210297e-16,-1.0,0.5000000000000001,0.8660254037844386,24.60326954517,20.485,28.482,alta_fd,,23.0,5.1,-5.041588,19.561681715580157,-4.319557,20.283712355228595
2021-03-17 07:00:00,-6.35504679916999,0.9749095901666914,-0.25881904510252063,0.9659258262890683,0.5000000000000001,0.8660254037844386,54.36904679916999,48.014,60.182,alta_fd,,10.5,0.0,-6.065771,48.30327569626472,-6.037475,48.33157169006965
2021-03-17 08:00:00,-7.828776564592516,0.6640896161529247,-0.4999999999999998,0.8660254037844387,0.5000000000000001,0.8660254037844386,242.6537765645925,234.825,280.779,mixto,0.033338769571351,15.0,0.5,-7.700475,234.95330134868064,-8.088758,234.56501809596458
2021-03-17 09:00:00,-8.168734235680006,0.3899209929324456,-0.7071067811865475,0.7071067811865476,0.5000000000000001,0.8660254037844386,453.31473423568,445.146,549.464,mixto,0.0183506854732604,18.0,0.5,-7.765466,445.5492680224537,-6.9597874,446.3549468669056
2021-03-17 10:00:00,-1.8317759691699396,0.2923867510560103,-0.8660254037844387,0.49999999999999994,0.5000000000000001,0.8660254037844386,615.6457759691699,613.814,781.982,baja_fd,0.0029842525083656,21.7,1.5,-2.0063486,613.6394273592456,-1.7799124,613.865863616608
2021-03-17 11:00:00,-16.16528763132999,0.2083654211991668,-0.9659258262890682,0.258819045102521,0.5000000000000001,0.8660254037844386,711.53628763133,695.371,942.074,baja_fd,0.0232469971156835,26.0,1.0,-14.388091,697.1481965439887,-14.280549,697.2557385819525
2021-03-17 12:00:00,14.002560764270129,0.1707302553781451,-1.0,1.2246467991473532e-16,0.5000000000000001,0.8660254037844386,760.8514392357299,774.854,1023.966,baja_fd,0.0180712247265551,27.0,2.6,14.176914,775.0283534508178,14.955782,775.8072211723754
2021-03-17 13:00:00,46.36321582723008,0.1695765089118915,-0.9659258262890683,-0.2588190451025208,0.5000000000000001,0.8660254037844386,746.7397841727699,793.103,1008.838,baja_fd,0.0584580008236384,28.3,6.2,47.02348,793.7632636344398,47.771465,794.5112494742835
2021-03-17 14:00:00,51.44538305803008,0.1507249590355227,-0.8660254037844388,-0.4999999999999997,0.5000000000000001,0.8660254037844386,689.97161694197,741.417,909.278,baja_fd,0.0693879194272994,26.0,9.8,43.319115,733.2907316270285,46.589188,736.5608045640403
2021-03-17 15:00:00,32.233574845919975,0.2070922997290472,-0.7071067811865479,-0.7071067811865471,0.5000000000000001,0.8660254037844386,568.80842515408,601.042,727.576,baja_fd,0.0536294881986948,25.0,7.7,29.530787,598.3392116683623,31.713383,600.5218078750273
2021-03-17 16:00:00,15.984199600750005,0.2892996472340943,-0.5000000000000004,-0.8660254037844385,0.5000000000000001,0.8660254037844386,395.12880039925,411.113,485.41,baja_fd,0.03888030687609,23.2,7.2,11.953303,407.08210373634716,15.602023,410.7308235239448
2021-03-17 17:00:00,-5.981431957000041,0.5323747306343534,-0.25881904510252063,-0.9659258262890683,0.5000000000000001,0.8660254037844386,183.64543195700003,177.664,215.02,mixto,0.0336671017032152,20.0,6.2,-5.7327595,177.91267248129202,-5.730448,177.914984187835
2021-03-17 18:00:00,-4.067053988480001,1.0,-1.8369701987210297e-16,-1.0,0.5000000000000001,0.8660254037844386,22.57605398848,18.509,25.616,alta_fd,,18.0,5.1,-5.043787,17.53226698591652,-4.319557,18.256496798538592
2021-03-18 07:00:00,-2.0985895124799967,1.0,-0.25881904510252063,0.9659258262890683,0.5000000000000001,0.8660254037844386,15.363589512479995,13.265,17.016,alta_fd,,12.0,1.5,-2.609445,12.75414441741774,-2.9943821,12.369207369459366
2021-03-18 08:00:00,-4.082775487632503,1.0,-0.4999999999999998,0.8660254037844387,0.5000000000000001,0.8660254037844386,65.3737754876325,61.291,73.173,alta_fd,0.0666129690759247,13.0,1.0,-5.5134573,59.86031818935369,-4.5725484,60.801227098197685
2021-03-18 09:00:00,-6.553845901092473,1.0,-0.7071067811865475,0.7071067811865476,0.5000000000000001,0.8660254037844386,122.44184590109248,115.888,138.129,alta_fd,0.0565532747229434,13.0,1.0,-7.1811967,115.26064921148676,-6.1415725,116.30027342565913
2021-03-18 10:00:00,-8.274413311730001,0.9938707519762936,-0.8660254037844387,0.49999999999999994,0.5000000000000001,0.8660254037844386,171.62841331173,163.354,195.666,alta_fd,0.0506532641485975,13.9,2.0,-7.6536713,163.97474204708155,-6.9727674,164.65564595867212
2021-03-18 11:00:00,-18.49485302772007,0.6200426931722558,-0.9659258262890682,0.258819045102521,0.5000000000000001,0.8660254037844386,609.9118530277201,591.417,749.428,mixto,0.0312721024720629,15.0,1.0,-10.945294,598.9665586475321,-11.770417,598.1414358142802
2021-03-18 12:00:00,12.09109991266996,0.2820747947606182,-1.0,1.2246467991473532e-16,0.5000000000000001,0.8660254037844386,772.05490008733,784.146,996.826,baja_fd,0.015419449838002,18.7,2.8,13.283773,785.3386735095712,12.437925,784.4928254260751
2021-03-18 13:00:00,34.23112492776761,0.150279176310228,-0.9659258262890683,-0.2588190451025208,0.5000000000000001,0.8660254037844386,759.7148750722324,793.946,997.357,baja_fd,0.0431151802865278,22.4,4.6,32.962467,792.6773422658359,35.6493,795.3641746938144
2021-03-18 14:00:00,33.37467511307,0.1561806633748691,-0.8660254037844388,-0.4999999999999997,0.5000000000000001,0.8660254037844386,693.93432488693,727.309,901.214,baja_fd,0.0458878896219763,23.0,5.1,31.40858,725.3429056669593,35.133717,729.0680414701819
2021-03-18 15:00:00,26.492776806407505,0.2105911782189228,-0.7071067811865479,-0.7071067811865471,0.5000000000000001,0.8660254037844386,570.2912231935925,596.784,722.621,baja_fd,0.0443925721976586,23.0,5.7,24.621035,594.9122578157849,27.234774,597.5259968294567
2021-03-18 16:00:00,13.717391600067458,0.2960131288224126,-0.5000000000000004,-0.8660254037844385,0.5000000000000001,0.8660254037844386,392.5506083999325,406.268,479.433,baja_fd,0.0337643909933035,22.0,5.7,9.661602,402.2122104201962,13.644033,406.19464183193935
2021-03-18 17:00:00,-6.102288795092505,0.5387913212900086,-0.25881904510252063,-0.9659258262890683,0.5000000000000001,0.8660254037844386,178.5242887950925,172.422,209.729,mixto,0.0353915903718348,21.0,6.2,-5.7327595,172.7915293193845,-5.7139874,172.81030144462864
2021-03-18 18:00:00,-3.8981639998125,1.0,-1.8369701987210297e-16,-1.0,0.5000000000000001,0.8660254037844386,20.8471639998125,16.949,23.695,alta_fd,,18.5,4.9,-5.0418925,15.805271471278566,-4.2791452,16.56801875902881
2021-03-19 07:00:00,-2.0265491281924994,1.0,-0.25881904510252063,0.9659258262890683,0.5000000000000001,0.8660254037844386,14.4825491281925,12.456,16.069,alta_fd,,12.5,2.6,-2.5794733,11.903075871127681,-2.7827055,11.699843582767086
2021-03-19 08:00:00,-3.865322030812507,1.0,-0.4999999999999998,0.8660254037844387,0.5000000000000001,0.8660254037844386,64.5253220308125,60.66,72.215,alta_fd,0.0637211017278685,13.0,2.6,-4.077024,60.448298047810795,-3.892815,60.63250691774488
2021-03-19 09:00:00,-5.720604407832525,1.0,-0.7071067811865475,0.7071067811865476,0.5000000000000001,0.8660254037844386,121.10160440783253,115.381,137.187,alta_fd,0.0495801250451332,14.1,3.1,-3.612273,117.48933143000355,-5.0334573,116.0681471286272
2021-03-19 10:00:00,-7.329729555432493,0.993870287570878,-0.8660254037844387,0.49999999999999994,0.5000000000000001,0.8660254037844386,169.8917295554325,162.562,194.733,alta_fd,0.045088824912541,15.3,3.6,-5.363517,164.52821274787635,-5.8622303,164.02949925452918
2021-03-19 11:00:00,3.625860488467424,0.6206221138669021,-0.9659258262890682,0.258819045102521,0.5000000000000001,0.8660254037844386,605.1981395115325,608.824,746.503,mixto,0.0059555150395967,16.0,3.1,8.711889,613.9100287785003,3.285697,608.4838364948699
2021-03-19 12:00:00,29.86920297186998,0.2843202794399316,-1.0,1.2246467991473532e-16,0.5000000000000001,0.8660254037844386,770.68779702813,800.557,991.206,baja_fd,0.0373105262609283,18.0,4.6,27.64644,798.3342375341115,25.371456,796.0592531743703
2021-03-19 13:00:00,36.75187248431996,0.1541427254471859,-0.9659258262890683,-0.2588190451025208,0.5000000000000001,0.8660254037844386,762.71112751568,799.463,989.464,baja_fd,0.0459706984367256,20.0,5.1,36.03212,798.7432472666566,39.193554,801.9046814402406
2021-03-19 14:00:00,26.47012333074997,0.1561113570766837,-0.8660254037844388,-0.4999999999999997,0.5000000000000001,0.8660254037844386,697.13787666925,723.608,896.81,baja_fd,0.036580749978925,21.0,4.1,26.027004,723.1648809111933,28.587732,725.7256089843135
2021-03-19 15:00:00,19.935638235069973,0.2129644102013378,-0.7071067811865479,-0.7071067811865471,0.5000000000000001,0.8660254037844386,568.45836176493,588.394,716.586,baja_fd,0.0338814437860854,22.0,4.1,19.406792,587.8651534519418,21.559309,590.0176707706673
2021-03-19 16:00:00,12.292722879467476,0.3082001083266563,-0.5000000000000004,-0.8660254037844385,0.5000000000000001,0.8660254037844386,382.7872771205325,395.08,469.247,mixto,0.0311145157422989,23.2,5.1,8.732793,391.5200699748416,12.846621,395.6338976802249
2021-03-19 17:00:00,-6.123673043892495,0.5434267119287907,-0.25881904510252063,-0.9659258262890683,0.5000000000000001,0.8660254037844386,174.0226730438925,167.899,205.151,mixto,0.0364723616215254,22.0,6.7,-5.5098505,168.51282254187834,-5.5993657,168.42330733268034
2021-03-19 18:00:00,-3.724548879592497,1.0,-1.8369701987210297e-16,-1.0,0.5000000000000001,0.8660254037844386,19.053548879592498,15.329,21.779,alta_fd,,20.0,3.1,-4.1813374,14.872211523025115,-3.89342,15.16012889858969
2021-03-20 07:00:00,-5.806603958092502,0.9825563476593244,-0.25881904510252063,0.9659258262890683,0.5000000000000001,0.8660254037844386,49.9996039580925,44.193,55.271,alta_fd,,10.3,1.5,-3.8629441,46.13665983196335,-4.4310555,45.568548412285615
2021-03-20 08:00:00,-7.730254240892521,0.6722228087973027,-0.4999999999999998,0.8660254037844387,0.5000000000000001,0.8660254037844386,237.43325424089247,229.703,273.399,mixto,0.0336532576452746,14.0,0.5,-7.6930785,229.74017572297865,-7.9723177,229.4609365452748
2021-03-20 09:00:00,-2.801738229970056,0.3998895790008859,-0.7071067811865475,0.7071067811865476,0.5000000000000001,0.8660254037844386,446.9177382299701,444.116,541.122,mixto,0.0063085730529187,18.0,1.0,-4.1638856,442.7538526365558,-3.5837789,443.3339593717853
2021-03-20 10:00:00,-0.9183592132499144,0.2502336532080098,-0.8660254037844387,0.49999999999999994,0.5000000000000001,0.8660254037844386,611.04135921325,610.123,773.93,baja_fd,0.0015052033987407,21.3,1.5,-2.060894,608.9804652007988,-1.9080348,609.1333244117668
2021-03-20 11:00:00,-29.936335769812445,0.1854598112965562,-0.9659258262890682,0.258819045102521,0.5000000000000001,0.8660254037844386,711.7103357698124,681.774,932.545,baja_fd,0.0439094711294541,24.0,0.5,-28.04692,683.6634149934453,-26.993382,684.7169542695683
2021-03-20 12:00:00,-6.006600888132539,0.1521904955257018,-1.0,1.2246467991473532e-16,0.5000000000000001,0.8660254037844386,751.4496008881325,745.443,1003.727,baja_fd,0.0080577601347554,26.0,1.5,-4.250223,747.1993777283425,-3.4587712,747.9908296593422
2021-03-20 13:00:00,21.134838315520145,0.1679867846673642,-0.9659258262890683,-0.2588190451025208,0.5000000000000001,0.8660254037844386,739.6901616844799,760.825,998.784,baja_fd,0.0277788431183519,28.5,3.1,22.34071,762.0308713707592,22.920847,762.6110086235668
2021-03-20 14:00:00,28.113511066807405,0.1789008731961321,-0.8660254037844388,-0.4999999999999997,0.5000000000000001,0.8660254037844386,669.3784889331926,697.492,896.819,baja_fd,0.0403065713539472,30.0,4.1,30.011211,699.3897003284562,29.041145,698.4196342578996
2021-03-20 15:00:00,21.857331945079977,0.2096693920980288,-0.7071067811865479,-0.7071067811865471,0.5000000000000001,0.8660254037844386,551.66766805492,573.525,724.468,baja_fd,0.0381105129594699,31.0,4.1,23.17886,574.8465277656134,23.490793,575.1584612830694
2021-03-20 16:00:00,12.846171197229978,0.3231476660831642,-0.5000000000000004,-0.8660254037844385,0.5000000000000001,0.8660254037844386,371.75782880277,384.604,471.362,mixto,0.0334010337833979,31.0,5.1,12.0467615,383.80459031552635,11.626817,383.38464555234276
2021-03-20 17:00:00,-6.555049770812474,0.5225434501190295,-0.25881904510252063,-0.9659258262890683,0.5000000000000001,0.8660254037844386,166.00704977081247,159.452,202.185,mixto,0.0411098623461134,30.0,5.7,-6.4465823,159.56046745346018,-6.7742586,159.23279115722605
2021-03-20 18:00:00,-3.756388897692501,1.0,-1.8369701987210297e-16,-1.0,0.5000000000000001,0.8660254037844386,16.918388897692502,13.162,19.881,alta_fd,,27.0,3.1,-4.8880744,12.03031449965173,-4.3503127,12.568076187884152
2021-03-21 07:00:00,-5.749564629119995,0.984505087294278,-0.25881904510252063,0.9659258262890683,0.5000000000000001,0.8660254037844386,47.98356462912,42.234,53.008,alta_fd,,10.2,0.5,-5.437416,42.54614855245985,-5.4725566,42.51100803808607
2021-03-21 08:00:00,-9.396790169812505,0.6694162226013922,-0.4999999999999998,0.8660254037844387,0.5000000000000001,0.8660254037844386,235.9127901698125,226.516,272.705,mixto,0.0414840018798341,15.0,0.0,-8.940842,226.9719484950078,-9.794499,226.11829077253466
2021-03-21 09:00:00,1.4638569367499483,0.3878214912128051,-0.7071067811865475,0.7071067811865476,0.5000000000000001,0.8660254037844386,444.06814306325,445.532,542.27,mixto,0.0032856381511315,20.0,1.5,-0.43500373,443.6331393355755,0.21196476,444.28010781950036
2021-03-21 10:00:00,-8.60589752947999,0.2838732334479896,-0.8660254037844387,0.49999999999999994,0.5000000000000001,0.8660254037844386,605.15289752948,596.547,777.716,baja_fd,0.0144261852452195,24.5,1.0,-10.230178,594.9227196501465,-9.414602,595.7382952498169
2021-03-21 11:00:00,13.854132510187467,0.1976921223083659,-0.9659258262890682,0.258819045102521,0.5000000000000001,0.8660254037844386,705.5488674898126,719.403,937.855,baja_fd,0.0192578186498909,27.0,2.6,10.38323,715.9320976991631,12.150236,717.6991036195733
2021-03-21 12:00:00,14.988795311069907,0.1636078004040825,-1.0,1.2246467991473532e-16,0.5000000000000001,0.8660254037844386,748.1932046889301,763.182,1015.014,baja_fd,0.0196398700586097,29.0,2.6,14.777329,762.9705341338154,14.842502,763.0357063292499
2021-03-21 13:00:00,43.67757496111994,0.1626713808788813,-0.9659258262890683,-0.2588190451025208,0.5000000000000001,0.8660254037844386,737.60342503888,781.281,998.744,baja_fd,0.0559050776367529,29.1,5.7,42.489918,780.093342794007,43.494797,781.0982217918097
2021-03-21 14:00:00,43.01497992168754,0.1816016502178873,-0.8660254037844388,-0.4999999999999997,0.5000000000000001,0.8660254037844386,672.3050200783125,715.32,891.885,baja_fd,0.0601338980060497,28.0,7.2,44.850353,717.1553733192793,42.422184,714.727204068791
2021-03-21 15:00:00,30.84358619030752,0.2081349789615919,-0.7071067811865479,-0.7071067811865471,0.5000000000000001,0.8660254037844386,549.8354138096925,580.679,711.081,baja_fd,0.0531164140434,28.0,7.2,32.911686,582.747099753296,32.753197,582.588610526001
2021-03-21 16:00:00,14.362144676750006,0.3059335950793624,-0.5000000000000004,-0.8660254037844385,0.5000000000000001,0.8660254037844386,372.60385532325,386.966,461.97,mixto,0.037114745679853,26.1,6.7,11.380335,383.984190177376,14.474104,387.0779592508623
2021-03-21 17:00:00,-6.524660281732508,0.5614788104451809,-0.25881904510252063,-0.9659258262890683,0.5000000000000001,0.8660254037844386,162.9626602817325,156.438,193.393,mixto,0.0417076431668297,24.0,5.7,-6.6589794,156.30368086583894,-6.4484954,156.5141648937015
2021-03-21 18:00:00,-3.23600551717,1.0,-1.8369701987210297e-16,-1.0,0.5000000000000001,0.8660254037844386,14.02400551717,10.788,16.082,alta_fd,,21.0,5.1,-4.9733815,9.050623997852373,-4.2946215,9.729384049579668
2021-03-22 07:00:00,-1.9915178786324983,1.0,-0.25881904510252063,0.9659258262890683,0.5000000000000001,0.8660254037844386,13.709517878632498,11.718,15.123,alta_fd,,11.0,1.5,-2.609445,11.100072783570242,-2.9943821,10.715135735611868
2021-03-22 08:00:00,-5.12303838409251,0.9333171883025398,-0.4999999999999998,0.8660254037844387,0.5000000000000001,0.8660254037844386,124.26603838409252,119.143,139.671,alta_fd,0.042999071570235,12.0,1.0,-7.1433897,117.12264868224926,-7.003458,117.26258036102124
2021-03-22 09:00:00,-6.015475770492458,0.7179960310684167,-0.7071067811865475,0.7071067811865476,0.5000000000000001,0.8660254037844386,327.9734757704925,321.958,379.639,alta_fd,0.0186840388202574,12.0,1.0,-4.469784,323.5036919875335,-5.8072042,322.1662715239715
2021-03-22 10:00:00,-17.754045158920007,0.5106165371419239,-0.8660254037844387,0.49999999999999994,0.5000000000000001,0.8660254037844386,539.8960451589201,522.142,652.268,mixto,0.0340023310879416,14.0,0.5,-14.112187,525.783857773361,-12.960305,526.9357399449918
2021-03-22 11:00:00,23.11704517827013,0.3505244817904369,-0.9659258262890682,0.258819045102521,0.5000000000000001,0.8660254037844386,679.7989548217299,702.916,858.566,mixto,0.0328873509470123,18.0,4.6,22.329185,702.1281403075698,19.950516,699.7494705688002
2021-03-22 12:00:00,42.4725967200676,0.2624616444796815,-1.0,1.2246467991473532e-16,0.5000000000000001,0.8660254037844386,753.8674032799324,796.34,976.183,baja_fd,0.0533347523922791,20.0,6.7,41.670803,795.5382063500008,38.316338,792.1837408653817
2021-03-22 13:00:00,47.40321057771996,0.162417639289804,-0.9659258262890683,-0.2588190451025208,0.5000000000000001,0.8660254037844386,757.48178942228,804.885,981.604,baja_fd,0.0588943893571379,20.0,7.2,45.86465,803.3464401485984,48.00357,805.4853599789207
2021-03-22 14:00:00,42.095918621967485,0.1870620444625916,-0.8660254037844388,-0.4999999999999997,0.5000000000000001,0.8660254037844386,685.6970813780325,727.793,880.053,baja_fd,0.057840510450042,21.0,7.7,40.333057,726.030138781597,41.343204,727.0402858763235
2021-03-22 15:00:00,21.498428803167485,0.2158032463742993,-0.7071067811865479,-0.7071067811865471,0.5000000000000001,0.8660254037844386,563.5535711968325,585.052,703.013,baja_fd,0.0367461846180638,20.0,4.6,21.76072,585.3142904961489,22.54329,586.0968603814028
2021-03-22 16:00:00,10.01478587500003,0.3154973084392265,-0.5000000000000004,-0.8660254037844385,0.5000000000000001,0.8660254037844386,375.845214125,385.86,456.1,mixto,0.0259544546597212,21.2,4.1,7.0090866,382.8543007338867,10.760893,386.606106993042
2021-03-22 17:00:00,-6.885047113249982,0.5559124758226776,-0.25881904510252063,-0.9659258262890683,0.5000000000000001,0.8660254037844386,165.31304711324998,158.428,192.23,mixto,0.0434585244606381,19.0,5.7,-6.645156,158.66789120657273,-6.326993,158.98605412466355
2021-03-22 18:00:00,-3.655740611192499,1.0,-1.8369701987210297e-16,-1.0,0.5000000000000001,0.8660254037844386,15.9237406111925,12.268,17.981,alta_fd,,17.0,3.1,-4.325778,11.597962603685176,-3.89342,12.030320630189692
2021-03-23 07:00:00,-1.9255471180800008,1.0,-0.25881904510252063,0.9659258262890683,0.5000000000000001,0.8660254037844386,12.69154711808,10.766,14.176,alta_fd,,14.3,1.5,-3.0241325,9.66741462792192,-3.2742527,9.417294464958053
2021-03-23 08:00:00,-3.7688685331325047,1.0,-0.4999999999999998,0.8660254037844387,0.5000000000000001,0.8660254037844386,60.7478685331325,56.979,68.377,alta_fd,0.0661448697438092,14.6,2.6,-3.7689478,56.97892069339556,-3.7204876,57.027380938528005
2021-03-23 09:00:00,-5.57732591252001,1.0,-0.7071067811865475,0.7071067811865476,0.5000000000000001,0.8660254037844386,117.41032591252,111.833,133.412,alta_fd,0.0498719153784661,15.0,3.1,-3.612273,113.79805293469101,-5.0334573,112.37686863331467
2021-03-23 10:00:00,-9.448005489032482,0.9938393702057652,-0.8660254037844387,0.49999999999999994,0.5000000000000001,0.8660254037844386,165.73100548903247,156.283,190.003,alta_fd,0.0604544671463465,15.5,0.5,-11.679618,154.05138760725757,-9.951974,155.77903157393237
2021-03-23 11:00:00,-11.09932550452004,0.9743835231673604,-0.9659258262890682,0.258819045102521,0.5000000000000001,0.8660254037844386,263.98932550452,252.89,309.012,alta_fd,0.0438899343766856,17.0,1.5,-10.350351,253.63897417090186,-9.190063,254.79926202795752
2021-03-23 12:00:00,-9.348412301569963,0.9515198131945176,-1.0,1.2246467991473532e-16,0.5000000000000001,0.8660254037844386,346.63641230157,337.288,414.602,alta_fd,0.0277164094233117,19.0,2.6,-4.772788,341.86362425377945,-5.105693,341.5307194381056
2021-03-23 13:00:00,-1.9268863677300487,0.8407614588349563,-0.9659258262890683,-0.2588190451025208,0.5000000000000001,0.8660254037844386,410.67288636773,408.746,497.966,alta_fd,0.0047141412215166,19.7,4.6,3.470006,414.1428923568047,-0.11995337,410.55293299614556
2021-03-23 14:00:00,-0.5666871479324982,0.8523088476780294,-0.8660254037844388,-0.4999999999999997,0.5000000000000001,0.8660254037844386,368.1446871479325,367.578,445.783,alta_fd,0.0015416786312904,21.0,5.7,7.138061,375.2827481945328,2.1853902,370.330077381926
2021-03-23 15:00:00,-1.455292990812552,0.8549695326065476,-0.7071067811865479,-0.7071067811865471,0.5000000000000001,0.8660254037844386,293.13829299081254,291.683,350.615,alta_fd,0.0049892965678923,21.0,5.7,4.582286,297.720578871855,-2.224873,290.91341992486406
2021-03-23 16:00:00,-3.3539768868924966,0.9291321579664424,-0.5000000000000004,-0.8660254037844385,0.5000000000000001,0.8660254037844386,187.4449768868925,184.091,220.601,alta_fd,0.0182191247094779,21.1,4.6,-3.135884,184.30909284033794,-4.627992,182.81698473372478
2021-03-23 17:00:00,-3.9752317429300064,0.9961927600912516,-0.25881904510252063,-0.9659258262890683,0.5000000000000001,0.8660254037844386,81.40923174293,77.434,93.886,alta_fd,0.051337032090942,20.0,3.6,-6.056263,75.3529687729593,-6.1892743,75.21995743186433
2021-03-24 07:00:00,-1.93679403008,1.0,-0.25881904510252063,0.9659258262890683,0.5000000000000001,0.8660254037844386,12.68179403008,10.745,14.176,alta_fd,,14.5,3.6,-3.5928562,9.088937861333052,-3.1232977,9.558496338734786
2021-03-24 08:00:00,-4.448423451992483,0.8570549086029052,-0.4999999999999998,0.8660254037844387,0.5000000000000001,0.8660254037844386,153.45142345199247,149.003,175.261,alta_fd,0.0298545898538451,15.0,2.6,-5.363403,148.08802060851713,-5.6698346,147.78158883819242
2021-03-24 09:00:00,2.478211657407485,0.619319770950382,-0.7071067811865475,0.7071067811865476,0.5000000000000001,0.8660254037844386,385.6927883425925,388.171,460.229,mixto,0.006384329734595,17.0,2.6,1.6747279,387.36751625931004,-0.58591664,385.1068717042182
2021-03-24 10:00:00,12.93185246874998,0.3373992983274281,-0.8660254037844387,0.49999999999999994,0.5000000000000001,0.8660254037844386,595.40614753125,608.338,743.25,mixto,0.0212576766020698,18.9,3.1,10.094932,605.501079133728,11.094068,606.5002151047973
2021-03-24 11:00:00,-15.28236240873241,0.2096848888779667,-0.9659258262890682,0.258819045102521,0.5000000000000001,0.8660254037844386,708.1793624087325,692.897,908.457,baja_fd,0.0220557491354882,20.0,1.0,-12.627083,695.5522795840254,-13.061836,695.1175261660567
2021-03-24 12:00:00,12.52263555370746,0.1846000527781072,-1.0,1.2246467991473532e-16,0.5000000000000001,0.8660254037844386,759.5023644462925,772.025,989.759,baja_fd,0.0162205052345551,21.0,2.6,11.80317,771.3055346504551,13.695182,773.1975462929112
2021-03-24 13:00:00,29.61508181546992,0.1756456547783152,-0.9659258262890683,-0.2588190451025208,0.5000000000000001,0.8660254037844386,744.34391818453,773.959,978.046,baja_fd,0.0382644065324777,23.2,4.1,29.585775,773.9296935598962,30.621122,774.9650405447595
2021-03-24 14:00:00,35.22378366127998,0.1848093902501712,-0.8660254037844388,-0.4999999999999997,0.5000000000000001,0.8660254037844386,677.6592163387201,712.883,877.128,baja_fd,0.0494103291301377,23.0,5.7,33.171112,710.8303283992669,34.650826,712.3100418392083
2021-03-24 15:00:00,17.225698599507496,0.229928000715476,-0.7071067811865479,-0.7071067811865471,0.5000000000000001,0.8660254037844386,551.9113014004924,569.137,696.889,baja_fd,0.0302663481718944,23.0,3.6,17.646385,569.5576865933635,18.26854,570.1798408292034
2021-03-24 16:00:00,10.48005018799995,0.3515768693442631,-0.5000000000000004,-0.8660254037844385,0.5000000000000001,0.8660254037844386,366.385949812,376.866,447.88,mixto,0.0278084257746784,23.2,4.6,7.391318,373.77726765639085,9.35648,375.74242945677537
2021-03-24 17:00:00,-6.59749335888003,0.6277508421179476,-0.25881904510252063,-0.9659258262890683,0.5000000000000001,0.8660254037844386,152.27049335888003,145.673,179.656,mixto,0.0452897473030694,23.0,5.1,-6.6855674,145.58492597988223,-7.3192277,144.95126566341494
2021-03-24 18:00:00,-3.833616423312499,1.0,-1.8369701987210297e-16,-1.0,0.5000000000000001,0.8660254037844386,14.0266164233125,10.193,16.085,alta_fd,,21.0,3.6,-4.511459,9.515157549563721,-4.2086463,9.817970125857666
2021-03-25 07:00:00,-5.466914335729989,0.9897518728739024,-0.25881904510252063,0.9659258262890683,0.5000000000000001,0.8660254037844386,42.60591433572999,37.139,46.766,alta_fd,,8.7,1.0,-4.2724,38.33351443338624,-4.591012,38.014902334692394
2021-03-25 08:00:00,-4.486232920692487,0.6964114999559196,-0.4999999999999998,0.8660254037844387,0.5000000000000001,0.8660254037844386,225.50923292069248,221.023,262.431,mixto,0.0202975840554715,17.0,2.1,-4.9638033,220.54542962937168,-4.964346,220.54488698868565
2021-03-25 09:00:00,4.999774327519901,0.3934836279791355,-0.7071067811865475,0.7071067811865476,0.5000000000000001,0.8660254037844386,442.4962256724801,447.496,532.984,mixto,0.0111727799299209,17.0,2.1,1.379282,443.87550767016074,4.9903526,447.4865783030953
2021-03-25 10:00:00,20.412539645230027,0.2909534191832994,-0.8660254037844387,0.49999999999999994,0.5000000000000001,0.8660254037844386,606.79246035477,627.205,763.838,baja_fd,0.0325452438121986,20.2,4.0,17.329416,624.1218766297944,19.375673,626.1681336488374
2021-03-25 11:00:00,-4.15002337396993,0.2015319414253235,-0.9659258262890682,0.258819045102521,0.5000000000000001,0.8660254037844386,712.6110233739699,708.461,924.322,baja_fd,0.0058578007455172,22.0,1.5,-3.045229,709.5657944158401,-4.193865,708.4171585515822
2021-03-25 12:00:00,-18.417332000732472,0.1616573716175611,-1.0,1.2246467991473532e-16,0.5000000000000001,0.8660254037844386,753.2693320007324,734.852,1001.193,baja_fd,0.0250626411858884,25.0,1.0,-16.931128,736.3382044525147,-16.763552,736.5057802886963
2021-03-25 13:00:00,21.366972440750036,0.1608251537401949,-0.9659258262890683,-0.2588190451025208,0.5000000000000001,0.8660254037844386,733.33902755925,754.706,984.51,baja_fd,0.0283116504185073,27.7,3.1,22.022064,755.3610917682344,22.80726,756.1462880725556
2021-03-25 14:00:00,28.829447325879983,0.1511036636371799,-0.8660254037844388,-0.4999999999999997,0.5000000000000001,0.8660254037844386,667.15655267412,695.986,888.708,baja_fd,0.041422452931352,29.0,4.1,30.011211,697.1677640693837,30.111658,697.2682107704335
2021-03-25 15:00:00,27.54348854506748,0.2566416826994284,-0.7071067811865479,-0.7071067811865471,0.5000000000000001,0.8660254037844386,538.6025114549325,566.146,698.433,baja_fd,0.0486508578088823,29.0,6.2,30.537058,569.1395693315194,28.175045,566.7775564683602
2021-03-25 16:00:00,10.975184288267483,0.3415316834744824,-0.5000000000000004,-0.8660254037844385,0.5000000000000001,0.8660254037844386,355.67081571173253,366.646,446.943,mixto,0.0299340079757245,29.7,4.6,9.568329,365.2391445691544,9.405162,365.0759775693375
2021-03-25 17:00:00,-6.112351731250016,0.6813915659685377,-0.25881904510252063,-0.9659258262890683,0.5000000000000001,0.8660254037844386,146.25435173125,140.142,176.05,mixto,0.0436154167291034,28.0,5.1,-6.5403924,139.71395933241578,-7.8344665,138.41988527388307
2021-03-25 18:00:00,-3.752331911679999,1.0,-1.8369701987210297e-16,-1.0,0.5000000000000001,0.8660254037844386,12.99233191168,9.24,15.136,alta_fd,,25.0,2.6,-3.1190233,9.873308588620917,-3.853485,9.138846804258124
2021-03-26 07:00:00,-5.369116124999998,0.9916807324818177,-0.25881904510252063,0.9659258262890683,0.5000000000000001,0.8660254037844386,41.396116125,36.027,45.5,alta_fd,,9.1,1.0,-4.2724,37.12371622265625,-4.5720873,36.82402883709717
2021-03-26 08:00:00,-6.363988167692497,0.6928586733397739,-0.4999999999999998,0.8660254037844387,0.5000000000000001,0.8660254037844386,227.9549881676925,221.591,262.119,mixto,0.0287195245641406,14.0,1.0,-6.53581,221.4191781739486,-6.964108,220.9908801774276
2021-03-26 09:00:00,-13.342767241532442,0.3818277268199117,-0.7071067811865475,0.7071067811865476,0.5000000000000001,0.8660254037844386,441.32776724153246,427.985,536.247,mixto,0.0311757824258617,19.0,0.0,-13.137648,428.1901196127483,-12.964217,428.36355005555833
2021-03-26 10:00:00,-9.003350846080025,0.3619348730297688,-0.8660254037844387,0.49999999999999994,0.5000000000000001,0.8660254037844386,600.60635084608,591.603,761.776,mixto,0.0152185686111801,22.0,1.0,-8.31292,592.2934312293808,-6.9534807,593.65287012556
2021-03-26 11:00:00,6.015441770720031,0.2556077338227796,-0.9659258262890682,0.258819045102521,0.5000000000000001,0.8660254037844386,704.90555822928,710.921,927.096,baja_fd,0.0084614771130969,25.0,2.1,5.3149242,710.2204824693923,4.2144656,709.1200238474136
2021-03-26 12:00:00,27.19954428270762,0.1629191863869871,-1.0,1.2246467991473532e-16,0.5000000000000001,0.8660254037844386,751.3624557172924,778.562,1003.591,baja_fd,0.0349356175650848,26.0,3.6,24.390732,775.7531875288158,26.424759,777.7872146284252
2021-03-26 13:00:00,39.18186497027,0.1527771241794418,-0.9659258262890683,-0.2588190451025208,0.5000000000000001,0.8660254037844386,729.20013502973,768.382,978.566,baja_fd,0.0509926897952711,27.8,5.1,39.777416,768.977551258978,41.082806,770.2829406632749
2021-03-26 14:00:00,36.79246237075006,0.1675887715704401,-0.8660254037844388,-0.4999999999999997,0.5000000000000001,0.8660254037844386,666.10953762925,702.902,877.91,baja_fd,0.0523436586761028,27.0,5.7,35.948627,702.0581651011738,38.663193,704.7727303782734
2021-03-26 15:00:00,27.15906297452,0.2273800951475482,-0.7071067811865479,-0.7071067811865471,0.5000000000000001,0.8660254037844386,536.98993702548,564.149,689.316,baja_fd,0.048141648703658,27.0,6.2,29.157501,566.1474382461831,28.62727,565.617206770353
2021-03-26 16:00:00,12.661516396829938,0.3608980250147626,-0.5000000000000004,-0.8660254037844385,0.5000000000000001,0.8660254037844386,354.09148360317005,366.753,436.218,mixto,0.0345232796918632,25.4,6.7,10.2408495,364.33233309810413,11.574973,365.6664567095543
2021-03-26 17:00:00,-6.891068413132473,0.6390677148973911,-0.25881904510252063,-0.9659258262890683,0.5000000000000001,0.8660254037844386,143.69706841313248,136.806,170.023,mixto,0.0503710978548636,24.0,4.6,-6.832275,136.86479349934464,-7.5561457,136.1409227451027
2021-03-26 18:00:00,-4.126948069992499,1.0,-1.8369701987210297e-16,-1.0,0.5000000000000001,0.8660254037844386,12.4249480699925,8.298,14.189,alta_fd,,20.0,3.6,-4.511459,7.91348919624372,-4.2086463,8.216301772537665
2021-03-27 07:00:00,-5.167884313570006,0.9941781894927584,-0.25881904510252063,0.9659258262890683,0.5000000000000001,0.8660254037844386,40.20288431357,35.035,43.898,alta_fd,,7.4,1.0,-3.6403863,36.562497970567684,-4.4535813,35.7493029804096
2021-03-27 08:00:00,-6.384147187332502,0.7017980414018411,-0.4999999999999998,0.8660254037844387,0.5000000000000001,0.8660254037844386,225.5291471873325,219.145,257.137,alta_fd,0.0291320686638184,12.0,1.0,-6.121123,219.40802435026586,-6.5025315,219.0266156588596
2021-03-27 09:00:00,-13.151737671330013,0.4010203586585993,-0.7071067811865475,0.7071067811865476,0.5000000000000001,0.8660254037844386,437.42273767133,424.271,526.426,mixto,0.0309984365448734,17.0,0.0,-12.046747,425.3759904636884,-12.099168,425.3235698475385
2021-03-27 10:00:00,-0.7613662919700346,0.2919540418573091,-0.8660254037844387,0.49999999999999994,0.5000000000000001,0.8660254037844386,603.63236629197,602.871,757.578,baja_fd,0.0012629008394333,19.7,1.5,-2.192611,601.4397553128898,-1.9084433,601.7239229602516
2021-03-27 11:00:00,-3.79011548081246,0.216833425348872,-0.9659258262890682,0.258819045102521,0.5000000000000001,0.8660254037844386,702.3791154808125,698.589,913.785,baja_fd,0.0054253867163846,23.0,1.5,-3.1232,699.2559155410847,-4.4599257,697.9191898292622
2021-03-27 12:00:00,34.84355311756747,0.1705237956148504,-1.0,1.2246467991473532e-16,0.5000000000000001,0.8660254037844386,749.0004468824326,783.844,989.317,baja_fd,0.0444521526191021,24.0,4.6,29.28046,778.2809072400986,35.421448,784.4218946363388
2021-03-27 13:00:00,26.09599309790758,0.1634485992512068,-0.9659258262890683,-0.2588190451025208,0.5000000000000001,0.8660254037844386,733.8010069020925,759.897,973.721,baja_fd,0.0343414871988013,25.5,3.6,26.140778,759.9417844899831,27.407425,761.2084318288503
2021-03-27 14:00:00,37.85308513787015,0.1780201999525553,-0.8660254037844388,-0.4999999999999997,0.5000000000000001,0.8660254037844386,661.7599148621299,699.613,866.894,baja_fd,0.0541057486608598,26.0,6.2,34.56845,696.3283657898643,38.28125,700.0411648621299
2021-03-27 15:00:00,28.202281239467425,0.2831036915734825,-0.7071067811865479,-0.7071067811865471,0.5000000000000001,0.8660254037844386,526.7447187605326,554.947,671.553,baja_fd,0.0508197742117128,26.0,7.7,28.893383,555.6381017866556,27.381674,554.1263925733988
2021-03-27 16:00:00,9.625188947000026,0.4512874267000801,-0.5000000000000004,-0.8660254037844385,0.5000000000000001,0.8660254037844386,329.717811053,339.343,402.34,mixto,0.0283641888796881,24.2,6.7,9.537699,339.25550979872753,9.374418,339.092229311667
2021-03-27 17:00:00,-6.252049318920001,0.6890566401231312,-0.25881904510252063,-0.9659258262890683,0.5000000000000001,0.8660254037844386,133.37804931892,127.126,156.268,mixto,0.049179942096188,22.0,6.2,-6.2401695,127.13787979377352,-7.3267474,126.05130190147005
2021-03-27 18:00:00,-4.030192308,1.0,-1.8369701987210297e-16,-1.0,0.5000000000000001,0.8660254037844386,11.504192308,7.474,13.24,alta_fd,,22.0,6.2,-5.0222197,6.481972650102051,-4.3058615,7.198330834916504
2021-03-28 07:00:00,-2.866792372332501,1.0,-0.25881904510252063,0.9659258262890683,0.5000000000000001,0.8660254037844386,20.8137923723325,17.947,22.713,alta_fd,,7.9,1.0,-3.4279616,17.385830784426616,-3.4418492,17.37194314061253
2021-03-28 08:00:00,-4.830976198232506,0.978706445390141,-0.4999999999999998,0.8660254037844387,0.5000000000000001,0.8660254037844386,112.12297619823252,107.292,126.307,alta_fd,0.0450264343868369,13.0,1.0,-7.22174,104.90123642925059,-6.8751407,105.24783553127085
2021-03-28 09:00:00,-7.281237684732503,0.9781344471941368,-0.7071067811865475,0.7071067811865476,0.5000000000000001,0.8660254037844386,216.6432376847325,209.362,250.743,alta_fd,0.0347782199479012,16.0,1.0,-6.7416883,209.90154943323714,-6.8496366,209.79360113001448
2021-03-28 10:00:00,-15.47657217133002,0.8471284113677808,-0.8660254037844387,0.49999999999999994,0.5000000000000001,0.8660254037844386,317.77057217133,302.294,378.474,alta_fd,0.0511970868470099,19.1,0.0,-14.375527,303.39504478943303,-13.144346,304.6262259341474
2021-03-28 11:00:00,-12.943004345792588,0.8359444410308822,-0.9659258262890682,0.258819045102521,0.5000000000000001,0.8660254037844386,377.87200434579256,364.929,458.309,alta_fd,0.0354671849751392,21.0,1.0,-11.733323,366.13868124856356,-10.997806,366.8741987503946
2021-03-28 12:00:00,-5.336818773280015,0.8841567844419556,-1.0,1.2246467991473532e-16,0.5000000000000001,0.8660254037844386,399.92381877328,394.587,493.496,alta_fd,0.0135250750107834,24.0,3.1,-0.62033707,399.3034817042454,-2.134957,397.788861698161
2021-03-28 13:00:00,22.061991480429924,0.60029595254901,-0.9659258262890683,-0.2588190451025208,0.5000000000000001,0.8660254037844386,541.1020085195701,563.164,688.098,mixto,0.0391750741887441,24.9,10.0,27.163363,568.2653710226218,18.953506,560.0555149892966
2021-03-28 14:00:00,5.188710611679994,0.7431938761314727,-0.8660254037844388,-0.4999999999999997,0.5000000000000001,0.8660254037844386,440.29728938832,445.486,549.752,alta_fd,0.0116473034207135,25.0,5.1,9.754141,450.05143024220183,5.9380217,446.23531104817107
2021-03-28 15:00:00,-0.8661968211200133,0.8169972337220107,-0.7071067811865479,-0.7071067811865471,0.5000000000000001,0.8660254037844386,311.04819682112003,310.182,381.392,alta_fd,0.0027925438004784,26.0,4.1,7.1522784,318.20047524442936,0.75097245,311.79916927089954
2021-03-28 16:00:00,-3.0215956923200054,0.9048095800916371,-0.5000000000000004,-0.8660254037844385,0.5000000000000001,0.8660254037844386,176.85459569232,173.833,211.848,alta_fd,0.0173821753770573,25.7,4.6,-3.1684,173.6861956431104,-4.793278,172.06131747500433
2021-03-28 17:00:00,-4.042709562879992,1.0,-0.25881904510252063,-0.9659258262890683,0.5000000000000001,0.8660254037844386,69.28070956287999,65.238,81.056,alta_fd,0.0619686312100308,24.0,2.6,-4.682283,64.59842663822789,-4.772146,64.5085633379044
2021-03-29 07:00:00,-2.8234597333125,1.0,-0.25881904510252063,0.9659258262890683,0.5000000000000001,0.8660254037844386,19.8424597333125,17.019,21.765,alta_fd,,9.3,1.0,-3.3955226,16.446937138860594,-3.3705552,16.47190457088269
2021-03-29 08:00:00,-6.177740522092478,0.7397793119035087,-0.4999999999999998,0.8660254037844387,0.5000000000000001,0.8660254037844386,217.50574052209248,211.328,249.721,alta_fd,0.0292329484123849,14.0,1.0,-6.6934,210.81234061593403,-6.964108,210.5416325318276
2021-03-29 09:00:00,-1.950892677000013,0.4200919467496931,-0.7071067811865475,0.7071067811865476,0.5000000000000001,0.8660254037844386,426.264892677,424.314,516.62,mixto,0.0045977570313494,19.0,1.0,-4.2202325,422.0446601902751,-3.5837789,422.68111381881516
2021-03-29 10:00:00,-16.27575298913257,0.2909870195060045,-0.8660254037844387,0.49999999999999994,0.5000000000000001,0.8660254037844386,581.2677529891325,564.992,734.873,baja_fd,0.0288070503460802,22.1,0.5,-16.271055,564.9966977675749,-15.171052,566.0967010100676
2021-03-29 11:00:00,2.9302310807499907,0.3794157927690283,-0.9659258262890682,0.258819045102521,0.5000000000000001,0.8660254037844386,636.63776891925,639.568,821.31,mixto,0.0045815786292466,24.0,2.1,2.9269514,639.5647203276362,4.0759053,640.7136742422786
2021-03-29 12:00:00,-1.9392106198125705,0.5386083389847282,-1.0,1.2246467991473532e-16,0.5000000000000001,0.8660254037844386,581.3532106198126,579.414,745.455,mixto,0.0033468480565063,25.0,2.1,2.4039154,583.757126025086,-0.68745273,580.6657578862959
2021-03-29 13:00:00,-1.0446974825300115,0.7960516377342031,-0.9659258262890683,-0.2588190451025208,0.5000000000000001,0.8660254037844386,396.24469748253,395.2,495.846,alta_fd,0.0026434652898026,27.2,4.1,5.7436666,401.98836413139475,0.67067564,396.91537311786783
2021-03-29 14:00:00,5.46091423800749,0.7005696597011247,-0.8660254037844388,-0.4999999999999997,0.5000000000000001,0.8660254037844386,436.1800857619925,441.641,549.811,alta_fd,0.0123650526966642,27.2,4.8,12.429176,448.6092620925589,5.3336,441.51368580624296
2021-03-29 15:00:00,9.468185832107508,0.5689469797049406,-0.7071067811865479,-0.7071067811865471,0.5000000000000001,0.8660254037844386,404.1908141678925,413.659,506.751,mixto,0.0228888669945716,27.3,5.5,14.943253,419.13406673136905,7.549977,411.7407909936066
2021-03-29 16:00:00,5.692100646030042,0.5686107705040135,-0.5000000000000004,-0.8660254037844385,0.5000000000000001,0.8660254037844386,287.29689935396993,292.989,352.878,mixto,0.0194276940295712,27.3,6.2,5.038235,292.33513454150045,-0.41497716,286.88192219089353
2021-03-29 17:00:00,-6.344258435492478,0.7318221799866482,-0.25881904510252063,-0.9659258262890683,0.5000000000000001,0.8660254037844386,127.02725843549248,120.683,150.289,alta_fd,0.0525696115898053,24.6,4.4,-7.047984,119.9792743122625,-7.296801,119.730457345252
2021-03-29 18:00:00,-3.840944179812501,1.0,-1.8369701987210297e-16,-1.0,0.5000000000000001,0.8660254037844386,9.8599441798125,6.019,11.345,alta_fd,,22.0,2.6,-3.5008626,6.35908158139331,-3.704638,6.155306175509521
2021-03-30 07:00:00,-4.090102469249999,1.0,-0.25881904510252063,0.9659258262890683,0.5000000000000001,0.8660254037844386,32.50410246925,28.414,35.51,alta_fd,,7.8,1.0,-3.445707,29.058395386501587,-3.4667845,29.037317992016114
2021-03-30 08:00:00,-6.132707956292563,0.752319336491654,-0.4999999999999998,0.8660254037844387,0.5000000000000001,0.8660254037844386,202.45170795629252,196.319,230.991,alta_fd,0.0312384840809731,13.0,1.0,-6.958378,195.49333011815776,-6.979953,195.4717551440977
2021-03-30 09:00:00,-6.847942757312524,0.4996803064568837,-0.7071067811865475,0.7071067811865476,0.5000000000000001,0.8660254037844386,404.9999427573125,398.152,484.795,mixto,0.0171993177412458,17.0,0.5,-7.567035,397.43290755910084,-7.1951356,397.8048071638982
2021-03-30 10:00:00,8.553749117187522,0.3634206195088871,-0.8660254037844387,0.49999999999999994,0.5000000000000001,0.8660254037844386,565.9342508828125,574.488,703.625,mixto,0.0148893434104585,19.2,2.6,6.456703,572.3909540688477,8.029112,573.9633627449952
2021-03-30 11:00:00,10.807233818607529,0.3012274296870009,-0.9659258262890682,0.258819045102521,0.5000000000000001,0.8660254037844386,680.6567661813925,691.464,877.099,mixto,0.0156294959948855,22.0,2.6,9.347438,690.0042040399741,8.46613,689.1228964380454
2021-03-30 12:00:00,19.427737538029877,0.2082189173386044,-1.0,1.2246467991473532e-16,0.5000000000000001,0.8660254037844386,733.2952624619701,752.723,965.278,baja_fd,0.0258099427518886,24.0,3.1,15.367744,748.6630069077709,16.740465,750.0357276261547
2021-03-30 13:00:00,43.740705668607575,0.1632951762523395,-0.9659258262890683,-0.2588190451025208,0.5000000000000001,0.8660254037844386,727.3152943313925,771.056,960.699,baja_fd,0.0567283124294572,24.9,6.2,41.901875,769.2171688736288,45.861336,773.176630085787
2021-03-30 14:00:00,34.12495123268752,0.2441491009621979,-0.8660254037844388,-0.4999999999999997,0.5000000000000001,0.8660254037844386,640.8300487673125,674.955,831.595,baja_fd,0.050558853897945,25.0,6.2,30.258116,671.0881645357451,29.77925,670.6092979585967
2021-03-30 15:00:00,18.382181424107443,0.443518814097345,-0.7071067811865479,-0.7071067811865471,0.5000000000000001,0.8660254037844386,466.40381857589256,484.786,582.399,mixto,0.037918135886984,24.0,7.2,21.230633,487.634451357875,17.955648,484.35946699813377
2021-03-30 16:00:00,2.2393870712299986,0.6777503617944783,-0.5000000000000004,-0.8660254037844385,0.5000000000000001,0.8660254037844386,243.66961292877,245.909,289.162,mixto,0.0091065681663948,21.0,7.7,2.2109914,245.88060431136887,-0.9449574,242.72465555324357
2021-03-30 17:00:00,-4.483499253729988,0.9114077191202504,-0.25881904510252063,-0.9659258262890683,0.5000000000000001,0.8660254037844386,92.27549925373,87.792,105.734,alta_fd,0.0510695650370191,18.0,7.7,-5.3205175,86.95498171375198,-5.870324,86.40517511890334
2021-03-31 07:00:00,-1.6632109552925003,1.0,-0.25881904510252063,0.9659258262890683,0.5000000000000001,0.8660254037844386,9.4072109552925,7.744,10.391,alta_fd,,11.5,1.0,-3.3363452,6.070865759522237,-3.3181171,6.0890938135688675
2021-03-31 08:00:00,-3.66548916032,1.0,-0.4999999999999998,0.8660254037844387,0.5000000000000001,0.8660254037844386,54.94148916032,51.276,61.648,alta_fd,0.0714854739121616,14.0,1.5,-4.085054,50.856435239574154,-3.8688889,51.072600305339535
2021-03-31 09:00:00,-6.22010497853249,1.0,-0.7071067811865475,0.7071067811865476,0.5000000000000001,0.8660254037844386,109.55810497853248,103.338,124.847,alta_fd,0.0601918459669481,16.0,0.5,-8.941592,100.61651276204078,-7.207324,102.35078095051735
2021-03-31 10:00:00,-7.89746861163249,0.9968819079685836,-0.8660254037844387,0.49999999999999994,0.5000000000000001,0.8660254037844386,156.0354686116325,148.138,179.723,alta_fd,0.0533115649707198,17.0,1.5,-9.197064,146.83840421191326,-8.005074,148.03039506426921
2021-03-31 11:00:00,-10.88235497300002,0.9905740849347752,-0.9659258262890682,0.258819045102521,0.5000000000000001,0.8660254037844386,186.320354973,175.438,217.34,alta_fd,0.0620296342468565,19.0,0.5,-15.750592,170.56976274124952,-12.257132,174.06322339646192
2021-03-31 12:00:00,-10.99887635172999,0.9872338593683012,-1.0,1.2246467991473532e-16,0.5000000000000001,0.8660254037844386,202.20387635173,191.205,236.434,alta_fd,0.0575239996429486,19.0,1.0,-13.763179,188.44069752635158,-11.291851,190.91202530802883
2021-03-31 13:00:00,-10.028822265812463,0.9867526737592508,-0.9659258262890683,-0.2588190451025208,0.5000000000000001,0.8660254037844386,198.04282226581248,188.014,232.385,alta_fd,0.0533408270969846,20.0,1.5,-10.926663,187.1161588670698,-9.785042,188.25778045673044
2021-03-31 14:00:00,-8.305986044130009,0.989375199770126,-0.8660254037844388,-0.4999999999999997,0.5000000000000001,0.8660254037844386,174.85698604413,166.551,205.306,alta_fd,0.0498705264101086,21.0,2.1,-8.2059965,166.6509895307633,-6.952079,167.9049072248551
2021-03-31 15:00:00,-5.986624307999989,1.0,-0.7071067811865479,-0.7071067811865471,0.5000000000000001,0.8660254037844386,136.411624308,130.425,159.24,alta_fd,0.0459008955951695,21.0,4.1,-1.5309521,134.8806722120146,-3.9283965,132.48322784460584
2021-03-31 16:00:00,-4.343971040792496,1.0,-0.5000000000000004,-0.8660254037844385,0.5000000000000001,0.8660254037844386,86.1409710407925,81.797,99.491,alta_fd,0.0531067281293017,20.2,5.1,-2.7802784,83.36069259650233,-3.2666237,82.87434730536464
2021-03-31 17:00:00,-2.9119473799700017,1.0,-0.25881904510252063,-0.9659258262890683,0.5000000000000001,0.8660254037844386,33.33294737997,30.421,37.878,alta_fd,,18.0,6.2,-4.0405927,29.292354709529327,-3.869738,29.463209278010773
2021-04-01 07:00:00,-4.778401797000001,0.999538153404126,-0.25881904510252063,0.9659258262890683,6.123233995736766e-17,1.0,33.589401797,28.811,36.98,alta_fd,,9.8,0.0,-4.5648456,29.0245562350188,-3.8975282,29.691873625460694
2021-04-01 08:00:00,-8.958725887999975,0.6972967895268932,-0.4999999999999998,0.8660254037844387,6.123233995736766e-17,1.0,219.650725888,210.692,252.16,mixto,0.0425204843468189,13.9,0.0,-7.741754,211.90897183297682,-9.084379,210.56634669183302
2021-04-01 09:00:00,-12.222323289812492,0.398051552753378,-0.7071067811865475,0.7071067811865476,6.123233995736766e-17,1.0,429.9623232898125,417.74,519.105,mixto,0.0292582067549492,18.0,0.0,-10.463761,419.4985619601616,-11.49856,418.4637633380303
2021-04-01 10:00:00,6.956820214407458,0.287911857007709,-0.8660254037844387,0.49999999999999994,6.123233995736766e-17,1.0,592.1271797855925,599.084,746.179,baja_fd,0.0116124286651078,21.0,2.1,5.664039,597.7912189205717,5.7170973,597.8442770680022
2021-04-01 11:00:00,7.169649600407524,0.1951744380070862,-0.9659258262890682,0.258819045102521,6.123233995736766e-17,1.0,691.7893503995924,698.959,898.029,baja_fd,0.010257611105097,23.0,2.1,5.3904014,697.1797517629652,4.3047204,696.0940708013563
2021-04-01 12:00:00,20.923188647867505,0.1700102694496993,-1.0,1.2246467991473532e-16,6.123233995736766e-17,1.0,732.1348113521325,753.058,970.127,baja_fd,0.0277842990153049,25.3,3.1,16.97332,749.1081313594567,19.41159,751.5464019283044
2021-04-01 13:00:00,30.65759835647998,0.1658899124616519,-0.9659258262890683,-0.2588190451025208,6.123233995736766e-17,1.0,711.92940164352,742.587,950.688,baja_fd,0.0412848573385744,27.6,4.1,31.282196,743.2115976884419,30.760576,742.689977891689
2021-04-01 14:00:00,25.005510656830097,0.1744753907041136,-0.8660254037844388,-0.4999999999999997,6.123233995736766e-17,1.0,669.5044893431699,694.51,843.882,baja_fd,0.036004536517588,18.0,4.1,21.39726,690.9017500090634,23.96362,693.4681085753476
2021-04-01 15:00:00,19.532554291207475,0.2065822861928612,-0.7071067811865479,-0.7071067811865471,6.123233995736766e-17,1.0,528.0244457087925,547.557,663.741,baja_fd,0.0356721844323193,23.0,4.1,17.453896,545.4783412776402,20.943626,548.9680721126011
2021-04-01 16:00:00,9.30733143790752,0.3199424527418812,-0.5000000000000004,-0.8660254037844385,6.123233995736766e-17,1.0,333.5546685620925,342.862,414.279,mixto,0.0271459987922473,28.0,4.1,9.8955145,343.4501830503127,9.500567,343.05523599831076
2021-04-01 17:00:00,-8.497406300632505,0.5888825841865215,-0.25881904510252063,-0.9659258262890683,6.123233995736766e-17,1.0,128.1064063006325,119.609,152.477,mixto,0.07104320160383,26.0,3.6,-6.7079587,121.3984476023598,-7.6092834,120.49712285336688
2021-04-01 18:00:00,-3.5396374118924987,1.0,-1.8369701987210297e-16,-1.0,6.123233995736766e-17,1.0,9.006637411892498,5.467,10.399,alta_fd,,22.9,3.1,-4.21051,4.7961276348234065,-3.7972386,5.2093988235593685
2021-04-02 07:00:00,-4.568368536592505,1.0,-0.25881904510252063,0.9659258262890683,6.123233995736766e-17,1.0,32.012368536592504,27.444,35.371,alta_fd,,10.8,0.0,-4.589612,27.42275652945139,-3.8736207,28.138747788072607
2021-04-02 08:00:00,-7.238898690529993,0.648413034353162,-0.4999999999999998,0.8660254037844387,6.123233995736766e-17,1.0,218.86589869053,211.627,251.846,mixto,0.0342059316180354,14.5,0.7,-5.7207465,213.1451521733486,-6.2828736,212.58302506000632
2021-04-02 09:00:00,1.461202577630047,0.4052771854615178,-0.7071067811865475,0.7071067811865476,6.123233995736766e-17,1.0,425.74979742237,427.211,514.342,mixto,0.0034203299485033,18.3,1.4,-0.2570079,425.49278952546985,0.5778853,426.3276827520934
2021-04-02 10:00:00,7.701279502007537,0.2482107968283115,-0.8660254037844387,0.49999999999999994,6.123233995736766e-17,1.0,587.2037204979924,594.905,742.861,baja_fd,0.0129453938057463,22.0,2.1,5.664039,592.8677596329717,5.66589,592.8696107148198
2021-04-02 11:00:00,27.480853269767408,0.1998431723676376,-0.9659258262890682,0.258819045102521,6.123233995736766e-17,1.0,684.5491467302326,712.03,891.843,baja_fd,0.0385950778334724,24.0,4.1,23.477463,708.0266094987873,24.63228,709.181427079964
2021-04-02 12:00:00,-15.161093008232456,0.1527567595398418,-1.0,1.2246467991473532e-16,6.123233995736766e-17,1.0,720.8230930082325,705.662,956.307,baja_fd,0.0214849219714714,26.0,1.0,-11.284511,709.5385823957447,-12.874914,707.948178838921
2021-04-02 13:00:00,20.91585465007995,0.1502884170062313,-0.9659258262890683,-0.2588190451025208,6.123233995736766e-17,1.0,703.66714534992,724.583,934.968,baja_fd,0.0288660576498205,27.0,3.1,19.868511,723.5356565498712,20.741121,724.4082666420343
2021-04-02 14:00:00,23.08747461486746,0.1792596529962594,-0.8660254037844388,-0.4999999999999997,6.123233995736766e-17,1.0,635.4845253851325,658.572,836.423,baja_fd,0.0350568724678052,28.0,3.6,23.479916,658.964441004029,23.258791,658.7433163549812
2021-04-02 15:00:00,27.11435971856736,0.2132569696551176,-0.7071067811865479,-0.7071067811865471,6.123233995736766e-17,1.0,513.0416402814326,540.156,655.517,baja_fd,0.0501972758213689,27.0,6.7,26.441334,539.4829740521845,27.854862,540.8965024945674
2021-04-02 16:00:00,11.36323917311995,0.3271348686340777,-0.5000000000000004,-0.8660254037844385,6.123233995736766e-17,1.0,332.22676082688,343.59,406.656,mixto,0.0330720893306555,24.8,6.2,9.272027,341.49878784256606,11.106914,343.3336743934694
2021-04-02 17:00:00,-8.135577738880002,0.5987095989120905,-0.25881904510252063,-0.9659258262890683,6.123233995736766e-17,1.0,125.90257773888,117.767,147.344,mixto,0.0690819817001367,22.0,6.2,-6.0682583,119.83431945335754,-7.3086185,118.59395919334777
2021-04-03 07:00:00,-1.7486149232924992,1.0,-0.25881904510252063,0.9659258262890683,6.123233995736766e-17,1.0,9.3786149232925,7.63,10.391,alta_fd,,12.3,1.0,-3.3476465,6.030968448454242,-3.2935712,6.0850436895431095
2021-04-03 08:00:00,-3.744830926232496,1.0,-0.4999999999999998,0.8660254037844387,6.123233995736766e-17,1.0,54.317830926232496,50.573,60.707,alta_fd,0.0740480281223675,13.0,0.5,-4.605386,49.71244514589802,-4.3557887,49.96204221849934
2021-04-03 09:00:00,-6.116073813119996,1.0,-0.7071067811865475,0.7071067811865476,6.123233995736766e-17,1.0,109.22407381312,103.108,122.992,alta_fd,0.0593171607743336,13.0,0.5,-7.001649,102.22242491022693,-6.256464,102.9676098086034
2021-04-03 10:00:00,-8.231125744129997,0.9968851217839528,-0.8660254037844387,0.49999999999999994,6.123233995736766e-17,1.0,155.83412574413,147.603,176.906,alta_fd,0.0557653011397464,13.4,1.0,-7.806447,148.02767871501624,-8.16837,147.6657554972428
2021-04-03 11:00:00,-13.021094415592472,0.8660676232932107,-0.9659258262890682,0.258819045102521,6.123233995736766e-17,1.0,373.06709441559246,360.046,440.429,alta_fd,0.0361650856157059,15.0,1.0,-8.738906,364.3281885089152,-10.011001,363.0560937823527
2021-04-03 12:00:00,1.827655231967583,0.6331935046786119,-1.0,1.2246467991473532e-16,6.123233995736766e-17,1.0,554.6943447680325,556.522,678.053,mixto,0.0032840664555355,16.0,3.1,6.9923754,561.6867201418728,2.797217,557.4915616602749
2021-04-03 13:00:00,15.8109798163199,0.4286921607607806,-0.9659258262890683,-0.2588190451025208,6.123233995736766e-17,1.0,632.57102018368,648.382,793.264,mixto,0.0243852849343749,18.4,4.1,18.250237,650.8212566949105,15.2746315,647.8456516839242
2021-04-03 14:00:00,22.841712246767543,0.3293047179062899,-0.8660254037844388,-0.4999999999999997,6.123233995736766e-17,1.0,602.2182877532324,625.06,756.693,mixto,0.0365432314446093,20.0,5.1,23.268082,625.4863694182715,21.71512,623.9334080687842
2021-04-03 15:00:00,16.65651577636754,0.3160239428725484,-0.7071067811865479,-0.7071067811865471,6.123233995736766e-17,1.0,494.99948422363246,511.656,609.877,mixto,0.0325541296815976,20.0,4.6,18.298418,513.2979022686764,18.128386,513.1278697674556
2021-04-03 16:00:00,8.334748130307503,0.3606606795565497,-0.5000000000000004,-0.8660254037844385,6.123233995736766e-17,1.0,326.4392518696925,334.774,391.369,mixto,0.0248966411080535,20.3,4.6,6.3682637,332.80751559115856,8.752836,335.1920880971095
2021-04-03 17:00:00,-8.21713164853,0.6187327021738127,-0.25881904510252063,-0.9659258262890683,6.123233995736766e-17,1.0,122.75913164853,114.542,141.854,mixto,0.0717390271562396,19.0,5.1,-6.431315,116.32781670330905,-7.3127007,115.4464309000864
2021-04-04 08:00:00,-3.5519297687924976,1.0,-0.4999999999999998,0.8660254037844387,6.123233995736766e-17,1.0,52.945929768792496,49.394,59.741,alta_fd,,15.5,2.3,-3.3108647,49.63506508182655,-2.8899772,50.055952552071915
2021-04-04 09:00:00,-5.2774084703700055,1.0,-0.7071067811865475,0.7071067811865476,6.123233995736766e-17,1.0,107.13340847037,101.856,122.042,alta_fd,0.0518124457112983,16.0,2.6,-4.075465,103.05794326803846,-4.8985124,102.23489610693616
2021-04-04 10:00:00,-7.29042987783248,0.9968691698351236,-0.8660254037844387,0.49999999999999994,6.123233995736766e-17,1.0,151.6914298778325,144.401,174.963,alta_fd,0.050487391900558,17.5,2.1,-6.410201,145.28122880513962,-6.6663113,145.0251186137944
2021-04-04 11:00:00,-8.022194171169986,0.9905562755825816,-0.9659258262890682,0.258819045102521,6.123233995736766e-17,1.0,182.93519417117,174.913,212.582,alta_fd,0.0458639104650311,18.2,3.1,-6.872072,176.06312195132136,-6.8348536,176.1003405220306
2021-04-04 12:00:00,-7.984988572999981,0.987173373304466,-1.0,1.2246467991473532e-16,6.123233995736766e-17,1.0,197.408988573,189.424,230.66,alta_fd,0.0421540489747866,19.0,4.1,-6.222049,191.18693933670238,-6.3021216,191.10686693374828
2021-04-04 13:00:00,-8.075582895569966,0.986640632082566,-0.9659258262890683,-0.2588190451025208,6.123233995736766e-17,1.0,193.04758289557,184.972,225.602,alta_fd,0.04365840719444,19.2,3.6,-6.898131,186.14945200186273,-6.7390065,186.30857637625238
2021-04-04 14:00:00,-7.256589672492481,0.9928220712865116,-0.8660254037844388,-0.4999999999999997,6.123233995736766e-17,1.0,169.2115896724925,161.955,197.689,alta_fd,0.0448062095797751,20.0,3.6,-4.0163307,165.19525895349835,-4.951435,164.26015458338117
2021-04-04 15:00:00,-5.814792384812506,1.0,-0.7071067811865479,-0.7071067811865471,6.123233995736766e-17,1.0,131.8017923848125,125.987,152.505,alta_fd,0.0461539078223348,19.0,4.1,-3.3874145,128.41437792939868,-4.5259323,127.27586007280078
2021-04-04 16:00:00,-4.279278573312496,1.0,-0.5000000000000004,-0.8660254037844385,6.123233995736766e-17,1.0,82.3802785733125,78.101,94.715,alta_fd,0.0547915977172186,19.2,4.1,-3.001468,79.37881063012097,-3.8727226,78.50755594758007
2021-04-04 17:00:00,-2.8394966174324985,1.0,-0.25881904510252063,-0.9659258262890683,6.123233995736766e-17,1.0,29.995496617432497,27.156,34.083,alta_fd,,18.1,4.6,-4.3562284,25.63926826583948,-3.8665383,26.12895833122339
2021-04-05 07:00:00,-2.7151330578124995,1.0,-0.25881904510252063,0.9659258262890683,6.123233995736766e-17,1.0,15.3131330578125,12.598,17.025,alta_fd,,13.0,0.0,-4.6663947,10.646738347271729,-4.070876,11.242256936291504
2021-04-05 08:00:00,-6.756827717169983,0.850205028738576,-0.4999999999999998,0.8660254037844387,6.123233995736766e-17,1.0,150.72682771716998,143.97,172.082,alta_fd,0.0469321922426198,15.0,0.0,-8.58971,142.13711748157428,-9.257037,141.46979055438922
2021-04-05 09:00:00,-6.8576999033124935,0.6459959325599739,-0.7071067811865475,0.7071067811865476,6.123233995736766e-17,1.0,355.9486999033125,349.091,420.885,mixto,0.0196444477322889,16.0,0.5,-6.0089216,349.9397782800825,-7.2386184,348.71008152944165
2021-04-05 10:00:00,-7.209414482930128,0.3981060325666963,-0.8660254037844387,0.49999999999999994,6.123233995736766e-17,1.0,550.3984144829301,543.189,679.186,mixto,0.0132723867437119,18.2,1.0,-5.0688043,545.3296102188615,-5.022339,545.3760756157426
2021-04-05 11:00:00,12.37747214768001,0.3706106237048887,-0.9659258262890682,0.258819045102521,6.123233995736766e-17,1.0,636.38652785232,648.764,800.952,mixto,0.0190785434267006,19.0,3.1,10.935004,647.321532086634,11.357321,647.7438486378425
2021-04-05 12:00:00,17.278862580607438,0.4688739070593701,-1.0,1.2246467991473532e-16,6.123233995736766e-17,1.0,653.0051374193926,670.284,828.549,mixto,0.0257784201631061,20.0,4.1,20.14854,673.1536779162187,16.133228,669.1383657213945
2021-04-05 13:00:00,13.73014377346999,0.4039492163583378,-0.9659258262890683,-0.2588190451025208,6.123233995736766e-17,1.0,628.72285622653,642.453,792.454,mixto,0.0213714369354178,19.6,3.6,16.327772,645.0506283670329,13.891542,642.6143986612224
2021-04-05 14:00:00,22.51237387567994,0.2466712579713839,-0.8660254037844388,-0.4999999999999997,6.123233995736766e-17,1.0,629.19162612432,651.704,798.552,baja_fd,0.0345438632809986,21.0,4.1,21.070288,650.2619138287878,21.505932,650.697557978568
2021-04-05 15:00:00,18.82172637890756,0.2126428719106622,-0.7071067811865479,-0.7071067811865471,6.123233995736766e-17,1.0,514.5322736210925,533.354,642.129,baja_fd,0.0352893694973836,22.0,4.1,16.77606,531.3083337254626,19.767138,534.2994111485583
2021-04-05 16:00:00,8.944146571999966,0.3311488869714594,-0.5000000000000004,-0.8660254037844385,6.123233995736766e-17,1.0,326.387853428,335.332,392.84,mixto,0.0266725113380171,21.2,4.6,6.3682637,332.7561171494661,8.752836,335.140689655417
2021-04-05 17:00:00,-7.92001624532999,0.6768435119073422,-0.25881904510252063,-0.9659258262890683,6.123233995736766e-17,1.0,112.36701624533,104.447,130.174,mixto,0.0758280874063399,20.0,4.1,-6.5712304,105.79578583380047,-7.4611006,104.9059156670219
2021-04-06 07:00:00,-4.334416207312497,1.0,-0.25881904510252063,0.9659258262890683,6.123233995736766e-17,1.0,27.398416207312497,23.064,29.845,alta_fd,,7.2,0.5,-3.9727886,23.425627635001096,-4.1140532,23.284362957953366
2021-04-06 08:00:00,-7.512535637792496,0.7121066560373939,-0.4999999999999998,0.8660254037844387,6.123233995736766e-17,1.0,211.0305356377925,203.518,239.141,alta_fd,0.0369133719759062,11.0,0.5,-6.532027,204.49850887006178,-7.1782465,203.8522891396846
2021-04-06 09:00:00,-3.673499391732548,0.4030819421903829,-0.7071067811865475,0.7071067811865476,6.123233995736766e-17,1.0,426.08149939173256,422.408,506.657,mixto,0.0086965668068136,14.7,0.7,-3.6193821,422.46211724871193,-3.6707766,422.4107227861265
2021-04-06 10:00:00,-5.860770408312533,0.2425533798548001,-0.8660254037844387,0.49999999999999994,6.123233995736766e-17,1.0,589.4207704083125,583.56,733.565,baja_fd,0.0100431325113313,18.5,1.0,-6.1692815,583.251488925616,-6.0296025,583.3911678806941
2021-04-06 11:00:00,-2.1970417655699066,0.1966819132006848,-0.9659258262890682,0.258819045102521,6.123233995736766e-17,1.0,687.7920417655699,685.595,878.698,baja_fd,0.0032045767042786,20.0,1.5,-2.590826,685.201215731024,-2.1001823,685.6918594707244
2021-04-06 12:00:00,7.377210853070096,0.1489764822795976,-1.0,1.2246467991473532e-16,6.123233995736766e-17,1.0,724.6407891469299,732.018,942.286,baja_fd,0.0100779090856646,22.0,2.1,6.62053,731.2613192754089,4.1965976,728.8373867230713
2021-04-06 13:00:00,20.334309555307527,0.1706773333553477,-0.9659258262890683,-0.2588190451025208,6.123233995736766e-17,1.0,710.1846904446925,730.519,929.281,baja_fd,0.027835428723014,23.8,3.1,18.532795,728.717485397085,19.664585,729.8492755582179
2021-04-06 14:00:00,25.037546416749933,0.2099102198185603,-0.8660254037844388,-0.4999999999999997,6.123233995736766e-17,1.0,635.4904535832501,660.528,819.23,baja_fd,0.0379053521073291,23.9,4.1,22.209549,657.7000025334454,23.95472,659.4451731267071
2021-04-06 15:00:00,19.78811000674989,0.2963825025376433,-0.7071067811865479,-0.7071067811865471,6.123233995736766e-17,1.0,492.4248899932501,512.213,617.83,baja_fd,0.0386325805997698,24.0,5.1,19.474844,511.8997339721319,20.206118,512.631007623255
2021-04-06 16:00:00,6.229915853070054,0.4637359940072564,-0.5000000000000004,-0.8660254037844385,6.123233995736766e-17,1.0,289.84908414692995,296.079,351.186,mixto,0.0210413972388114,24.1,5.1,2.7358165,292.5849006256592,2.9102917,292.7593758186829
2021-04-06 17:00:00,-7.497292560932493,0.685812163797684,-0.25881904510252063,-0.9659258262890683,6.123233995736766e-17,1.0,101.1172925609325,93.62,118.383,mixto,0.0800821679227995,23.0,5.7,-6.4626966,94.65459600865589,-7.215395,93.90189758717761
2021-04-07 07:00:00,-3.36707357533,1.0,-0.25881904510252063,0.9659258262890683,6.123233995736766e-17,1.0,18.79507357533,15.428,20.826,alta_fd,,12.0,1.5,-2.6251857,16.16988784725688,-2.8228815,15.972192115140182
2021-04-07 08:00:00,-5.660795621692472,0.8001295484989205,-0.4999999999999998,0.8660254037844387,6.123233995736766e-17,1.0,162.07979562169248,156.419,185.719,alta_fd,0.036189948930069,15.5,1.2,-6.816722,155.26307370549375,-7.190546,154.88924958592588
2021-04-07 09:00:00,-2.969776455879924,0.592982244969122,-0.7071067811865475,0.7071067811865476,6.123233995736766e-17,1.0,350.39677645587994,347.427,419.356,mixto,0.0085479149745987,19.0,1.0,-3.5267549,346.8700215997703,-4.776567,345.62020947361066
2021-04-07 10:00:00,8.495722718750017,0.3972651100852469,-0.8660254037844387,0.49999999999999994,6.123233995736766e-17,1.0,540.19127728125,548.687,672.25,mixto,0.0154837324717917,20.4,2.6,7.7069564,547.8982336678162,8.409081,548.6003587402954
2021-04-07 11:00:00,27.2919025166874,0.2881580680484443,-0.9659258262890682,0.258819045102521,6.123233995736766e-17,1.0,669.5590974833126,696.851,856.565,baja_fd,0.0391646169937151,21.0,4.6,24.110092,693.6691896463985,24.51344,694.0725366617794
2021-04-07 12:00:00,31.222758938080005,0.2081269816548732,-1.0,1.2246467991473532e-16,6.123233995736766e-17,1.0,718.85624106192,750.079,939.432,baja_fd,0.0416259606495849,23.2,4.4,27.109041,745.9652822759092,28.10506,746.9613016393125
2021-04-07 13:00:00,29.85864002674998,0.1689678500365519,-0.9659258262890683,-0.2588190451025208,6.123233995736766e-17,1.0,703.5863599732501,733.445,927.03,baja_fd,0.0407101282669456,25.4,4.1,28.567375,732.1537351563555,30.118616,733.704976077376
2021-04-07 14:00:00,32.0016930948799,0.1675737646239457,-0.8660254037844388,-0.4999999999999997,6.123233995736766e-17,1.0,632.5383069051201,664.54,823.592,baja_fd,0.048156157785656,26.0,5.1,28.166239,660.7045456899101,32.565468,665.1037747395927
2021-04-07 15:00:00,22.0832200794801,0.2291761872177795,-0.7071067811865479,-0.7071067811865471,6.123233995736766e-17,1.0,502.1657799205199,524.249,634.188,baja_fd,0.0421235330529578,25.0,5.1,20.495615,522.6613949260131,22.180779,524.346558423938
2021-04-07 16:00:00,8.608006429629995,0.3714979498305139,-0.5000000000000004,-0.8660254037844385,6.123233995736766e-17,1.0,314.32399357037,322.932,382.058,mixto,0.0266557864492524,23.9,5.1,5.771168,320.09516180233413,8.976397,323.30039013103897
2021-04-07 17:00:00,-7.946674615832507,0.6901442668018185,-0.25881904510252063,-0.9659258262890683,6.123233995736766e-17,1.0,105.4966746158325,97.55,122.787,mixto,0.0814625793524603,21.4,4.1,-6.5712304,98.92544420430296,-7.164058,98.33261640736693
2021-04-08 07:00:00,-4.29377352237,1.0,-0.25881904510252063,0.9659258262890683,6.123233995736766e-17,1.0,24.77577352237,20.482,26.858,alta_fd,,6.0,1.5,-2.6426158,22.1331577272345,-2.9952426,21.78053092669739
2021-04-08 08:00:00,-6.581421768632481,0.715479866370123,-0.4999999999999998,0.8660254037844387,6.123233995736766e-17,1.0,207.3754217686325,200.794,234.877,alta_fd,0.0327769842158255,11.0,1.0,-5.9583874,201.41703439375456,-6.258265,201.11715675016936
2021-04-08 09:00:00,-5.239187259932464,0.4083335829137045,-0.7071067811865475,0.7071067811865476,6.123233995736766e-17,1.0,419.04918725993247,413.81,500.567,mixto,0.0126608522267041,16.0,0.5,-5.9341784,413.1150089075765,-5.756908,413.2922793200216
2021-04-08 10:00:00,-14.77200588367998,0.2913930227740333,-0.8660254037844387,0.49999999999999994,6.123233995736766e-17,1.0,580.75300588368,565.981,723.336,baja_fd,0.0260998264671075,19.0,0.5,-13.871284,566.881722352491,-13.760145,566.992860696302
2021-04-08 11:00:00,-10.340950476932449,0.1566043338787416,-0.9659258262890682,0.258819045102521,6.123233995736766e-17,1.0,670.0529504769324,659.712,861.583,baja_fd,0.0156749467599989,22.0,1.0,-10.490758,659.5621925347327,-11.879666,658.1732841485023
2021-04-08 12:00:00,20.46399249590752,0.1827581103386149,-1.0,1.2246467991473532e-16,6.123233995736766e-17,1.0,716.4290075040925,736.893,939.671,baja_fd,0.0277706430864555,24.0,3.1,15.54887,731.9778775907624,16.445654,732.8746614194978
2021-04-08 13:00:00,15.217324143567453,0.1688436004595587,-0.9659258262890683,-0.2588190451025208,6.123233995736766e-17,1.0,699.3946758564325,714.612,923.083,baja_fd,0.0212945264613069,25.9,2.6,15.85892,715.2535959537836,14.495642,713.8903175648065
2021-04-08 14:00:00,14.425236226687502,0.1790410143718397,-0.8660254037844388,-0.4999999999999997,6.123233995736766e-17,1.0,624.7597637733124,639.185,812.165,baja_fd,0.0225681707591503,26.0,2.6,12.792602,637.5523653587006,13.855687,638.6154509147309
2021-04-08 15:00:00,12.125758430507515,0.2214700692894786,-0.7071067811865479,-0.7071067811865471,6.123233995736766e-17,1.0,496.6002415694925,508.726,632.511,baja_fd,0.0238355390337972,27.0,2.6,11.403635,508.0038765945169,11.856676,508.45691767117705
2021-04-08 16:00:00,6.636327066679996,0.342759027345996,-0.5000000000000004,-0.8660254037844385,6.123233995736766e-17,1.0,307.83967293332,314.476,377.252,mixto,0.0211028093294241,26.0,3.6,4.8250313,312.6647042138376,7.9535613,315.79323423931976
2021-04-08 17:00:00,-8.881297710079991,0.6333920202990043,-0.25881904510252063,-0.9659258262890683,6.123233995736766e-17,1.0,103.59229771008,94.711,121.824,mixto,0.0937726104684777,24.0,2.6,-4.724829,98.86746851315007,-6.725676,96.8666216503571
2021-04-09 07:00:00,-4.370439771170005,1.0,-0.25881904510252063,0.9659258262890683,6.123233995736766e-17,1.0,23.575439771170004,19.205,25.882,alta_fd,,9.4,0.5,-3.9403481,19.635091622824056,-4.0142293,19.561210473532064
2021-04-09 08:00:00,-6.53371045199998,0.7208594609827648,-0.4999999999999998,0.8660254037844387,6.123233995736766e-17,1.0,203.208710452,196.675,231.88,alta_fd,0.0332208488725052,13.0,1.0,-6.131052,197.07765843478808,-6.6503873,196.5583231648601
2021-04-09 09:00:00,-0.8012976879699636,0.4069709606469032,-0.7071067811865475,0.7071067811865476,6.123233995736766e-17,1.0,416.19829768797,415.397,498.022,mixto,0.0019289924770038,16.5,1.0,-2.9302416,413.2680561031922,-2.9340858,413.26421184202275
2021-04-09 10:00:00,-5.134951509832604,0.2490301002621487,-0.8660254037844387,0.49999999999999994,6.123233995736766e-17,1.0,577.0209515098326,571.886,721.613,baja_fd,0.0089789774707417,20.0,1.0,-6.0949516,570.9259998801939,-6.1154776,570.9054739478819
2021-04-09 11:00:00,-23.614193387312525,0.1995225701091836,-0.9659258262890682,0.258819045102521,6.123233995736766e-17,1.0,674.0651933873125,650.451,867.445,baja_fd,0.0363043386624242,22.0,0.5,-22.639387,651.4258062565752,-22.653946,651.411247464461
2021-04-09 12:00:00,-2.8389701482924465,0.1773672494262359,-1.0,1.2246467991473532e-16,6.123233995736766e-17,1.0,713.5149701482925,710.676,936.241,baja_fd,0.0039947460562794,24.2,1.5,-1.3779261,712.1370440370712,-1.541519,711.9734511024627
2021-04-09 13:00:00,15.16759115968,0.1748447380945678,-0.9659258262890683,-0.2588190451025208,6.123233995736766e-17,1.0,691.75040884032,706.918,914.352,baja_fd,0.0214559413675702,26.5,2.6,15.233935,706.9843441964601,14.70274,706.4531485558962
2021-04-09 14:00:00,9.428065704120058,0.1769183907895964,-0.8660254037844388,-0.4999999999999997,6.123233995736766e-17,1.0,613.89393429588,623.322,804.356,baja_fd,0.0151255141068662,28.0,2.1,8.696877,622.5908108217589,8.593189,622.4871235353819
2021-04-09 15:00:00,12.136839107000014,0.2093250185715447,-0.7071067811865479,-0.7071067811865471,6.123233995736766e-17,1.0,487.011160893,499.148,622.14,baja_fd,0.0243151111634224,28.0,2.6,12.231623,499.24278358892286,13.379982,500.3911428876289
2021-04-09 16:00:00,4.532539079680021,0.3454856944730047,-0.5000000000000004,-0.8660254037844385,6.123233995736766e-17,1.0,302.57446092032,307.107,372.448,mixto,0.0147588269875972,27.2,2.6,3.07922,305.6536809768538,5.4923816,308.0668424930434
2021-04-09 17:00:00,-8.731298971680005,0.6536689855287485,-0.25881904510252063,-0.9659258262890683,6.123233995736766e-17,1.0,95.97129897168,87.24,114.136,mixto,0.1000836654250344,27.0,2.1,-5.390308,90.5809910683902,-7.453538,88.517761030701
2021-04-10 07:00:00,-4.4546283135700016,1.0,-0.25881904510252063,0.9659258262890683,6.123233995736766e-17,1.0,22.77962831357,18.325,24.902,alta_fd,,8.3,0.5,-3.9768898,18.802738464860894,-4.1140532,18.66557506421087
2021-04-10 08:00:00,-7.692408158279989,0.6760209555391008,-0.4999999999999998,0.8660254037844387,6.123233995736766e-17,1.0,202.50940815828,194.817,231.996,mixto,0.0394853024031783,14.0,0.5,-7.3591123,195.15029589555417,-7.768317,194.74109093568478
2021-04-10 09:00:00,2.4221978474800494,0.4232189879987279,-0.7071067811865475,0.7071067811865476,6.123233995736766e-17,1.0,408.62480215252,411.047,491.588,mixto,0.0058927515526936,18.0,1.5,-0.3778368,408.24696535885886,0.5106147,409.1354168456848
2021-04-10 10:00:00,-25.13255248653252,0.2471016273623257,-0.8660254037844387,0.49999999999999994,6.123233995736766e-17,1.0,570.3635524865325,545.231,719.247,baja_fd,0.0460952375901819,22.0,0.0,-23.386662,546.9768909569915,-23.378532,546.9850200768645
2021-04-10 11:00:00,-22.77800657408,0.1964007724088918,-0.9659258262890682,0.258819045102521,6.123233995736766e-17,1.0,663.18000657408,640.402,864.576,baja_fd,0.0355682939373705,25.0,0.5,-25.246393,637.9336133703447,-24.770283,638.4097238287187
2021-04-10 12:00:00,-2.0547982299925707,0.1722487233214918,-1.0,1.2246467991473532e-16,6.123233995736766e-17,1.0,701.9477982299926,699.893,930.861,baja_fd,0.0029358748122821,26.7,1.5,-0.6017523,701.3460459488036,-0.24787354,701.6999246852996
2021-04-10 13:00:00,15.608124596430002,0.173638233494175,-0.9659258262890683,-0.2588190451025208,6.123233995736766e-17,1.0,682.16487540357,697.773,909.298,baja_fd,0.0223684845880107,28.5,2.6,15.064681,697.2295564567316,13.763193,695.9280685340632
2021-04-10 14:00:00,17.553270234187607,0.1808501627070927,-0.8660254037844388,-0.4999999999999997,6.123233995736766e-17,1.0,610.6537297658124,628.207,802.015,baja_fd,0.027941857117459,28.6,2.9,17.59375,628.2474797658124,17.559813,628.2135423115888
2021-04-10 15:00:00,15.380116310407516,0.2360470496365065,-0.7071067811865479,-0.7071067811865471,6.123233995736766e-17,1.0,481.5418836895925,496.922,616.579,baja_fd,0.0309507655334388,28.7,3.3,19.284176,500.82605956239524,16.487204,498.02908728761497
2021-04-10 16:00:00,5.674942132270019,0.3840976806222086,-0.5000000000000004,-0.8660254037844385,6.123233995736766e-17,1.0,294.70405786773,300.379,364.866,mixto,0.0188926061151745,28.8,3.6,3.4157362,298.1197940661553,3.9353893,298.6394471480492
2021-04-10 17:00:00,-7.937360501320001,0.7144127854834623,-0.25881904510252063,-0.9659258262890683,6.123233995736766e-17,1.0,92.91536050132,84.978,109.948,alta_fd,0.093404887162795,25.9,3.1,-5.6719627,87.24339776328289,-6.626724,86.28863673499309
2021-04-11 07:00:00,-4.245552693492503,1.0,-0.25881904510252063,0.9659258262890683,6.123233995736766e-17,1.0,21.8345526934925,17.589,23.839,alta_fd,,8.0,0.0,-4.4979677,17.336584973460763,-3.9973526,17.837200093394845
2021-04-11 08:00:00,-8.451426395332476,0.7551881294438971,-0.4999999999999998,0.8660254037844387,6.123233995736766e-17,1.0,197.17742639533247,188.726,225.713,alta_fd,0.0447814630487186,14.0,0.0,-8.179348,188.99807840338912,-9.146378,188.0310488318559
2021-04-11 09:00:00,-4.742574339249984,0.4158555230552901,-0.7071067811865475,0.7071067811865476,6.123233995736766e-17,1.0,407.78557433925,403.043,490.51,mixto,0.0117669190117431,18.0,0.5,-6.0161734,401.76940097651806,-5.78145,402.0041245444807
2021-04-11 10:00:00,-13.433856686879947,0.2928141723657981,-0.8660254037844387,0.49999999999999994,6.123233995736766e-17,1.0,561.9398566868799,548.506,713.656,baja_fd,0.0244917224002653,23.8,0.5,-15.332558,546.6072990086573,-13.831328,548.1085282948511
2021-04-11 11:00:00,-10.129516032369906,0.2166657044386469,-0.9659258262890682,0.258819045102521,6.123233995736766e-17,1.0,658.0465160323699,647.917,861.358,baja_fd,0.0156339716852157,26.0,1.0,-12.020017,646.0264993621429,-12.34699,645.6995264007171
2021-04-11 12:00:00,-1.4656407653925498,0.174343229989059,-1.0,1.2246467991473532e-16,6.123233995736766e-17,1.0,693.5746407653926,692.109,929.301,baja_fd,0.0021176444250725,29.0,1.5,0.20256129,693.7772020544646,-1.2350589,692.3395818616984
2021-04-11 13:00:00,21.48745874850738,0.1718906490366205,-0.9659258262890683,-0.2588190451025208,6.123233995736766e-17,1.0,677.5195412514926,699.007,906.961,baja_fd,0.0307399764930928,29.5,3.1,19.461643,696.9811844704867,19.420935,696.9404759286166
2021-04-11 14:00:00,19.46209934856745,0.1765341339244995,-0.8660254037844388,-0.4999999999999997,6.123233995736766e-17,1.0,603.6059006514325,623.068,797.267,baja_fd,0.0312359154194525,30.0,3.1,18.304268,621.9101685347333,18.59756,622.2034615340009
2021-04-11 15:00:00,16.650961033079966,0.214546582200289,-0.7071067811865479,-0.7071067811865471,6.123233995736766e-17,1.0,481.02903896692,497.68,610.868,baja_fd,0.0334571633038899,27.0,3.6,17.985321,499.01436001184186,16.894808,497.92384678247174
2021-04-11 16:00:00,4.786752662067499,0.3525222739968447,-0.5000000000000004,-0.8660254037844385,6.123233995736766e-17,1.0,296.0432473379325,300.83,361.433,mixto,0.0159118195062576,25.6,3.1,1.509462,297.552709336872,4.799878,300.84312545835485
2021-04-11 17:00:00,-8.499848441120008,0.6762530839671254,-0.25881904510252063,-0.9659258262890683,6.123233995736766e-17,1.0,91.43684844112,82.937,106.808,mixto,0.1024856028204541,22.8,2.8,-5.6487813,85.78806714152894,-6.788409,84.64843920802674
2021-04-12 08:00:00,-3.5292360119699997,1.0,-0.4999999999999998,0.8660254037844387,6.123233995736766e-17,1.0,47.95523601197,44.426,53.078,alta_fd,,10.7,0.2,-4.5417147,43.413521343696075,-3.5985239,44.35671215676065
2021-04-12 09:00:00,-5.683500611592507,1.0,-0.7071067811865475,0.7071067811865476,6.123233995736766e-17,1.0,101.62150061159252,95.938,113.421,alta_fd,0.0592413914360577,11.0,0.5,-6.5741043,95.04739630251049,-5.9717684,95.6497322323811
2021-04-12 10:00:00,-7.675875772832512,0.9968457592938316,-0.8660254037844387,0.49999999999999994,6.123233995736766e-17,1.0,146.25587577283252,138.58,165.413,alta_fd,0.0553894917941442,12.8,1.0,-7.47011,138.78576583325733,-7.8537483,138.40212745129932
2021-04-12 11:00:00,-9.804821491970015,0.9712353572708662,-0.9659258262890682,0.258819045102521,6.123233995736766e-17,1.0,236.50982149197003,226.705,272.522,alta_fd,0.043249251194151,14.2,1.4,-8.128833,228.3809886748924,-8.676424,227.83339746548077
2021-04-12 12:00:00,-9.793903926092526,0.8815070305997859,-1.0,1.2246467991473532e-16,6.123233995736766e-17,1.0,326.2319039260925,316.438,383.129,alta_fd,0.0309504671565757,15.5,1.7,-7.233051,318.99885310288084,-8.717662,317.51424206848753
2021-04-12 13:00:00,-7.874721773330009,0.8633426126301557,-0.9659258262890683,-0.2588190451025208,6.123233995736766e-17,1.0,368.04372177333,360.169,437.726,alta_fd,0.021863963232066,16.9,2.1,-4.7795496,363.26417217463614,-6.2898874,361.7538343450463
2021-04-12 14:00:00,-6.004329374812528,0.8517447571956855,-0.8660254037844388,-0.4999999999999997,6.123233995736766e-17,1.0,322.4543293748125,316.45,381.545,alta_fd,0.01897402235681,17.4,2.3,-3.5944917,318.85983765461293,-5.6951795,316.75914991237966
2021-04-12 15:00:00,-4.625616585169979,0.910751905412345,-0.7071067811865479,-0.7071067811865471,6.123233995736766e-17,1.0,244.06861658517,239.443,286.018,alta_fd,0.0193182368462221,18.0,2.6,-2.0783355,241.99028106156464,-4.779805,239.28881140175935
2021-04-12 16:00:00,-4.108469383432492,0.9442652957897072,-0.5000000000000004,-0.8660254037844385,6.123233995736766e-17,1.0,140.7884693834325,136.68,161.933,alta_fd,0.0300590385091636,17.2,2.6,-4.3461657,136.44230372638904,-5.5355897,135.2528796884557
2021-04-12 17:00:00,-4.6591596627700085,0.9793122802136438,-0.25881904510252063,-0.9659258262890683,6.123233995736766e-17,1.0,57.355159662770006,52.696,65.138,alta_fd,0.0884158126379613,17.0,1.0,-5.5185437,51.836615942524645,-5.7027993,51.65236034254906
2021-04-13 07:00:00,-4.238369762932496,1.0,-0.25881904510252063,0.9659258262890683,6.123233995736766e-17,1.0,19.145369762932496,14.907,20.833,alta_fd,,7.2,0.0,-4.4979677,14.647402042900758,-3.9942605,15.151109213387208
2021-04-13 08:00:00,-6.544538611080014,0.761548933046758,-0.4999999999999998,0.8660254037844387,6.123233995736766e-17,1.0,195.58753861108,189.043,220.276,alta_fd,0.0346193120669901,10.0,1.0,-6.224221,189.36331738152677,-6.5439453,189.04359329858
2021-04-13 09:00:00,-0.8600996750799936,0.4404195133574051,-0.7071067811865475,0.7071067811865476,6.123233995736766e-17,1.0,404.00909967508,403.149,479.324,mixto,0.0021334535744352,15.0,1.0,-3.128077,400.8810226448981,-2.9560132,401.05308647241276
2021-04-13 10:00:00,-12.970046882332554,0.2538434363254045,-0.8660254037844387,0.49999999999999994,6.123233995736766e-17,1.0,568.9610468823325,555.991,707.113,baja_fd,0.0233278000585127,19.0,0.5,-12.374236,556.58681077546,-13.036757,555.9242894131553
2021-04-13 11:00:00,-0.575389813192487,0.1993047392312205,-0.9659258262890682,0.258819045102521,6.123233995736766e-17,1.0,664.2123898131924,663.637,853.069,baja_fd,0.0008670249145127,22.0,1.5,-2.5173254,661.6950644118863,-2.1861808,662.0262089831906
2021-04-13 12:00:00,-1.9185368793924908,0.1850559395560248,-1.0,1.2246467991473532e-16,6.123233995736766e-17,1.0,696.0365368793925,694.118,913.701,baja_fd,0.0027639924038744,25.0,1.5,-2.4842465,693.5522903870067,-1.5584859,694.4780510137996
2021-04-13 13:00:00,-0.944858657280065,0.1924587894113784,-0.9659258262890683,-0.2588190451025208,6.123233995736766e-17,1.0,669.3808586572801,668.436,883.296,baja_fd,0.0014135364601548,27.1,1.5,0.6011947,669.9820533370172,0.8157816,670.1966402506029
2021-04-13 14:00:00,12.244094507069915,0.2678653082700052,-0.8660254037844388,-0.4999999999999997,6.123233995736766e-17,1.0,577.21390549293,589.458,750.614,baja_fd,0.0207717844309007,28.0,2.6,12.934913,590.1488181745096,12.1262455,589.3401509915873
2021-04-13 15:00:00,9.78517012443001,0.3806400292630303,-0.7071067811865479,-0.7071067811865471,6.123233995736766e-17,1.0,432.06182987557,441.847,543.698,mixto,0.0221460598904824,27.0,3.1,12.138371,444.20020134316036,11.872377,443.9342072711999
2021-04-13 16:00:00,0.7894013073675126,0.5566961979487751,-0.5000000000000004,-0.8660254037844385,6.123233995736766e-17,1.0,240.43459869263248,241.224,290.973,mixto,0.0032724824535183,25.7,3.1,-0.85256684,239.582031854368,-1.9584745,238.47612417576389
2021-04-13 17:00:00,-7.020256451719988,0.8024464264996567,-0.25881904510252063,-0.9659258262890683,6.123233995736766e-17,1.0,76.18525645172,69.165,88.972,alta_fd,0.1015001294255763,23.3,1.5,-5.515845,70.66941162979006,-6.4492173,69.73603913223147
2021-04-14 07:00:00,-4.1582018349324965,1.0,-0.25881904510252063,0.9659258262890683,6.123233995736766e-17,1.0,19.224201834932497,15.066,20.833,alta_fd,,6.1,0.5,-4.0036616,15.220540202394655,-4.1214714,15.1027304299032
2021-04-14 08:00:00,-6.566217465592501,0.761477054291851,-0.4999999999999998,0.8660254037844387,6.123233995736766e-17,1.0,193.0242174655925,186.458,218.179,alta_fd,0.0352155309270318,11.0,1.0,-6.267497,186.7567204029094,-6.5439453,186.4802721530925
2021-04-14 09:00:00,-2.8055525569999986,0.4218128470251654,-0.7071067811865475,0.7071067811865476,6.123233995736766e-17,1.0,406.410552557,403.605,482.78,mixto,0.0069512334014692,15.2,0.7,-3.6460087,402.7645438270653,-3.642142,402.7684104995812
2021-04-14 10:00:00,-13.159625077279998,0.295959073734707,-0.8660254037844387,0.49999999999999994,6.123233995736766e-17,1.0,565.55662507728,552.397,704.104,baja_fd,0.0238227670991696,19.5,0.5,-12.374236,553.1823889704075,-12.222735,553.3338896723118
2021-04-14 11:00:00,-16.80028694331247,0.2171043188768461,-0.9659258262890682,0.258819045102521,6.123233995736766e-17,1.0,661.1852869433125,644.385,849.515,baja_fd,0.0260718156743444,22.2,0.7,-12.866981,648.3183063906391,-12.938177,648.2471098345478
2021-04-14 12:00:00,-12.42181810499244,0.1802493486630788,-1.0,1.2246467991473532e-16,6.123233995736766e-17,1.0,695.6118181049925,683.19,913.061,baja_fd,0.0181820842005773,25.0,1.0,-12.493878,683.1179397404295,-11.729281,683.8825366795164
2021-04-14 13:00:00,7.640912652367433,0.2309351435640038,-0.9659258262890683,-0.2588190451025208,6.123233995736766e-17,1.0,665.8290873476326,673.47,872.523,baja_fd,0.0113455872605571,25.9,2.1,7.8827424,673.7118297525703,7.7154093,673.5444966265022
2021-04-14 14:00:00,11.92287594442996,0.2706399295969391,-0.8660254037844388,-0.4999999999999997,6.123233995736766e-17,1.0,578.33412405557,590.257,744.802,baja_fd,0.0201994655623397,26.0,2.6,11.698023,590.0321468979772,11.58405,589.9181742340978
2021-04-14 15:00:00,7.255214507000005,0.3975439333755962,-0.7071067811865479,-0.7071067811865471,6.123233995736766e-17,1.0,426.110785493,433.366,533.14,mixto,0.0167415406538584,26.0,2.6,6.916769,433.02755452070994,8.749562,434.86034775648875
2021-04-14 16:00:00,0.4396278041875234,0.5681328084579784,-0.5000000000000004,-0.8660254037844385,6.123233995736766e-17,1.0,236.2653721958125,236.705,284.015,mixto,0.0018572814439387,24.3,3.1,-0.8200503,235.44532189664486,-2.241161,234.02421108779552
2021-04-14 17:00:00,-7.914025633312505,0.718472113241834,-0.25881904510252063,-0.9659258262890683,6.123233995736766e-17,1.0,79.20702563331251,71.293,91.685,alta_fd,0.1110070502477452,21.0,3.1,-5.5220814,73.68494425819044,-6.3842916,72.82273398444777
2021-04-15 08:00:00,-4.321440535969998,1.0,-0.4999999999999998,0.8660254037844387,6.123233995736766e-17,1.0,75.95044053597,71.629,84.378,alta_fd,0.0603308790569461,10.7,0.5,-6.2848525,69.66558803123978,-5.5002527,70.45018781227616
2021-04-15 09:00:00,-5.312898939592515,0.846145582571167,-0.7071067811865475,0.7071067811865476,6.123233995736766e-17,1.0,229.84489893959253,224.532,262.221,alta_fd,0.023662101346768,12.0,1.0,-4.970603,224.87429595039575,-5.8677883,223.9771106247732
2021-04-15 10:00:00,-11.460528002079968,0.6883884663527178,-0.8660254037844387,0.49999999999999994,6.123233995736766e-17,1.0,401.27952800208,389.819,474.024,mixto,0.0293996136721913,14.1,0.5,-8.132154,393.1473735373583,-9.583652,391.6958764594164
2021-04-15 11:00:00,-14.642553747932538,0.393106104923537,-0.9659258262890682,0.258819045102521,6.123233995736766e-17,1.0,613.0385537479325,598.396,759.767,mixto,0.0244696718359289,16.7,0.8,-10.051714,602.986839804451,-9.877557,603.1609969470902
2021-04-15 12:00:00,-9.076600493000116,0.2241448940720242,-1.0,1.2246467991473532e-16,6.123233995736766e-17,1.0,701.4056004930001,692.329,894.94,baja_fd,0.0131102416524515,19.2,1.2,-8.049351,693.3562497544747,-6.916311,694.4892897057991
2021-04-15 13:00:00,-1.1902595999998766,0.1729643575945429,-0.9659258262890683,-0.2588190451025208,6.123233995736766e-17,1.0,685.1472595999999,683.957,882.8,baja_fd,0.0017402550160315,21.8,1.5,-0.43316028,684.714099324779,0.8426584,685.9899180005355
2021-04-15 14:00:00,7.877841414880095,0.1825430789285489,-0.8660254037844388,-0.4999999999999997,6.123233995736766e-17,1.0,608.9241585851199,616.802,773.192,baja_fd,0.0127720750173963,21.9,2.0,6.972275,615.8964333653934,6.497626,615.4217844129092
2021-04-15 15:00:00,11.224654843000051,0.2231534796607319,-0.7071067811865479,-0.7071067811865471,6.123233995736766e-17,1.0,475.988345157,487.213,589.62,baja_fd,0.0230384961874992,21.9,2.6,8.351634,484.33997918257376,10.620214,486.6085596192803
2021-04-15 16:00:00,2.810095366430005,0.4300734658322659,-0.5000000000000004,-0.8660254037844385,6.123233995736766e-17,1.0,278.85590463357,281.666,334.202,mixto,0.009976693553464,22.0,3.1,0.4084143,279.26431893782643,2.555107,281.4110117502692
2021-04-15 17:00:00,-7.944549293969999,0.7253018516461439,-0.25881904510252063,-0.9659258262890683,6.123233995736766e-17,1.0,77.92454929397,69.98,89.822,alta_fd,0.113525997341669,20.0,3.1,-5.5220814,72.40246791884793,-6.281039,71.64351005599393
2021-04-16 08:00:00,-3.850000556892496,1.0,-0.4999999999999998,0.8660254037844387,6.123233995736766e-17,1.0,59.716000556892496,55.866,67.049,alta_fd,0.0689149134874968,14.0,1.0,-4.910819,54.80518150324259,-4.438197,55.2778034209672
2021-04-16 09:00:00,-6.206638067392532,0.960040149164687,-0.7071067811865475,0.7071067811865476,6.123233995736766e-17,1.0,161.14463806739252,154.938,184.251,alta_fd,0.0400588497811546,15.0,0.7,-6.3085413,154.83609676947992,-6.5167837,154.6278543530981
2021-04-16 10:00:00,-10.222154544519924,0.8668150386205906,-0.8660254037844387,0.49999999999999994,6.123233995736766e-17,1.0,285.79115454451994,275.569,334.388,alta_fd,0.0370947187256909,16.1,0.5,-8.709268,277.08188692824797,-9.657727,276.1334273030038
2021-04-16 11:00:00,-13.852369353312495,0.8633003481007743,-0.9659258262890682,0.258819045102521,6.123233995736766e-17,1.0,343.3213693533125,329.469,406.885,alta_fd,0.0420445302997019,17.0,0.5,-11.99424,331.3271295461836,-12.044829,331.2765399847212
2021-04-16 12:00:00,-12.387916814769994,0.855860918978717,-1.0,1.2246467991473532e-16,6.123233995736766e-17,1.0,368.54791681477,356.16,440.462,alta_fd,0.0347818868339229,18.0,1.0,-9.545578,359.00233881184033,-10.384486,358.1634306163447
2021-04-16 13:00:00,-9.359821263249955,0.8532209212573234,-0.9659258262890683,-0.2588190451025208,6.123233995736766e-17,1.0,355.12382126325,345.764,426.27,alta_fd,0.0270699704516663,19.5,1.5,-6.225466,348.8983554887139,-8.412295,346.7115259217583
2021-04-16 14:00:00,-4.312864029832497,0.878124814427866,-0.8660254037844388,-0.4999999999999997,6.123233995736766e-17,1.0,269.6868640298325,265.374,314.637,alta_fd,0.0162520217874867,16.0,4.1,-2.7858107,266.9010533208329,-4.729675,264.95718921370093
2021-04-16 15:00:00,-5.245095101932492,0.9778550080493958,-0.7071067811865479,-0.7071067811865471,6.123233995736766e-17,1.0,157.3660951019325,152.121,179.833,alta_fd,0.0344797569167471,15.0,3.6,-3.729069,153.6370261074104,-4.990578,152.37551692734144
2021-04-16 16:00:00,-3.9203858998124943,1.0,-0.5000000000000004,-0.8660254037844385,6.123233995736766e-17,1.0,66.7523858998125,62.832,75.345,alta_fd,0.062394733572264,15.1,2.6,-3.8157637,62.936622187883174,-4.1399517,62.61243419387988
2021-04-16 17:00:00,-2.3369689307325,1.0,-0.25881904510252063,-0.9659258262890683,6.123233995736766e-17,1.0,18.7779689307325,16.441,20.807,alta_fd,,12.0,3.6,-4.2778897,14.500079202186356,-3.7126822,15.065286683570633
2021-04-17 08:00:00,-3.370879256632506,1.0,-0.4999999999999998,0.8660254037844387,6.123233995736766e-17,1.0,44.65987925663251,41.289,49.277,alta_fd,,10.0,0.5,-4.3242087,40.33567052021283,-4.046902,40.61297707691449
2021-04-17 09:00:00,-5.437382578312523,1.0,-0.7071067811865475,0.7071067811865476,6.123233995736766e-17,1.0,96.50438257831252,91.067,107.635,alta_fd,0.0597074964401212,11.0,0.5,-6.5741043,89.93027826923048,-5.8493557,90.65502688068068
2021-04-17 10:00:00,-7.804844395520007,1.0,-0.8660254037844387,0.49999999999999994,6.123233995736766e-17,1.0,140.29084439552,132.486,158.912,alta_fd,0.0589107105318298,13.4,0.5,-9.0352,131.25564427650144,-8.227325,132.06351895606687
2021-04-17 11:00:00,-11.059666681832482,0.8647504287868172,-0.9659258262890682,0.258819045102521,6.123233995736766e-17,1.0,342.3916666818325,331.332,403.987,alta_fd,0.0333794100232772,16.0,1.0,-8.746297,333.6453697992031,-10.011001,332.38066604859273
2021-04-17 12:00:00,-19.429469714529944,0.6451139068063901,-1.0,1.2246467991473532e-16,6.123233995736766e-17,1.0,511.86646971453,492.437,626.746,mixto,0.0394557470590754,18.0,0.5,-15.319473,496.54699644792845,-15.231,496.6354697679358
2021-04-17 13:00:00,-4.744310889812368,0.4528316296023948,-0.9659258262890683,-0.2588190451025208,6.123233995736766e-17,1.0,585.3623108898124,580.618,735.295,mixto,0.0081711398713308,20.6,1.5,-0.68435705,584.6779538427314,-0.8080252,584.5542857085189
2021-04-17 14:00:00,0.2097340280000139,0.5584402507824207,-0.8660254037844388,-0.4999999999999997,6.123233995736766e-17,1.0,460.946265972,461.156,569.72,mixto,0.000454800605435,22.0,2.1,3.0313537,463.9776196840819,1.1833278,462.129593766075
2021-04-17 15:00:00,-3.7419582422324416,0.7234717686911775,-0.7071067811865479,-0.7071067811865471,6.123233995736766e-17,1.0,296.17595824223247,292.434,357.507,alta_fd,0.0127959069131237,23.0,1.5,-3.4134445,292.7625137231895,-5.236751,290.93920716267314
2021-04-17 16:00:00,-4.186066768592511,0.92482161352055,-0.5000000000000004,-0.8660254037844385,6.123233995736766e-17,1.0,131.16006676859251,126.974,153.429,alta_fd,0.0329679049930892,21.7,2.1,-4.370189,126.78987757868163,-5.5403905,125.61967627710692
2021-04-17 17:00:00,-3.8429792408124896,1.0,-0.25881904510252063,-0.9659258262890683,6.123233995736766e-17,1.0,37.85497924081249,34.012,43.385,alta_fd,,20.0,2.1,-2.8601534,34.99482580415172,-2.887348,34.96763130418224
2021-04-18 07:00:00,-2.7122247773125,1.0,-0.25881904510252063,0.9659258262890683,6.123233995736766e-17,1.0,9.5002247773125,6.788,10.395,alta_fd,,9.0,1.0,-3.2584598,6.241764970870239,-3.2420604,6.258164354415161
2021-04-18 08:00:00,-5.479059796692496,0.8913870133303448,-0.4999999999999998,0.8660254037844387,6.123233995736766e-17,1.0,124.3400597966925,118.861,140.031,alta_fd,0.0460963629507786,12.5,1.0,-6.4243493,117.91571048867858,-6.966485,117.37357477319397
2021-04-18 09:00:00,-2.8967230580925047,0.6601187004351766,-0.7071067811865475,0.7071067811865476,6.123233995736766e-17,1.0,326.2197230580925,323.323,383.929,mixto,0.0089592236187728,16.0,1.0,-3.6126118,322.6071112874626,-5.425164,320.7945588353752
2021-04-18 10:00:00,0.4609567569200408,0.4040115181403336,-0.8660254037844387,0.49999999999999994,6.123233995736766e-17,1.0,515.54904324308,516.01,634.876,mixto,0.0008933097360904,19.1,1.5,-0.27502784,515.2740154017504,-0.489585,515.0594582308825
2021-04-18 11:00:00,4.263183165920054,0.4481103719504523,-0.9659258262890682,0.258819045102521,6.123233995736766e-17,1.0,564.57781683408,568.841,704.424,mixto,0.0074945075441468,20.0,2.3,4.331072,568.9088886877176,3.0426867,567.6205035349009
2021-04-18 12:00:00,3.0139283722700725,0.6496758119748606,-1.0,1.2246467991473532e-16,6.123233995736766e-17,1.0,503.98507162773,506.999,624.834,mixto,0.0059446436231039,21.0,3.1,7.074733,511.05980440818655,3.013189,506.9982607051073
2021-04-18 13:00:00,-4.032273594770004,0.8386207222195605,-0.9659258262890683,-0.2588190451025208,6.123233995736766e-17,1.0,349.44127359477,345.409,422.562,alta_fd,0.0116739100451059,21.4,3.1,-1.0645239,348.376749659452,-2.1759033,347.2653702744575
2021-04-18 14:00:00,-7.182304462432484,0.9636583150530555,-0.8660254037844388,-0.4999999999999997,6.123233995736766e-17,1.0,248.4583044624325,241.276,295.067,alta_fd,0.0297680020492402,21.0,2.1,-4.9924784,243.465826091766,-6.0298414,242.42846303939783
2021-04-18 15:00:00,-5.72028330579252,0.9777071185332922,-0.7071067811865479,-0.7071067811865471,6.123233995736766e-17,1.0,149.79728330579252,144.077,175.941,alta_fd,0.0397029595687897,22.0,2.1,-4.3736634,145.42361988034696,-5.518796,144.27848733869047
2021-04-18 16:00:00,-3.991138132932505,1.0,-0.5000000000000004,-0.8660254037844385,6.123233995736766e-17,1.0,62.70013813293251,58.709,72.433,alta_fd,0.0679817086465875,21.1,1.5,-4.072739,58.62739900863441,-4.1164274,58.583710711362684
2021-04-18 17:00:00,-3.1966412940325064,1.0,-0.25881904510252063,-0.9659258262890683,6.123233995736766e-17,1.0,27.417641294032503,24.221,31.253,alta_fd,,19.0,1.5,-3.387984,24.02965725663321,-3.3581266,24.05951465371268
2021-04-19 07:00:00,-2.6599524173125006,1.0,-0.25881904510252063,0.9659258262890683,6.123233995736766e-17,1.0,9.5109524173125,6.851,10.395,alta_fd,,8.7,1.0,-3.2584598,6.25249261087024,-3.2420604,6.268891994415162
2021-04-19 08:00:00,-3.957966091329993,1.0,-0.4999999999999998,0.8660254037844387,6.123233995736766e-17,1.0,71.85896609132999,67.901,79.574,alta_fd,0.0582902474386237,10.0,2.1,-4.288873,67.5700928956818,-3.6160119,68.24295423334354
2021-04-19 09:00:00,-4.964612998280003,0.997559855990209,-0.7071067811865475,0.7071067811865476,6.123233995736766e-17,1.0,125.81761299828,120.853,142.004,alta_fd,0.0410797663134552,13.0,2.6,-3.9504716,121.86714135864682,-4.9918613,120.82575165489621
2021-04-19 10:00:00,-6.426966214732516,1.0,-0.8660254037844387,0.49999999999999994,6.123233995736766e-17,1.0,138.2579662147325,131.831,156.007,alta_fd,0.0487515547536809,12.5,2.6,-5.240957,133.01700943143783,-6.02505,132.23291605146346
2021-04-19 11:00:00,-7.942379789569969,0.9935811947308196,-0.9659258262890682,0.258819045102521,6.123233995736766e-17,1.0,167.99237978956998,160.05,191.498,alta_fd,0.0496243660704153,14.0,2.1,-7.8862376,160.1061421682626,-7.5709133,160.42146647475064
2021-04-19 12:00:00,-8.586313763079971,0.9967127191953584,-1.0,1.2246467991473532e-16,6.123233995736766e-17,1.0,181.11231376308,172.526,206.676,alta_fd,0.0497682306613494,13.8,2.1,-8.117349,172.99496509212054,-7.9265904,173.18572332042254
2021-04-19 13:00:00,-8.31554352532001,0.9965459567306434,-0.9659258262890683,-0.2588190451025208,6.123233995736766e-17,1.0,175.17654352532,166.861,199.652,alta_fd,0.0498351533630986,13.7,2.1,-8.079789,167.09675436363787,-7.7341895,167.44235401497454
2021-04-19 14:00:00,-7.58483865831252,0.9962704508045268,-0.8660254037844388,-0.4999999999999997,6.123233995736766e-17,1.0,151.8378386583125,144.253,172.685,alta_fd,0.0525801103499582,14.0,1.5,-7.2622075,144.57563115022535,-7.3366966,144.50114203355665
2021-04-19 15:00:00,-5.774932082770036,1.0,-0.7071067811865479,-0.7071067811865471,6.123233995736766e-17,1.0,112.60693208277004,106.832,127.362,alta_fd,0.0540562011641646,14.0,1.5,-6.271431,106.33550111353176,-5.7527394,106.85419265329617
2021-04-19 16:00:00,-3.925461841330005,1.0,-0.5000000000000004,-0.8660254037844385,6.123233995736766e-17,1.0,63.59846184133001,59.673,71.474,alta_fd,0.0657828807221022,14.1,1.5,-4.6039877,58.994474147543386,-4.244961,59.3535010564179
2021-04-19 17:00:00,-2.21610694068,1.0,-0.25881904510252063,-0.9659258262890683,6.123233995736766e-17,1.0,16.09410694068,13.878,17.964,alta_fd,,14.0,1.0,-4.152496,11.941611079626533,-3.8185313,12.275575665884467
2021-04-20 08:00:00,-4.344984512519986,1.0,-0.4999999999999998,0.8660254037844387,6.123233995736766e-17,1.0,70.34898451251999,66.004,77.588,alta_fd,0.0658291090315736,9.0,0.0,-6.359613,63.98937157077805,-5.000067,65.34891727848068
2021-04-20 09:00:00,-5.98021579472001,0.9951415810808556,-0.7071067811865475,0.7071067811865476,6.123233995736766e-17,1.0,126.50321579472,120.523,141.672,alta_fd,0.0496188760213404,11.0,0.5,-6.923299,119.57991695896561,-6.8658047,119.6374111224788
2021-04-20 10:00:00,-8.173536452999997,1.0,-0.8660254037844387,0.49999999999999994,6.123233995736766e-17,1.0,137.754536453,129.581,155.06,alta_fd,0.0630766582523672,11.9,0.0,-9.850132,127.9044044644746,-7.6393843,130.11515218328563
2021-04-20 11:00:00,-9.422326805812476,0.993554007677392,-0.9659258262890682,0.258819045102521,6.123233995736766e-17,1.0,166.96232680581247,157.54,189.535,alta_fd,0.059809107565142,13.0,0.5,-11.735981,155.22634581826364,-10.417208,156.54511908791696
2021-04-20 12:00:00,-10.225479886129987,0.9900729338298964,-1.0,1.2246467991473532e-16,6.123233995736766e-17,1.0,179.10747988613,168.882,204.494,alta_fd,0.0605480743130113,14.0,0.5,-12.409355,166.69812472255578,-11.073868,168.03361208827843
2021-04-20 13:00:00,-9.82670524532,0.9896194652859444,-0.9659258262890683,-0.2588190451025208,6.123233995736766e-17,1.0,172.98870524532,163.162,198.452,alta_fd,0.0602266780581262,15.4,0.5,-12.288414,160.70029124385516,-11.033206,161.95549925929706
2021-04-20 14:00:00,-8.366781730080021,0.987258734735651,-0.8660254037844388,-0.4999999999999997,6.123233995736766e-17,1.0,176.28578173008003,167.919,202.824,alta_fd,0.0498262955953764,16.0,1.0,-8.369798,167.91598402347603,-8.232571,168.05321108188667
2021-04-20 15:00:00,-6.99621247492999,0.9871198874410402,-0.7071067811865479,-0.7071067811865471,6.123233995736766e-17,1.0,149.28421247493,142.288,171.086,alta_fd,0.0491693781269677,16.0,0.5,-7.917862,141.36635053645344,-7.963581,141.32063138972492
2021-04-20 16:00:00,-4.5825679285199925,1.0,-0.5000000000000004,-0.8660254037844385,6.123233995736766e-17,1.0,93.05256792852,88.47,106.212,alta_fd,0.0517979872105797,17.0,1.0,-6.227475,86.8250927621992,-5.7295165,87.32305142232494
2021-04-20 17:00:00,-3.087639584129999,1.0,-0.25881904510252063,-0.9659258262890683,6.123233995736766e-17,1.0,25.23163958413,22.144,28.406,alta_fd,,15.9,1.4,-3.5179086,21.713731010979366,-3.3955572,21.836082418984127
2021-04-21 07:00:00,-4.634523002332498,1.0,-0.25881904510252063,0.9659258262890683,6.123233995736766e-17,1.0,14.952523002332498,10.318,16.087,alta_fd,,4.3,0.0,-4.653821,10.298702010816385,-4.017955,10.934568175977518
2021-04-21 08:00:00,-8.06777284687999,0.7848814225451007,-0.4999999999999998,0.8660254037844387,6.123233995736766e-17,1.0,166.22277284688,158.155,183.544,alta_fd,0.0510118102297112,6.0,0.0,-7.9376793,158.2850935561085,-8.860076,157.36269689625743
2021-04-21 09:00:00,-6.4650251958125295,0.8163671975234225,-0.7071067811865475,0.7071067811865476,6.123233995736766e-17,1.0,286.3290251958125,279.864,325.615,alta_fd,0.0231005959888107,9.2,0.5,-5.6428375,280.68618767139844,-6.885084,279.4439410435908
2021-04-21 10:00:00,-9.766951470370032,0.8653969249214329,-0.8660254037844387,0.49999999999999994,6.123233995736766e-17,1.0,279.58495147037,269.818,321.958,alta_fd,0.0361982946666643,12.5,0.5,-8.279702,271.30524928378554,-9.109664,270.47528750705214
2021-04-21 11:00:00,-14.454724218370018,0.887895236065153,-0.9659258262890682,0.258819045102521,6.123233995736766e-17,1.0,286.37372421837,271.919,333.558,alta_fd,0.053158198648752,15.0,0.0,-13.680495,272.693228956224,-12.3089695,274.06475472068934
2021-04-21 12:00:00,-13.6742730127325,0.980172344953564,-1.0,1.2246467991473532e-16,6.123233995736766e-17,1.0,238.0012730127325,224.327,276.343,alta_fd,0.0609568755108948,16.0,0.0,-13.870914,224.13035855350398,-11.691182,226.31009087619685
2021-04-21 13:00:00,-10.564315432370025,0.982751665557706,-0.9659258262890683,-0.2588190451025208,6.123233995736766e-17,1.0,171.32331543237,160.759,198.258,alta_fd,0.065715234807196,17.6,0.0,-14.138775,157.18454056054384,-11.445068,159.878247072995
2021-04-21 14:00:00,-8.251800803932468,1.0,-0.8660254037844388,-0.4999999999999997,6.123233995736766e-17,1.0,146.32480080393248,138.073,168.983,alta_fd,0.059764043686546,18.0,0.5,-9.863928,136.46087296274595,-8.502725,137.8220761564105
2021-04-21 15:00:00,-6.50741196709248,1.0,-0.7071067811865479,-0.7071067811865471,6.123233995736766e-17,1.0,108.80241196709248,102.295,125.471,alta_fd,0.0636141743691527,19.0,0.0,-8.561503,100.24090855675313,-7.17911,101.62330191689107
2021-04-21 16:00:00,-3.866796747312499,1.0,-0.5000000000000004,-0.8660254037844385,6.123233995736766e-17,1.0,59.9377967473125,56.071,68.555,alta_fd,0.0689625073088138,18.7,1.5,-4.138339,55.79945770464892,-4.072633,55.86516395770068
2021-04-21 17:00:00,-2.6206513662925026,1.0,-0.25881904510252063,-0.9659258262890683,6.123233995736766e-17,1.0,19.260651366292503,16.64,21.759,alta_fd,,17.0,1.0,-4.302309,14.95834233003762,-3.846651,15.414000289021995
2021-04-22 07:00:00,-4.02115792052,1.0,-0.25881904510252063,0.9659258262890683,6.123233995736766e-17,1.0,13.03415792052,9.013,14.188,alta_fd,,7.5,0.0,-4.4965787,8.537579227130108,-3.9942605,9.039897370974712
2021-04-22 08:00:00,-7.35743485513251,0.778806582198623,-0.4999999999999998,0.8660254037844387,6.123233995736766e-17,1.0,164.8314348551325,157.474,185.577,alta_fd,0.0467215848656445,11.0,0.5,-7.2366314,157.59480346169988,-7.5711236,157.2603112551264
2021-04-22 09:00:00,-3.923857968530058,0.4779510784473293,-0.7071067811865475,0.7071067811865476,6.123233995736766e-17,1.0,375.9608579685301,372.037,442.146,mixto,0.0105469562665274,14.0,0.5,-5.946718,370.0141397525877,-5.3714895,370.5893684436888
2021-04-22 10:00:00,-11.21642684372,0.3109497044834107,-0.8660254037844387,0.49999999999999994,6.123233995736766e-17,1.0,545.37242684372,534.156,669.572,mixto,0.0209984102841117,17.3,0.5,-12.037413,533.3350142002873,-12.222735,533.1496914387517
2021-04-22 11:00:00,-8.690312005120063,0.2270699162480937,-0.9659258262890682,0.258819045102521,6.123233995736766e-17,1.0,650.82731200512,642.137,817.408,baja_fd,0.0135334235608913,18.0,1.0,-8.163672,642.6636395579154,-8.120964,642.706347954827
2021-04-22 12:00:00,-6.7608770803324205,0.1862055099286982,-1.0,1.2246467991473532e-16,6.123233995736766e-17,1.0,687.8618770803324,681.101,875.737,baja_fd,0.0099263942944327,19.3,1.2,-7.664199,680.1976782049052,-6.0340786,681.82779848231
2021-04-22 13:00:00,-0.0486094826325143,0.1817679940458488,-0.9659258262890683,-0.2588190451025208,6.123233995736766e-17,1.0,665.1936094826325,665.145,848.973,baja_fd,7.308103140294868e-05,20.7,1.5,-0.9057877,664.2878217762574,0.15315333,665.3467628127202
2021-04-22 14:00:00,12.760698447630148,0.2242759421852803,-0.8660254037844388,-0.4999999999999997,6.123233995736766e-17,1.0,577.2283015523699,589.989,725.358,baja_fd,0.0216287057006658,21.0,2.6,10.897565,588.1258664403704,11.744561,588.9728627477434
2021-04-22 15:00:00,10.92181892352005,0.3536690114959125,-0.7071067811865479,-0.7071067811865471,6.123233995736766e-17,1.0,418.19518107648,429.117,508.416,mixto,0.0254518439575221,20.0,3.6,9.263294,427.45847529645073,10.987914,429.1830951618682
2021-04-22 16:00:00,-1.1663659520000067,0.5864112448934576,-0.5000000000000004,-0.8660254037844385,6.123233995736766e-17,1.0,214.046365952,212.88,249.28,mixto,0.0054789832393837,17.6,3.1,-2.69326,211.3531059975475,-3.8534007,210.19296524475513
2021-04-22 17:00:00,-5.08733758124999,0.9400900269124036,-0.25881904510252063,-0.9659258262890683,6.123233995736766e-17,1.0,45.46733758124999,40.38,51.35,alta_fd,,16.0,2.1,-4.0225034,41.44483420524291,-4.3975782,41.069759341809075
2021-04-23 08:00:00,-3.2441592841325004,1.0,-0.4999999999999998,0.8660254037844387,6.123233995736766e-17,1.0,39.9181592841325,36.674,44.527,alta_fd,,13.0,0.5,-4.040545,35.877614297407646,-4.1064105,35.81174878074505
2021-04-23 09:00:00,-5.154829819730011,1.0,-0.7071067811865475,0.7071067811865476,6.123233995736766e-17,1.0,89.46782981973001,84.313,100.866,alta_fd,0.0611392053387972,14.0,0.5,-6.7798457,82.68798410516092,-6.2243023,83.2435275278599
2021-04-23 10:00:00,-7.379775939892482,1.0,-0.8660254037844387,0.49999999999999994,6.123233995736766e-17,1.0,132.6187759398925,125.239,151.199,alta_fd,0.0589255418830594,15.3,0.5,-9.211861,123.4069152831542,-8.492478,124.12629756922598
2021-04-23 11:00:00,-9.119062355329987,0.9935372358313864,-0.9659258262890682,0.258819045102521,6.123233995736766e-17,1.0,161.72206235533,152.603,185.674,alta_fd,0.0597567698887308,16.0,0.5,-12.123983,149.59807897215128,-10.915965,150.80609727506877
2021-04-23 12:00:00,-8.684160548592502,0.9900550764764264,-1.0,1.2246467991473532e-16,6.123233995736766e-17,1.0,173.7351605485925,165.051,200.629,alta_fd,0.0526150132298047,17.0,1.5,-9.438024,164.29713698139278,-8.999944,164.73521681537716
2021-04-23 13:00:00,-7.919543247492498,0.9930076681730622,-0.9659258262890683,-0.2588190451025208,6.123233995736766e-17,1.0,166.6925432474925,158.773,192.689,alta_fd,0.0498796599389852,17.5,2.1,-8.393625,158.29891798809308,-7.7623086,158.9302346499278
2021-04-23 14:00:00,-6.659475390812531,0.9962195408516088,-0.8660254037844388,-0.4999999999999997,6.123233995736766e-17,1.0,143.68047539081252,137.021,165.865,alta_fd,0.0486018595019196,18.0,2.6,-5.977682,137.70279327716506,-6.4066415,137.27383390750563
2021-04-23 15:00:00,-5.346253276529993,1.0,-0.7071067811865479,-0.7071067811865471,6.123233995736766e-17,1.0,106.29325327653,100.947,121.554,alta_fd,0.0529609921694551,17.0,2.1,-4.904916,101.38833746689865,-5.2204857,101.07276758927414
2021-04-23 16:00:00,-3.77369185792,1.0,-0.5000000000000004,-0.8660254037844385,6.123233995736766e-17,1.0,57.94469185792,54.171,65.632,alta_fd,0.0696625843702349,16.3,1.5,-4.3352914,53.609400472269364,-4.072633,53.87205906830818
2021-04-23 17:00:00,-2.073289987080001,1.0,-0.25881904510252063,-0.9659258262890683,6.123233995736766e-17,1.0,13.45028998708,11.377,15.124,alta_fd,,16.0,1.5,-3.5830734,9.867216609470747,-3.3331914,10.117098592274091
2021-04-24 07:00:00,-4.842076859249998,1.0,-0.25881904510252063,0.9659258262890683,6.123233995736766e-17,1.0,12.909076859249998,8.067,14.19,alta_fd,,10.1,0.5,-3.9430609,8.966015984311033,-3.9979534,8.911123444333006
2021-04-24 08:00:00,-7.191438076999987,0.7285153748671804,-0.4999999999999998,0.8660254037844387,6.123233995736766e-17,1.0,162.52343807699998,155.332,184.38,alta_fd,0.0462972090554424,13.0,1.0,-6.501843,156.02159510138353,-6.955506,155.56793222906907
2021-04-24 09:00:00,-0.5337628239699939,0.5300185851807119,-0.7071067811865475,0.7071067811865476,6.123233995736766e-17,1.0,353.29576282397,352.762,415.078,mixto,0.0015130961497269,14.6,1.1,-3.0376492,350.2581136693069,-3.1189384,350.1768243779251
2021-04-24 10:00:00,-1.7748350284800267,0.3876152844002438,-0.8660254037844387,0.49999999999999994,6.123233995736766e-17,1.0,506.90583502848,505.131,614.784,mixto,0.0035136133566936,16.1,1.2,-3.120918,503.7849169929728,-3.3609462,503.5448888500437
2021-04-24 11:00:00,-3.530603694992351,0.3004763952794433,-0.9659258262890682,0.258819045102521,6.123233995736766e-17,1.0,607.6966036949924,604.166,755.989,mixto,0.0058437642882789,17.7,1.3,-3.7180052,603.9785985146335,-4.3198447,603.3767589722446
2021-04-24 12:00:00,-3.557817303729962,0.2803007040061159,-1.0,1.2246467991473532e-16,6.123233995736766e-17,1.0,643.31281730373,639.755,811.534,baja_fd,0.0055612184410125,19.2,1.4,-2.8940723,640.4187450094947,-1.3518031,641.9610142393836
2021-04-24 13:00:00,-1.0132511300324722,0.2736163029477557,-0.9659258262890683,-0.2588190451025208,6.123233995736766e-17,1.0,620.6582511300325,619.645,785.653,baja_fd,0.0016352123070991,20.8,1.5,-0.45252496,620.2057261699914,-0.0028319266,620.6554192034631
2021-04-24 14:00:00,5.461271316670036,0.3210951839147515,-0.8660254037844388,-0.4999999999999997,6.123233995736766e-17,1.0,543.2187286833299,548.68,676.074,mixto,0.0099534725462383,20.3,2.0,5.8748846,549.0936132887376,6.9201007,550.1388293722642
2021-04-24 15:00:00,7.542794950669986,0.3530163836690017,-0.7071067811865479,-0.7071067811865471,6.123233995736766e-17,1.0,411.49020504933,419.033,499.026,mixto,0.0180004795581015,19.7,2.6,4.8839407,416.3741457460463,7.7285447,419.2187497613966
2021-04-24 16:00:00,-0.6397535608124656,0.5170543704279436,-0.5000000000000004,-0.8660254037844385,6.123233995736766e-17,1.0,226.02075356081247,225.381,265.465,mixto,0.0028385425604308,19.2,3.1,-2.3022575,223.71849602297067,-2.688041,223.33271258905648
2021-04-24 17:00:00,-5.830924482312497,0.8761445388727138,-0.25881904510252063,-0.9659258262890683,6.123233995736766e-17,1.0,45.8209244823125,39.99,51.955,alta_fd,,17.0,2.6,-4.355817,41.46510764118701,-4.7448764,41.07604809757739
2021-04-25 08:00:00,-3.1181653686325035,1.0,-0.4999999999999998,0.8660254037844387,6.123233995736766e-17,1.0,38.370165368632506,35.252,42.627,alta_fd,,12.0,1.5,-2.4725227,35.8976426330368,-2.8360066,35.53415872724457
2021-04-25 09:00:00,-4.638666012999991,1.0,-0.7071067811865475,0.7071067811865476,6.123233995736766e-17,1.0,88.460666013,83.822,98.94,alta_fd,0.0553394814368541,12.0,2.1,-4.079996,84.3806699039912,-4.373638,84.08702785992382
2021-04-25 10:00:00,-6.57995713969251,1.0,-0.8660254037844387,0.49999999999999994,6.123233995736766e-17,1.0,130.6159571396925,124.036,148.281,alta_fd,0.0530487692258095,14.3,1.5,-6.7067256,123.90923154231092,-6.82863,123.78732716914197
2021-04-25 11:00:00,-9.452873127532513,0.9828793619283162,-0.9659258262890682,0.258819045102521,6.123233995736766e-17,1.0,214.3978731275325,204.945,247.047,alta_fd,0.0461239509504135,15.0,1.0,-9.947926,204.44994755990555,-9.792897,204.60497590310624
2021-04-25 12:00:00,-11.121407365792493,0.965125226201383,-1.0,1.2246467991473532e-16,6.123233995736766e-17,1.0,282.75940736579247,271.638,331.941,alta_fd,0.0409420160868232,17.0,1.0,-10.200879,272.5585282688076,-9.703943,273.055464113229
2021-04-25 13:00:00,-10.70266248531999,0.8689736530743697,-0.9659258262890683,-0.2588190451025208,6.123233995736766e-17,1.0,335.51566248532,324.813,398.852,alta_fd,0.0329502282400026,18.0,1.0,-9.395745,326.1199172079152,-10.124991,325.3906710683888
2021-04-25 14:00:00,-8.45325535347996,0.8113839248325112,-0.8660254037844388,-0.4999999999999997,6.123233995736766e-17,1.0,330.13325535348,321.68,392.116,alta_fd,0.0262784610590647,18.0,1.0,-6.9517794,323.1814759879405,-8.259722,321.8735335974986
2021-04-25 15:00:00,-3.990116204792457,0.7840139740510668,-0.7071067811865479,-0.7071067811865471,6.123233995736766e-17,1.0,270.8041162047925,266.814,318.659,alta_fd,0.0149546733109674,18.0,1.5,-4.0647054,266.7394108329358,-5.32254,265.4815763984265
2021-04-25 16:00:00,-3.419638962032451,0.7144399527816326,-0.5000000000000004,-0.8660254037844385,6.123233995736766e-17,1.0,168.78963896203246,165.37,195.253,alta_fd,0.020678714168425,17.6,2.1,-4.830239,163.95940014291014,-5.7793837,163.01025530266966
2021-04-25 17:00:00,-3.87602626868,1.0,-0.25881904510252063,-0.9659258262890683,6.123233995736766e-17,1.0,30.90702626868,27.031,34.836,alta_fd,,16.0,3.1,-3.9502797,26.956746556002997,-3.361112,27.545914150912665
2021-04-26 07:00:00,-4.924994568292501,1.0,-0.25881904510252063,0.9659258262890683,6.123233995736766e-17,1.0,13.2809945682925,8.356,14.191,alta_fd,,2.5,0.0,-4.734799,8.546195660058858,-4.142134,9.138860378686788
2021-04-26 08:00:00,-8.400000013092523,0.8018121879842165,-0.4999999999999998,0.8660254037844387,6.123233995736766e-17,1.0,166.3020000130925,157.902,185.071,alta_fd,0.0531975529954815,8.0,0.0,-7.9109063,158.39109369824266,-8.846802,157.45519825528
2021-04-26 09:00:00,-7.893448693249979,0.4600496258636146,-0.7071067811865475,0.7071067811865476,6.123233995736766e-17,1.0,376.99744869325,369.104,439.67,mixto,0.021385432542725,12.0,0.0,-8.755519,368.241929779981,-8.800993,368.1964557275518
2021-04-26 10:00:00,-3.3114477273126117,0.3134031420261947,-0.8660254037844387,0.49999999999999994,6.123233995736766e-17,1.0,542.8664477273126,539.555,655.595,mixto,0.0061373682521941,13.8,1.0,-4.8610888,538.005358974566,-5.188804,537.6776435776849
2021-04-26 11:00:00,-18.853435500132377,0.2260409377660786,-0.9659258262890682,0.258819045102521,6.123233995736766e-17,1.0,647.6784355001324,628.825,801.327,baja_fd,0.0299820069178744,15.0,0.5,-16.706718,630.9717170553082,-16.424114,631.2543212728375
2021-04-26 12:00:00,-0.8346127317200853,0.1827501065286918,-1.0,1.2246467991473532e-16,6.123233995736766e-17,1.0,686.55761273172,685.723,859.772,baja_fd,0.0012171280994221,16.0,1.5,-2.9702945,683.5873182561646,-1.7605367,684.7970760610352
2021-04-26 13:00:00,8.65380747200004,0.1762965972181882,-0.9659258262890683,-0.2588190451025208,6.123233995736766e-17,1.0,666.099192528,674.753,834.96,baja_fd,0.0128251485684391,17.0,2.1,5.407694,671.506886390915,5.105893,671.2050856630708
2021-04-26 14:00:00,2.9326142950675376,0.1890956377567602,-0.8660254037844388,-0.4999999999999997,6.123233995736766e-17,1.0,584.0403857049324,586.973,724.433,baja_fd,0.0049961655733185,18.0,1.5,1.6226215,585.6630072411873,2.575048,586.6154336747505
2021-04-26 15:00:00,0.3060194384300416,0.2651532497016678,-0.7071067811865479,-0.7071067811865471,6.123233995736766e-17,1.0,443.06098056157,443.367,536.102,baja_fd,0.0006902169950177,18.0,1.0,-1.9035293,441.1574512751854,-0.738178,442.3228025468147
2021-04-26 16:00:00,-3.454339654812486,0.4314112539520249,-0.5000000000000004,-0.8660254037844385,6.123233995736766e-17,1.0,245.9093396548125,242.455,287.895,mixto,0.0142473434444019,17.7,1.0,-4.8008137,241.10852597988574,-2.1595988,243.74974082745044
2021-04-26 17:00:00,-6.691413399132493,0.8200262484112768,-0.25881904510252063,-0.9659258262890683,6.123233995736766e-17,1.0,47.382413399132496,40.691,53.527,alta_fd,,16.0,2.1,-4.069614,43.31279946556926,-4.5403476,42.84206582299114
2021-04-27 07:00:00,-4.915108437119999,1.0,-0.25881904510252063,0.9659258262890683,6.123233995736766e-17,1.0,13.23310843712,8.318,14.192,alta_fd,,3.5,0.0,-4.734799,8.498309528886358,-4.1249633,9.108145153581182
2021-04-27 08:00:00,-7.715110156732493,0.8018599544788648,-0.4999999999999998,0.8660254037844387,6.123233995736766e-17,1.0,165.6141101567325,157.899,182.857,alta_fd,0.0488610450777553,6.0,0.5,-7.2201285,158.39398162050813,-7.720061,157.8940493313846
2021-04-27 09:00:00,-3.3653180098325493,0.4571824607368672,-0.7071067811865475,0.7071067811865476,6.123233995736766e-17,1.0,377.6693180098325,374.304,438.637,mixto,0.0089908684113248,11.0,0.5,-5.4967747,372.1725433363706,-4.909913,372.7594049467832
2021-04-27 10:00:00,-20.145381779032505,0.3059343229014325,-0.8660254037844387,0.49999999999999994,6.123233995736766e-17,1.0,544.0073817790325,523.862,656.803,mixto,0.038455512671338,13.7,0.0,-18.628735,525.3786471904094,-19.245691,524.761690479594
2021-04-27 11:00:00,-18.519583835832464,0.2197173517915213,-0.9659258262890682,0.258819045102521,6.123233995736766e-17,1.0,645.9895838358325,627.47,802.813,baja_fd,0.0295146920742544,16.0,0.5,-16.706718,629.2828653910083,-16.710884,629.2786997415942
2021-04-27 12:00:00,-38.67959238281253,0.1772899609862985,-1.0,1.2246467991473532e-16,6.123233995736766e-17,1.0,680.5395923828125,641.86,859.625,baja_fd,0.060261727452735,18.0,0.0,-32.769844,647.7697483276368,-37.220276,643.3193165039063
2021-04-27 13:00:00,0.9883245182700192,0.1675747277149425,-0.9659258262890683,-0.2588190451025208,6.123233995736766e-17,1.0,658.6196754817299,659.608,835.766,baja_fd,0.0014983513211938,19.8,1.5,-0.77001077,657.8496647123627,0.123939835,658.743615316265
2021-04-27 14:00:00,6.501068570080065,0.2055989752536902,-0.8660254037844388,-0.4999999999999997,6.123233995736766e-17,1.0,579.4029314299199,585.904,724.568,baja_fd,0.0110957914096508,19.9,1.8,6.752764,586.155695654926,6.825695,586.2286264677617
2021-04-27 15:00:00,7.453993652669965,0.2975815158552917,-0.7071067811865479,-0.7071067811865471,6.123233995736766e-17,1.0,435.08100634733006,442.535,530.474,baja_fd,0.0168438511138553,20.0,2.1,4.0873613,439.16836768308445,7.30788,442.38888627210423
2021-04-27 16:00:00,-1.4272921741300024,0.4293097621551699,-0.5000000000000004,-0.8660254037844385,6.123233995736766e-17,1.0,241.47129217413,240.044,285.006,mixto,0.005945960632759,19.8,2.1,-2.1733181,239.2979740264707,2.0225773,243.49386945989662
2021-04-27 17:00:00,-6.304604384632498,0.8412963723444108,-0.25881904510252063,-0.9659258262890683,6.123233995736766e-17,1.0,42.6366043846325,36.332,48.323,alta_fd,,17.0,2.1,-3.7553985,38.8812058727459,-4.3477893,38.28881509706536
2021-04-28 07:00:00,-4.622801943232501,1.0,-0.25881904510252063,0.9659258262890683,6.123233995736766e-17,1.0,12.4088019432325,7.786,13.243,alta_fd,,2.2,0.0,-4.734799,7.674003034998858,-4.142134,8.266667753626788
2021-04-28 08:00:00,-8.032786157812495,0.8052564837761894,-0.4999999999999998,0.8660254037844387,6.123233995736766e-17,1.0,164.0527861578125,156.02,181.025,alta_fd,0.0514856182400493,5.9,0.3,-7.436878,156.6159079534668,-8.150057,155.90272931882325
2021-04-28 09:00:00,-1.9153929125325249,0.4582120691343448,-0.7071067811865475,0.7071067811865476,6.123233995736766e-17,1.0,377.9113929125325,375.996,436.353,mixto,0.0050941842799724,9.6,0.7,-3.1464605,374.7649323793904,-3.1186907,374.79270218339127
2021-04-28 10:00:00,-3.021790420312413,0.3144545032168571,-0.8660254037844387,0.49999999999999994,6.123233995736766e-17,1.0,538.9247904203124,535.903,648.925,mixto,0.0056386891290259,13.3,1.0,-4.8610888,534.0637016675659,-5.188804,533.7359862706847
2021-04-28 11:00:00,-3.829986850369892,0.2162485512726459,-0.9659258262890682,0.258819045102521,6.123233995736766e-17,1.0,635.4249868503699,631.595,783.658,baja_fd,0.0060639917199627,14.8,1.2,-6.7126026,628.7123842350135,-6.479132,628.9458546749244
2021-04-28 12:00:00,-4.365766929729944,0.2289224523805316,-1.0,1.2246467991473532e-16,6.123233995736766e-17,1.0,663.04176692973,658.676,827.434,baja_fd,0.006628094738126,16.2,1.3,-4.1207867,658.9209802628599,-2.3265033,660.715263652905
2021-04-28 13:00:00,-1.065620995312429,0.2945121224804167,-0.9659258262890683,-0.2588190451025208,6.123233995736766e-17,1.0,617.5656209953124,616.5,769.675,baja_fd,0.0017285012089414,17.7,1.5,-1.1303155,616.4353054530914,-0.1313634,617.434257588535
2021-04-28 14:00:00,7.764105481687579,0.2529955898144612,-0.8660254037844388,-0.4999999999999997,6.123233995736766e-17,1.0,553.1518945183125,560.916,682.285,baja_fd,0.0138418327908057,18.0,2.1,6.0884457,559.2403401817646,8.259977,561.4118718590107
2021-04-28 15:00:00,8.345046371167484,0.3226669373710661,-0.7071067811865479,-0.7071067811865471,6.123233995736766e-17,1.0,417.9869536288325,426.332,501.413,mixto,0.0195740558324673,17.0,2.6,4.581867,422.5688208468501,7.7530866,425.74004019575756
2021-04-28 16:00:00,-1.9801226549199955,0.461376518425786,-0.5000000000000004,-0.8660254037844385,6.123233995736766e-17,1.0,233.70512265492,231.725,271.068,mixto,0.0085451403815729,15.9,2.1,-2.7526715,230.95245117474116,1.4483997,235.1535223178915
2021-04-28 17:00:00,-5.891302082312507,0.873362738817356,-0.25881904510252063,-0.9659258262890683,6.123233995736766e-17,1.0,39.1853020823125,33.294,44.045,alta_fd,,15.0,1.5,-3.8244262,35.36087590814868,-4.7024407,34.48286134363452
2021-04-29 07:00:00,-4.64463592788,1.0,-0.25881904510252063,0.9659258262890683,6.123233995736766e-17,1.0,12.52363592788,7.879,13.244,alta_fd,,-0.3,0.5,-4.21372,8.309916083061884,-4.285684,8.237951819145868
2021-04-29 08:00:00,-8.63649901069249,0.8077812336222663,-0.4999999999999998,0.8660254037844387,6.123233995736766e-17,1.0,165.17049901069248,156.534,179.569,alta_fd,0.0551733106589781,2.0,0.0,-8.180895,156.9896041590079,-8.905204,156.26529519141758
2021-04-29 09:00:00,-3.2216079807699884,0.4613202029545065,-0.7071067811865475,0.7071067811865476,6.123233995736766e-17,1.0,373.53460798077,370.313,431.738,mixto,0.0086996891299251,10.0,0.5,-5.3271236,368.2074843388022,-4.909913,368.62469491772066
2021-04-29 10:00:00,-9.889822014130004,0.3097381853030353,-0.8660254037844387,0.49999999999999994,6.123233995736766e-17,1.0,537.70882201413,527.819,648.206,mixto,0.0187371466622649,13.6,0.5,-11.851726,525.8570964358219,-12.02131,525.6875121615299
2021-04-29 11:00:00,-17.56494703987994,0.2223358410958599,-0.9659258262890682,0.258819045102521,6.123233995736766e-17,1.0,635.30994703988,617.745,791.756,baja_fd,0.0284339768672833,17.0,0.5,-16.804085,618.5058622620479,-16.424114,618.885832812585
2021-04-29 12:00:00,-21.117280252932574,0.1771921623864131,-1.0,1.2246467991473532e-16,6.123233995736766e-17,1.0,670.8982802529325,649.781,850.033,baja_fd,0.0324990731537742,19.0,0.5,-22.396685,648.5015956063261,-23.656694,647.2415858407011
2021-04-29 13:00:00,-18.829402342892536,0.1701548753116116,-0.9659258262890683,-0.2588190451025208,6.123233995736766e-17,1.0,647.9664023428925,629.137,827.449,baja_fd,0.0299289381214147,21.5,0.5,-16.251312,631.7150900870331,-16.86112,631.1052821188935
2021-04-29 14:00:00,-8.001943342529898,0.2079612797849021,-0.8660254037844388,-0.4999999999999997,6.123233995736766e-17,1.0,566.3619433425299,558.36,714.346,baja_fd,0.014331154349398,22.2,0.7,-4.6587853,561.7031579993597,-3.8693604,562.4925828956
2021-04-29 15:00:00,0.9856532907500082,0.2632687224503318,-0.7071067811865479,-0.7071067811865471,6.123233995736766e-17,1.0,426.77134670925,427.757,526.71,baja_fd,0.0023042364958376,23.0,1.0,-1.8847736,424.8865730972276,-0.9384124,425.8329342813478
2021-04-29 16:00:00,-3.799617403719992,0.4380780221571118,-0.5000000000000004,-0.8660254037844385,6.123233995736766e-17,1.0,230.99761740372,227.198,276.028,mixto,0.0167238153668605,23.1,1.0,-4.737527,226.26009051010428,-2.6398423,228.3577751319152
2021-04-29 17:00:00,-5.7141838990925,0.8943280986127466,-0.25881904510252063,-0.9659258262890683,6.123233995736766e-17,1.0,36.5841838990925,30.87,41.921,alta_fd,,20.0,1.5,-3.449562,33.134621826338595,-4.57391,32.01027366273386
2021-04-30 07:00:00,-3.996677548530001,1.0,-0.25881904510252063,0.9659258262890683,6.123233995736766e-17,1.0,10.59067754853,6.594,11.346,alta_fd,,3.3,0.0,-4.734799,5.855878640296357,-4.1249633,6.465714264991181
2021-04-30 08:00:00,-7.966099170812498,0.8151023077678484,-0.4999999999999998,0.8660254037844387,6.123233995736766e-17,1.0,141.6090991708125,133.643,157.065,alta_fd,0.0596073058133422,8.0,0.0,-7.9109063,133.69819285596265,-8.874889,132.7342097970332
2021-04-30 09:00:00,-6.892460183992512,0.5815598850804902,-0.7071067811865475,0.7071067811865476,6.123233995736766e-17,1.0,318.5834601839925,311.691,369.789,mixto,0.0221131190313243,13.0,0.0,-7.1513324,311.43212780560503,-8.082805,310.5006555041219
2021-04-30 10:00:00,-3.925251818119989,0.4905649839544026,-0.8660254037844387,0.49999999999999994,6.123233995736766e-17,1.0,450.92725181812,447.002,541.492,mixto,0.0087812846880326,16.0,1.0,-4.753122,446.17412996524524,-5.0075526,445.9196991943712
2021-04-30 11:00:00,-2.479232400332535,0.4821448356123549,-0.9659258262890682,0.258819045102521,6.123233995736766e-17,1.0,516.2022324003325,513.723,632.537,mixto,0.0048260101267269,18.0,1.5,-2.8617291,513.3405032552824,-2.3632047,513.8390276826964
2021-04-30 12:00:00,3.111166202999982,0.5620346906571129,-1.0,1.2246467991473532e-16,6.123233995736766e-17,1.0,508.989833797,512.101,625.78,mixto,0.0060752980427688,19.0,2.6,3.9437625,512.9335963378173,2.5971825,511.58701630928334
2021-04-30 13:00:00,3.2155157025200083,0.6238977881180867,-0.9659258262890683,-0.2588190451025208,6.123233995736766e-17,1.0,461.56448429748,464.78,561.516,mixto,0.0069183607352295,18.5,3.1,1.3139639,462.8784481875557,0.0692518,461.63373609557334
2021-04-30 14:00:00,-0.2373909498924717,0.5910709384442874,-0.8660254037844388,-0.4999999999999997,6.123233995736766e-17,1.0,401.6303909498925,401.393,484.751,mixto,0.0005914177623737,19.0,2.1,0.14928918,401.77968012576054,-2.2226362,399.40775472705315
2021-04-30 15:00:00,0.6375235763200067,0.742208815262884,-0.7071067811865479,-0.7071067811865471,6.123233995736766e-17,1.0,284.71347642368,285.351,334.336,alta_fd,0.0022341732684308,17.0,3.6,0.45956933,285.1730457586638,-3.7280815,280.98539495891254
2021-04-30 16:00:00,-3.547765795312472,0.8173266508534184,-0.5000000000000004,-0.8660254037844385,6.123233995736766e-17,1.0,146.88476579531246,143.337,168.075,alta_fd,0.0247512212151257,15.7,3.1,-4.219782,142.6649839197021,-5.247634,141.63713186129146
2021-04-30 17:00:00,-4.190180935570002,1.0,-0.25881904510252063,-0.9659258262890683,6.123233995736766e-17,1.0,27.906180935570003,23.716,31.198,alta_fd,,14.0,3.1,-3.9445071,23.961673813530208,-3.361112,24.54506881780267
2021-05-01 07:00:00,-3.956997257732501,1.0,-0.25881904510252063,0.9659258262890683,-0.4999999999999998,0.8660254037844387,10.4239972577325,6.467,11.343,alta_fd,,7.5,1.0,-3.0758932,7.34810409405147,-3.1614761,7.262521122478594
2021-05-01 08:00:00,-6.506290807879992,0.8042555785485292,-0.4999999999999998,0.8660254037844387,-0.4999999999999998,0.8660254037844387,147.87629080788,141.37,165.444,alta_fd,0.0460231365061893,10.0,2.1,-4.6200223,143.25626851097448,-4.757133,143.11915780083044
2021-05-01 09:00:00,-7.041157919169962,0.5072943871288939,-0.7071067811865475,0.7071067811865476,-0.4999999999999998,0.8660254037844387,350.38215791917,343.341,408.682,mixto,0.0205077690085657,13.0,0.0,-6.443727,343.93843090272105,-7.476008,342.906149980785
2021-05-01 10:00:00,3.175876440407478,0.3057762581567972,-0.8660254037844387,0.49999999999999994,-0.4999999999999998,0.8660254037844387,517.4061235595925,520.582,629.229,mixto,0.0061006266839949,16.3,1.5,1.8650051,519.2711286951287,1.1174142,518.5235377956612
2021-05-01 11:00:00,-16.186512372529933,0.2222159515942677,-0.9659258262890682,0.258819045102521,-0.4999999999999998,0.8660254037844387,618.47451237253,602.288,772.046,baja_fd,0.0268750371459001,18.0,0.5,-14.10785,604.3666622977619,-14.834617,603.6398957114582
2021-05-01 12:00:00,-8.181662394592422,0.1919240474516401,-1.0,1.2246467991473532e-16,-0.4999999999999998,0.8660254037844387,653.3406623945924,645.159,829.029,baja_fd,0.0126816217313754,20.0,1.0,-7.8991675,645.4414948569032,-7.682558,645.6581043349
2021-05-01 13:00:00,28.38024387500002,0.1927876401619493,-0.9659258262890683,-0.2588190451025208,-0.4999999999999998,0.8660254037844387,629.441756125,657.822,799.3,baja_fd,0.0431427405513953,21.1,4.6,25.318905,654.760661001709,28.330318,657.7720745759277
2021-05-01 14:00:00,19.4680988716799,0.216014074575176,-0.8660254037844388,-0.4999999999999997,-0.4999999999999998,0.8660254037844387,550.24090112832,569.709,691.248,baja_fd,0.0341720051318829,22.0,3.6,19.943123,570.1840239920896,21.447891,571.6887923636716
2021-05-01 15:00:00,12.438762820107511,0.2979344536877567,-0.7071067811865479,-0.7071067811865471,-0.4999999999999998,0.8660254037844387,408.2842371798925,420.723,499.999,baja_fd,0.0295652075596235,22.0,3.6,10.79696,419.08119705690666,13.185541,421.4697783328466
2021-05-01 16:00:00,-1.061929768192499,0.5036755458670139,-0.5000000000000004,-0.8660254037844385,-0.4999999999999998,0.8660254037844387,208.6499297681925,207.588,246.981,mixto,0.0051155643302719,21.7,4.1,-1.3735989,207.27633083497258,-1.9880741,206.66185570393773
2021-05-01 17:00:00,-4.3791984620800015,1.0,-0.25881904510252063,-0.9659258262890683,-0.4999999999999998,0.8660254037844387,27.41719846208,23.038,31.376,alta_fd,,20.0,3.6,-3.9926338,23.424564642499924,-3.8871903,23.53000812013054
2021-05-02 08:00:00,-4.313328122732486,1.0,-0.4999999999999998,0.8660254037844387,-0.4999999999999998,0.8660254037844387,63.892328122732486,59.579,70.407,alta_fd,0.0723967861617765,9.0,0.0,-5.596953,58.295375207540836,-4.503484,59.388844350454654
2021-05-02 09:00:00,-4.7989228934925166,0.9583319648443348,-0.7071067811865475,0.7071067811865476,-0.4999999999999998,0.8660254037844387,157.8079228934925,153.009,178.911,alta_fd,0.0313636641863715,13.0,1.5,-4.494778,153.31314473721199,-5.007376,152.80054669949226
2021-05-02 10:00:00,-8.766898539250008,0.9275632186412044,-0.8660254037844387,0.49999999999999994,-0.4999999999999998,0.8660254037844387,246.81289853925,238.046,287.79,alta_fd,0.0368285900172656,16.7,0.5,-7.4136305,239.39926805371533,-7.8317084,238.9811901080061
2021-05-02 11:00:00,-9.095182397970008,0.8684576913178569,-0.9659258262890682,0.258819045102521,-0.4999999999999998,0.8660254037844387,303.95118239797,294.856,359.522,alta_fd,0.0308461838930529,18.0,1.0,-8.016775,295.9344072667444,-8.275885,295.6752977696741
2021-05-02 12:00:00,-8.071173086370038,0.8604813462437373,-1.0,1.2246467991473532e-16,-0.4999999999999998,0.8660254037844387,325.08917308637,317.018,389.158,alta_fd,0.0254596681777376,20.0,1.5,-5.040588,320.0485851843009,-7.43292,317.65625310727455
2021-05-02 13:00:00,-1.4247002423124968,0.8273837397892208,-0.9659258262890683,-0.2588190451025208,-0.4999999999999998,0.8660254037844387,314.5337002423125,313.109,376.205,alta_fd,0.0045501733974829,20.2,4.6,2.0868115,316.62051178482346,-2.6543965,311.8793037083464
2021-05-02 14:00:00,-9.604666382879998,0.905206482794628,-0.8660254037844388,-0.4999999999999997,-0.4999999999999998,0.8660254037844387,264.24166638288,254.637,315.944,alta_fd,0.0377190525449168,22.0,0.5,-8.147795,256.09387165936926,-8.166211,256.07545525464514
2021-05-02 15:00:00,-6.600806083992467,0.9465522298961784,-0.7071067811865479,-0.7071067811865471,-0.4999999999999998,0.8660254037844387,180.21080608399248,173.61,213.539,alta_fd,0.0380208863774694,23.0,0.5,-6.961788,173.24901790650225,-7.3853993,172.82540674240923
2021-05-02 16:00:00,-3.851074806232504,0.9791669337906336,-0.5000000000000004,-0.8660254037844385,-0.4999999999999998,0.8660254037844387,90.7370748062325,86.886,105.507,alta_fd,0.0443233064732235,21.7,4.6,-3.035876,87.70119877054219,-4.037996,86.6990789909554
2021-05-02 17:00:00,-3.588492672000001,1.0,-0.25881904510252063,-0.9659258262890683,-0.4999999999999998,0.8660254037844387,19.874492672,16.286,22.72,alta_fd,,20.0,3.1,-3.6201003,16.254392412219115,-3.4649756,16.409517076525756
2021-05-03 07:00:00,-3.6713389902800007,1.0,-0.25881904510252063,0.9659258262890683,-0.4999999999999998,0.8660254037844387,9.65133899028,5.98,10.396,alta_fd,,4.8,1.0,-3.2308757,6.420463259765473,-3.18517,6.466169055053559
2021-05-03 08:00:00,-7.040458227999977,0.8057701687083337,-0.4999999999999998,0.8660254037844387,-0.4999999999999998,0.8660254037844387,145.45045822799997,138.41,162.04,alta_fd,0.0508666875803769,9.0,1.5,-5.195946,140.25451201141672,-5.341562,140.10889643371897
2021-05-03 09:00:00,2.069237462519993,0.5025835833673999,-0.7071067811865475,0.7071067811865476,-0.4999999999999998,0.8660254037844387,347.77976253748,349.849,405.484,mixto,0.005914658788563,13.0,1.5,0.17232032,347.9520828586823,0.56392473,348.34368726730406
2021-05-03 10:00:00,-2.005181725,0.332426358110693,-0.8660254037844387,0.49999999999999994,-0.4999999999999998,0.8660254037844387,511.932181725,509.927,621.7,mixto,0.0039322917299927,16.2,1.0,-2.544878,509.3873037190186,-3.1283672,508.80381453940737
2021-05-03 11:00:00,9.115856802607482,0.2179825718088559,-0.9659258262890682,0.258819045102521,-0.4999999999999998,0.8660254037844387,612.3291431973926,621.445,763.499,baja_fd,0.0146688070587219,18.0,2.1,7.11066,619.4398032735339,6.785729,619.1148721288196
2021-05-03 12:00:00,19.42881765060747,0.1924479723403407,-1.0,1.2246467991473532e-16,-0.4999999999999998,0.8660254037844387,650.0321823493925,669.461,824.299,baja_fd,0.0290215825128087,20.0,3.1,15.223089,665.2552715675322,16.760641,666.792823447415
2021-05-03 13:00:00,26.21116354403,0.1862228146088227,-0.9659258262890683,-0.2588190451025208,-0.4999999999999998,0.8660254037844387,625.31583645597,651.527,797.722,baja_fd,0.0402303565992353,22.2,4.1,22.9332,648.2490372921517,26.31963,651.6354661251595
2021-05-03 14:00:00,25.78631674799999,0.2254592322503935,-0.8660254037844388,-0.4999999999999997,-0.4999999999999998,0.8660254037844387,545.442683252,571.229,687.88,baja_fd,0.0451418200896662,23.0,5.1,24.913637,570.3563204132549,26.514788,571.9574709259502
2021-05-03 15:00:00,11.854128233070014,0.3286140223426465,-0.7071067811865479,-0.7071067811865471,-0.4999999999999998,0.8660254037844387,397.65487176693,409.509,488.286,mixto,0.028947173891343,23.0,3.6,10.446024,408.10089570797004,11.888714,409.5435856035999
2021-05-03 16:00:00,-1.3518780921925213,0.4806274786432193,-0.5000000000000004,-0.8660254037844385,-0.4999999999999998,0.8660254037844387,205.5658780921925,204.214,243.931,mixto,0.0066199089787797,22.4,4.1,-1.3735989,204.19227915897258,1.4149166,206.98079472675212
2021-05-03 17:00:00,-4.328423825920002,1.0,-0.25881904510252063,-0.9659258262890683,-0.4999999999999998,0.8660254037844387,23.75242382592,19.424,27.168,alta_fd,,20.0,3.6,-3.9926338,19.759790006339923,-3.8871903,19.86523348397054
2021-05-04 08:00:00,-7.450443206279999,0.8102441052843051,-0.4999999999999998,0.8660254037844387,-0.4999999999999998,0.8660254037844387,144.02444320628,136.574,159.796,alta_fd,0.0545524273015361,8.0,1.0,-5.851927,138.17251640269114,-6.0975423,137.92690092036082
2021-05-04 09:00:00,2.2004811741074946,0.4923693194094722,-0.7071067811865475,0.7071067811865476,-0.4999999999999998,0.8660254037844387,349.3095188258925,351.51,405.649,mixto,0.0062600812896005,12.0,1.5,0.25067037,349.5601891993323,0.7937413,350.10326011169343
2021-05-04 10:00:00,-8.394531310492482,0.3241518767828761,-0.8660254037844387,0.49999999999999994,-0.4999999999999998,0.8660254037844387,513.5165313104925,505.122,623.511,mixto,0.0166188194346959,16.1,0.5,-9.585976,503.93055566351984,-9.243471,504.2730601648626
2021-05-04 11:00:00,-5.5634155756800965,0.2306647222141672,-0.9659258262890682,0.258819045102521,-0.4999999999999998,0.8660254037844387,612.5934155756801,607.03,767.536,baja_fd,0.0091649763202479,19.0,1.0,-6.119984,606.4734314257472,-6.2860093,606.307406264004
2021-05-04 12:00:00,-7.205725352480044,0.1864742187880487,-1.0,1.2246467991473532e-16,-0.4999999999999998,0.8660254037844387,644.83572535248,637.63,824.984,baja_fd,0.0113007941164625,22.0,1.0,-5.437703,639.3980222198506,-6.4901834,638.345541999056
2021-05-04 13:00:00,2.7787896145075592,0.1800246283161199,-0.9659258262890683,-0.2588190451025208,-0.4999999999999998,0.8660254037844387,619.6382103854925,622.417,799.039,baja_fd,0.0044645143280269,24.6,1.5,2.907744,622.5459543163091,2.46955,622.1077602798254
2021-05-04 14:00:00,4.351279700707551,0.2236986459411389,-0.8660254037844388,-0.4999999999999997,-0.4999999999999998,0.8660254037844387,536.0567202992925,540.408,683.991,baja_fd,0.008051841757908,25.8,1.5,4.44283,540.4995503850469,4.635363,540.6920834012517
2021-05-04 15:00:00,11.984023045007518,0.3294194003230026,-0.7071067811865479,-0.7071067811865471,-0.4999999999999998,0.8660254037844387,388.3349769549925,400.319,484.811,mixto,0.0299361835061726,27.0,3.6,12.720494,401.0554712253172,12.467733,400.8027103381712
2021-05-04 16:00:00,-1.0902719865299844,0.4874688585459478,-0.5000000000000004,-0.8660254037844385,-0.4999999999999998,0.8660254037844387,198.70627198653,197.616,238.854,mixto,0.0055171240513419,25.7,5.1,-1.4979073,197.20836470560806,1.6262054,200.33247743086594
2021-05-04 17:00:00,-4.4489899699925,1.0,-0.25881904510252063,-0.9659258262890683,-0.4999999999999998,0.8660254037844387,22.6289899699925,18.18,26.189,alta_fd,,23.0,3.1,-3.621594,19.007396017813544,-3.4733546,19.15563539197431
2021-05-05 08:00:00,-7.119236899329991,0.8157638822412602,-0.4999999999999998,0.8660254037844387,-0.4999999999999998,0.8660254037844387,140.02423689933,132.905,155.274,alta_fd,0.0535663586722094,8.0,1.5,-5.195946,134.82829068274674,-5.4505258,134.57371113867936
2021-05-05 09:00:00,-6.528610315132482,0.5085248525681436,-0.7071067811865475,0.7071067811865476,-0.4999999999999998,0.8660254037844387,342.7036103151325,336.175,397.577,mixto,0.0194202731170743,12.0,0.0,-6.178968,336.5246423624042,-6.8083634,335.8952468774799
2021-05-05 10:00:00,-5.806099421192485,1.0,-0.8660254037844387,0.49999999999999994,-0.4999999999999998,0.8660254037844387,118.06209942119249,112.256,133.581,alta_fd,0.0517219517993914,13.9,2.1,-4.6040635,113.45803591029771,-5.1407237,112.92137571590074
2021-05-05 11:00:00,-0.885488661092495,0.4100800517937468,-0.9659258262890682,0.258819045102521,-0.4999999999999998,0.8660254037844387,566.0514886610925,565.166,690.129,mixto,0.0015667762411264,15.0,1.5,0.81502444,566.8665130966127,-0.6862823,565.3652063839853
2021-05-05 12:00:00,-8.3249995608125,1.0,-1.0,1.2246467991473532e-16,-0.4999999999999998,0.8660254037844387,156.3229995608125,147.998,179.335,alta_fd,0.0562507571778841,16.0,1.0,-9.248557,147.0744424700532,-8.398384,147.9246154665742
2021-05-05 13:00:00,-7.210985366392492,1.0,-0.9659258262890683,-0.2588190451025208,-0.4999999999999998,0.8660254037844387,149.7699853663925,142.559,172.349,alta_fd,0.0505824631653735,17.0,2.1,-6.8877125,142.8822728877548,-6.3731537,143.39683167986905
2021-05-05 14:00:00,7.294589085230086,0.7765597635944137,-0.8660254037844388,-0.4999999999999997,-0.4999999999999998,0.8660254037844387,456.4334109147699,463.728,553.538,alta_fd,0.0157303183875678,18.0,4.1,8.185372,464.61878326737,4.4024405,460.83585146271304
2021-05-05 15:00:00,-4.542399372320006,1.0,-0.7071067811865479,-0.7071067811865471,-0.4999999999999998,0.8660254037844387,89.87839937232,85.336,102.952,alta_fd,0.0532295792200244,18.0,3.6,-2.4082797,87.47011971495611,-3.7489967,86.12940263770086
2021-05-05 16:00:00,-3.2323340199925,1.0,-0.5000000000000004,-0.8660254037844385,-0.4999999999999998,0.8660254037844387,44.3613340199925,41.129,50.211,alta_fd,,16.6,4.6,-2.1890907,42.17224329123273,-2.5400116,41.821322375629094
2021-05-05 17:00:00,-2.860953111132501,1.0,-0.25881904510252063,-0.9659258262890683,-0.4999999999999998,0.8660254037844387,13.4529531111325,10.592,15.127,alta_fd,,16.0,3.1,-3.822727,9.630226146181938,-3.4649756,9.987977515658256
2021-05-06 08:00:00,-6.8638419177325005,0.8516720151527892,-0.4999999999999998,0.8660254037844387,-0.4999999999999998,0.8660254037844387,121.1028419177325,114.239,136.593,alta_fd,0.0600831757782587,13.0,1.0,-5.896058,115.20678383515194,-6.3015275,114.80131441757992
2021-05-06 09:00:00,-0.0303675980799766,0.5152095251317925,-0.7071067811865475,0.7071067811865476,-0.4999999999999998,0.8660254037844387,333.56336759808,333.533,393.024,mixto,9.104825633438576e-05,16.0,1.0,-2.2578564,331.30551122906144,-2.607987,330.9553806710475
2021-05-06 10:00:00,-1.4865433849299734,0.3366578996117746,-0.8660254037844387,0.49999999999999994,-0.4999999999999998,0.8660254037844387,501.31254338493,499.826,611.014,mixto,0.0029741217642339,17.4,1.0,-2.5417552,498.7707881854976,-2.8128245,498.49971889724384
2021-05-06 11:00:00,9.134311941119904,0.2433138277384492,-0.9659258262890682,0.258819045102521,-0.4999999999999998,0.8660254037844387,602.41568805888,611.55,753.344,baja_fd,0.0149363289038016,19.0,2.1,7.013397,609.4290852756769,6.4340396,608.849727651623
2021-05-06 12:00:00,26.497377693630146,0.2460988268205343,-1.0,1.2246467991473532e-16,-0.4999999999999998,0.8660254037844387,621.8916223063699,648.389,784.342,baja_fd,0.0408664824567198,20.0,4.6,23.563122,645.4547441020242,25.195042,647.086663962864
2021-05-06 13:00:00,13.462855807999858,0.4838184577961806,-0.9659258262890683,-0.2588190451025208,-0.4999999999999998,0.8660254037844387,523.2311441920001,536.694,646.72,mixto,0.0250847891126039,19.6,4.1,14.51508,537.7462246439654,12.976241,536.2073853037555
2021-05-06 14:00:00,17.36052338602991,0.3645088121453739,-0.8660254037844388,-0.4999999999999997,-0.4999999999999998,0.8660254037844387,486.06847661397006,503.429,597.378,mixto,0.0344845517163888,19.8,4.9,19.245539,505.3140153255179,18.046555,504.11503117939975
2021-05-06 15:00:00,12.833778532280064,0.3795940944473521,-0.7071067811865479,-0.7071067811865471,-0.4999999999999998,0.8660254037844387,370.96322146772,383.797,447.428,mixto,0.033438975636287,20.0,5.7,11.12179,382.085011399971,12.099648,383.062869943367
2021-05-06 16:00:00,-1.5812512538925318,0.5422530884227638,-0.5000000000000004,-0.8660254037844385,-0.4999999999999998,0.8660254037844387,190.2812512538925,188.7,222.001,mixto,0.0083797098775438,18.9,6.2,-1.8806646,188.40058666687162,-1.7571648,188.52408641796262
2021-05-06 17:00:00,-4.085090170812501,1.0,-0.25881904510252063,-0.9659258262890683,-0.4999999999999998,0.8660254037844387,19.3100901708125,15.225,21.815,alta_fd,,17.0,3.6,-4.2121906,15.097899542760743,-3.8788114,15.431278811406983
2021-05-07 08:00:00,-3.2626547540800037,1.0,-0.4999999999999998,0.8660254037844387,-0.4999999999999998,0.8660254037844387,39.66965475408,36.407,43.576,alta_fd,,9.0,2.1,-2.0336626,37.63599219647807,-2.3321595,37.33749523488444
2021-05-07 09:00:00,-5.044268761330017,0.9767565219187024,-0.7071067811865475,0.7071067811865476,-0.4999999999999998,0.8660254037844387,127.78526876133002,122.741,142.574,alta_fd,0.0410968524073456,10.0,1.0,-5.076106,122.70916268985785,-5.4219704,122.36329839389838
2021-05-07 10:00:00,-6.740716969812496,0.8795020502803437,-0.8660254037844387,0.49999999999999994,-0.4999999999999998,0.8660254037844387,244.5217169698125,237.781,279.105,alta_fd,0.0283484255252206,11.6,1.0,-5.113889,239.4078277524358,-5.983408,238.53830899556934
2021-05-07 11:00:00,-10.810547357312489,0.8701931509141949,-0.9659258262890682,0.258819045102521,-0.4999999999999998,0.8660254037844387,296.9225473573125,286.112,344.955,alta_fd,0.0377843199771854,14.0,0.5,-10.1928425,286.729704873792,-9.888175,287.03437234663136
2021-05-07 12:00:00,-9.793023198092556,0.8607605376604992,-1.0,1.2246467991473532e-16,-0.4999999999999998,0.8660254037844387,320.54402319809253,310.751,375.321,alta_fd,0.0315140520805807,15.0,1.0,-7.507187,313.0368363084441,-8.704342,311.8396813096648
2021-05-07 13:00:00,-11.278325115519976,0.8560738923266424,-0.9659258262890683,-0.2588190451025208,-0.4999999999999998,0.8660254037844387,305.81732511552,294.539,360.912,alta_fd,0.0382914490628404,17.4,0.5,-10.576088,295.24123716385986,-10.225362,295.5919632914844
2021-05-07 14:00:00,-4.276828172679984,0.9536164327156466,-0.8660254037844388,-0.4999999999999997,-0.4999999999999998,0.8660254037844387,210.35182817268,206.075,244.236,alta_fd,0.0207537458337012,17.0,4.6,-3.5937982,206.75803001212702,-4.4609714,205.89085681724177
2021-05-07 15:00:00,-4.407445649250008,1.0,-0.7071067811865479,-0.7071067811865471,-0.4999999999999998,0.8660254037844387,117.95044564925,113.543,135.11,alta_fd,0.0388174141008253,17.0,4.6,-2.6659174,115.28452825270459,-3.72158,114.22886562071606
2021-05-07 16:00:00,-3.197411690492501,1.0,-0.5000000000000004,-0.8660254037844385,-0.4999999999999998,0.8660254037844387,42.7424116904925,39.545,48.311,alta_fd,,16.3,4.1,-2.2146442,40.52776749684321,-2.5301194,40.2122922713946
2021-05-08 08:00:00,-2.8228594653299943,1.0,-0.4999999999999998,0.8660254037844387,-0.4999999999999998,0.8660254037844387,29.107859465329994,26.285,32.174,alta_fd,,11.0,0.5,-3.4463856,25.66147384330546,-3.829997,25.27786240264689
2021-05-08 09:00:00,-4.490333796930003,1.0,-0.7071067811865475,0.7071067811865476,-0.4999999999999998,0.8660254037844387,74.89133379693,70.401,83.286,alta_fd,0.0637822445267823,11.0,0.5,-5.030624,69.86070988411872,-4.57238,70.31895373101203
2021-05-08 10:00:00,-6.414078273249956,1.0,-0.8660254037844387,0.49999999999999994,-0.4999999999999998,0.8660254037844387,115.32907827324996,108.915,129.67,alta_fd,0.058890678724234,12.4,0.5,-7.2845726,108.0445056719316,-6.6387315,108.69034679360519
2021-05-08 11:00:00,-7.553821046732509,0.9914134649120366,-0.9659258262890682,0.258819045102521,-0.4999999999999998,0.8660254037844387,169.8198210467325,162.266,192.857,alta_fd,0.046552087601423,13.0,1.5,-7.096632,162.72318904294832,-7.4756517,162.34416930570467
2021-05-08 12:00:00,-8.42294930081249,0.9844283589672956,-1.0,1.2246467991473532e-16,-0.4999999999999998,0.8660254037844387,208.45594930081248,200.033,239.015,alta_fd,0.0421077987172741,14.0,1.5,-7.4970236,200.95892571835398,-7.8824234,200.57352589993357
2021-05-08 13:00:00,-9.067322119250036,0.9803698527360354,-0.9659258262890683,-0.2588190451025208,-0.4999999999999998,0.8660254037844387,223.07032211925,214.003,258.11,alta_fd,0.0423700701356992,15.7,1.0,-8.547883,214.52243908549755,-8.63898,214.4313422074458
2021-05-08 14:00:00,-4.320006478732523,0.9633934006930674,-0.8660254037844388,-0.4999999999999997,-0.4999999999999998,0.8660254037844387,208.8660064787325,204.546,242.457,alta_fd,0.0211199753538691,17.0,4.6,-4.1250863,204.74092017120685,-4.510979,204.35502730316486
2021-05-08 15:00:00,-3.4899683274925053,0.9251147565358356,-0.7071067811865479,-0.7071067811865471,-0.4999999999999998,0.8660254037844387,167.0239683274925,163.534,192.689,alta_fd,0.021340934163492,17.0,4.1,-2.6688209,164.3551474694908,-4.0794253,162.94454299256208
2021-05-08 16:00:00,-4.017193065812492,0.9890298176520432,-0.5000000000000004,-0.8660254037844385,-0.4999999999999998,0.8660254037844387,82.6701930658125,78.653,94.335,alta_fd,0.0510748867279378,17.3,3.1,-3.4925501,79.17764293115368,-4.4887133,78.18147980134717
2021-05-08 17:00:00,-3.0301975169999995,1.0,-0.25881904510252063,-0.9659258262890683,-0.4999999999999998,0.8660254037844387,12.612197517,9.582,14.18,alta_fd,,16.0,2.1,-2.8918025,9.720394967637818,-2.9662397,9.64595782621936
2021-05-09 08:00:00,-8.088942020892489,0.8283049184728736,-0.4999999999999998,0.8660254037844387,-0.4999999999999998,0.8660254037844387,134.3569420208925,126.268,146.601,alta_fd,0.0640616943397574,4.0,0.5,-6.871832,127.48511012697159,-7.0699196,127.28702243471085
2021-05-09 09:00:00,-6.149299262279953,0.5070681152581702,-0.7071067811865475,0.7071067811865476,-0.4999999999999998,0.8660254037844387,339.35429926227994,333.205,388.604,mixto,0.0184550029629806,9.0,0.0,-5.805811,333.5484883339352,-6.8083634,332.54593582462735
2021-05-09 10:00:00,-7.623470767312483,0.3333893215414868,-0.8660254037844387,0.49999999999999994,-0.4999999999999998,0.8660254037844387,504.7674707673125,497.144,602.155,mixto,0.0153345323836,12.5,0.5,-8.061526,496.70594446878954,-7.4550495,497.312421252542
2021-05-09 11:00:00,-14.190270168132542,0.2498990607067545,-0.9659258262890682,0.258819045102521,-0.4999999999999998,0.8660254037844387,599.7282701681326,585.538,739.023,baja_fd,0.02423458454982,16.0,0.5,-13.877037,585.8512331197927,-14.530597,585.1976734350393
2021-05-09 12:00:00,-7.57599676892994,0.3979563324568531,-1.0,1.2246467991473532e-16,-0.4999999999999998,0.8660254037844387,562.88799676893,555.312,695.514,mixto,0.0136427751767113,18.0,1.0,-4.9698496,557.9181471824431,-4.5488453,558.3391514777923
2021-05-09 13:00:00,-3.193698804992493,0.8107633483989312,-0.9659258262890683,-0.2588190451025208,-0.4999999999999998,0.8660254037844387,305.5886988049925,302.395,361.861,alta_fd,0.0105613479223945,18.2,3.1,-1.7376949,303.8510039454878,-4.7368293,300.8518695241392
2021-05-09 14:00:00,4.465014512000039,0.6359718955392032,-0.8660254037844388,-0.4999999999999997,-0.4999999999999998,0.8660254037844387,387.507985488,391.973,464.56,mixto,0.011391127735839,18.0,3.6,5.6850243,393.1930097494746,2.936098,390.44408358675486
2021-05-09 15:00:00,5.146268591567491,0.4470530045097057,-0.7071067811865479,-0.7071067811865471,-0.4999999999999998,0.8660254037844387,349.2667314084325,354.413,416.117,mixto,0.0145205412656067,18.0,2.6,4.1832485,353.44997992833,5.9138527,355.1805841000829
2021-05-09 16:00:00,-3.69374004324996,0.5153994063430541,-0.5000000000000004,-0.8660254037844385,-0.4999999999999998,0.8660254037844387,186.62374004325,182.93,215.57,mixto,0.0201920955734431,16.6,2.6,-3.3341067,183.28963335951892,-2.6722157,183.95152434310046
2021-05-09 17:00:00,-3.8540140413299984,1.0,-0.25881904510252063,-0.9659258262890683,-0.4999999999999998,0.8660254037844387,16.954014041329998,13.1,18.926,alta_fd,,14.0,0.5,-4.5845942,12.369419791604656,-4.618886,12.335128047372478
2021-05-10 08:00:00,-8.098981754832494,0.832851540871512,-0.4999999999999998,0.8660254037844387,-0.4999999999999998,0.8660254037844387,131.8439817548325,123.745,144.363,alta_fd,0.065448961613257,5.0,0.5,-6.756417,125.08756495719456,-7.0699196,124.77406216865086
2021-05-10 09:00:00,-2.6084051092799427,0.504457824147839,-0.7071067811865475,0.7071067811865476,-0.4999999999999998,0.8660254037844387,339.27140510927995,336.663,386.904,mixto,0.0077478223305796,8.0,0.5,-4.0488114,335.2225936735805,-4.4056597,334.8657454336818
2021-05-10 10:00:00,-7.400561610632394,0.3329726779300999,-0.8660254037844387,0.49999999999999994,-0.4999999999999998,0.8660254037844387,502.3455616106324,494.945,600.627,mixto,0.0149522908820826,13.1,0.5,-8.061526,494.28403531210944,-7.4550495,494.8905120958619
2021-05-10 11:00:00,-4.811067554832562,0.2324888862686475,-0.9659258262890682,0.258819045102521,-0.4999999999999998,0.8660254037844387,606.1950675548326,601.384,744.363,baja_fd,0.0079999926084374,15.0,1.0,-5.9895444,600.2055231632005,-6.069434,600.125633388878
2021-05-10 12:00:00,2.09994153870764,0.1807617711486451,-1.0,1.2246467991473532e-16,-0.4999999999999998,0.8660254037844387,642.1930584612924,644.293,805.241,baja_fd,0.0032592959083951,18.0,1.5,0.6258896,642.8189480606156,0.66165227,642.8547107282716
2021-05-10 13:00:00,19.73721494043002,0.1673373147210793,-0.9659258262890683,-0.2588190451025208,-0.4999999999999998,0.8660254037844387,618.7987850595699,638.536,779.602,baja_fd,0.0309101052100899,19.9,3.1,14.651573,633.4503582407223,18.68061,637.4793957163082
2021-05-10 14:00:00,24.886635733567573,0.2265676442646762,-0.8660254037844388,-0.4999999999999997,-0.4999999999999998,0.8660254037844387,532.4023642664324,557.289,663.483,baja_fd,0.0446566067759592,21.0,5.1,21.983688,554.3860526209246,25.921125,558.3234896784197
2021-05-10 15:00:00,12.004985779679998,0.3412150764470304,-0.7071067811865479,-0.7071067811865471,-0.4999999999999998,0.8660254037844387,380.23001422032,392.235,461.352,mixto,0.0306066153700715,21.0,4.1,10.250797,390.48081149204853,11.817121,392.047134772383
2021-05-10 16:00:00,-3.3607123384325064,0.5025616131790162,-0.5000000000000004,-0.8660254037844385,-0.4999999999999998,0.8660254037844387,187.6217123384325,184.261,219.717,mixto,0.018238869529811,19.9,3.1,-2.8302884,184.79142392824573,-2.4557476,185.16596473406238
2021-05-10 17:00:00,-4.0845811721324985,1.0,-0.25881904510252063,-0.9659258262890683,-0.4999999999999998,0.8660254037844387,16.7595811721325,12.675,18.927,alta_fd,,17.0,3.6,-4.1712728,12.58830841746331,-3.8788114,12.880769812726982
2021-05-11 08:00:00,-7.534670483250011,0.8373969865587314,-0.4999999999999998,0.8660254037844387,-0.4999999999999998,0.8660254037844387,130.32767048325002,122.793,142.13,alta_fd,0.0613607492548436,4.0,1.5,-5.402713,124.92495766128957,-5.47422,124.85345068420827
2021-05-11 09:00:00,1.6802480324800513,0.5192149697974238,-0.7071067811865475,0.7071067811865476,-0.4999999999999998,0.8660254037844387,333.05175196752,334.732,377.912,mixto,0.0050196815138082,7.0,1.5,-0.5595427,332.4922092519705,-0.11366357,332.9380883984272
2021-05-11 10:00:00,-14.02398218729246,0.3946638949791107,-0.8660254037844387,0.49999999999999994,-0.4999999999999998,0.8660254037844387,469.4629821872925,455.439,553.641,mixto,0.0307922294473957,11.2,0.0,-11.388008,458.0749740696167,-12.162812,457.3001699543213
2021-05-11 11:00:00,-5.223367449120019,0.3342011444429846,-0.9659258262890682,0.258819045102521,-0.4999999999999998,0.8660254037844387,570.10236744912,564.879,698.792,mixto,0.0092468784449767,16.0,1.0,-4.8453193,565.2570481780324,-5.182127,564.9202404502187
2021-05-11 12:00:00,1.2412745800075982,0.2546708088084924,-1.0,1.2246467991473532e-16,-0.4999999999999998,0.8660254037844387,615.6507254199925,616.892,771.811,baja_fd,0.002012142449582,19.0,1.5,0.9430174,616.5937428431454,1.0641505,616.7148758726063
2021-05-11 13:00:00,14.641940737767412,0.1945687511960086,-0.9659258262890683,-0.2588190451025208,-0.4999999999999998,0.8660254037844387,603.5040592622325,618.146,758.493,baja_fd,0.0236868648147321,20.0,2.6,11.810239,615.3142981004283,13.445505,616.9495644044445
2021-05-11 14:00:00,12.598847945807506,0.2552014967223167,-0.8660254037844388,-0.4999999999999997,-0.4999999999999998,0.8660254037844387,518.4621520541925,531.061,644.469,baja_fd,0.0237239186191558,21.0,2.6,11.83379,530.295941879632,12.660758,531.1229100726862
2021-05-11 15:00:00,6.132840529280031,0.4562982091734996,-0.7071067811865479,-0.7071067811865471,-0.4999999999999998,0.8660254037844387,360.11215947072,366.245,435.472,mixto,0.0167451856797499,21.0,2.6,4.90458,365.01673958699195,6.3984175,366.51057694355933
2021-05-11 16:00:00,-3.604711098120021,0.5263374013608719,-0.5000000000000004,-0.8660254037844385,-0.4999999999999998,0.8660254037844387,179.25871109812002,175.654,210.092,mixto,0.020521656769103,20.4,3.1,-2.8302884,176.42842268793325,-3.0688753,176.18983578531484
2021-05-11 17:00:00,-4.204973302592499,1.0,-0.25881904510252063,-0.9659258262890683,-0.4999999999999998,0.8660254037844387,15.9219733025925,11.717,17.979,alta_fd,,17.0,2.1,-2.8918025,13.030170753230317,-2.9662397,12.95573361181186
2021-05-12 08:00:00,-9.564776793120032,0.7619484731790429,-0.4999999999999998,0.8660254037844387,-0.4999999999999998,0.8660254037844387,133.82277679312003,124.258,146.008,alta_fd,0.0769751387686912,4.0,0.0,-7.498074,126.32470273840201,-8.100973,125.72180366384757
2021-05-12 09:00:00,1.684916576467515,0.5242220713916592,-0.7071067811865475,0.7071067811865476,-0.4999999999999998,0.8660254037844387,329.3940834235325,331.079,375.097,mixto,0.005089167771038,8.0,1.5,-0.5595427,328.834540707983,-0.11366357,329.28041985443974
2021-05-12 10:00:00,-13.631786252769984,0.392714714860413,-0.8660254037844387,0.49999999999999994,-0.4999999999999998,0.8660254037844387,463.71578625277,450.084,551.162,mixto,0.0302872047279396,13.2,0.0,-11.883324,451.8324625833364,-12.624389,451.0913975580068
2021-05-12 11:00:00,-25.02247342793248,0.2999500165790643,-0.9659258262890682,0.258819045102521,-0.4999999999999998,0.8660254037844387,581.1114734279325,556.089,717.033,baja_fd,0.044997245814847,17.0,0.0,-21.492426,559.6190475093534,-22.810938,558.3005355464628
2021-05-12 12:00:00,9.043469872687524,0.2617976768713349,-1.0,1.2246467991473532e-16,-0.4999999999999998,0.8660254037844387,624.2025301273125,633.246,787.605,baja_fd,0.0142811322498484,20.0,2.1,7.5844893,631.787019472863,7.784139,631.986669283654
2021-05-12 13:00:00,-13.979934283569946,0.1681780992955436,-0.9659258262890683,-0.2588190451025208,-0.4999999999999998,0.8660254037844387,604.68593428357,590.706,771.698,baja_fd,0.0236664843146505,23.1,0.5,-13.129331,591.5566036484992,-15.27645,589.4094841264044
2021-05-12 14:00:00,10.235502753230094,0.2304683979459843,-0.8660254037844388,-0.4999999999999997,-0.4999999999999998,0.8660254037844387,519.7494972467699,529.985,655.438,baja_fd,0.0193128159348473,24.0,2.1,9.636536,529.3860328913012,9.986159,529.7356565714159
2021-05-12 15:00:00,5.264284311267545,0.4369837526835271,-0.7071067811865479,-0.7071067811865471,-0.4999999999999998,0.8660254037844387,358.20171568873246,363.466,442.793,mixto,0.014483567407316,26.0,2.1,3.7938693,361.99558494570573,4.758146,362.95986149790605
2021-05-12 16:00:00,-5.413113284812482,0.5953397892985097,-0.5000000000000004,-0.8660254037844385,-0.4999999999999998,0.8660254037844387,170.9041132848125,165.491,203.495,mixto,0.0327094119004204,24.5,1.0,-7.6024804,163.30163287328295,-7.748342,163.15577124761157
2021-05-12 17:00:00,-4.138582262592498,1.0,-0.25881904510252063,-0.9659258262890683,-0.4999999999999998,0.8660254037844387,15.674582262592498,11.536,17.979,alta_fd,,21.0,0.5,-4.683874,10.990708132343475,-4.8556952,10.818887014942351
2021-05-13 08:00:00,-8.24453107891999,0.7785633009139218,-0.4999999999999998,0.8660254037844387,-0.4999999999999998,0.8660254037844387,127.12053107892,118.876,141.268,alta_fd,0.0693540418496583,9.0,1.5,-5.195946,121.92458486233674,-5.2163186,121.90421247158967
2021-05-13 09:00:00,-2.777135143732494,0.5816854480823372,-0.7071067811865475,0.7071067811865476,-0.4999999999999998,0.8660254037844387,310.9761351437325,308.199,360.543,mixto,0.0090108505989068,13.0,0.5,-4.595557,306.3805779309029,-4.948021,306.0281142086739
2021-05-13 10:00:00,3.371929626999986,0.3821647285073545,-0.8660254037844387,0.49999999999999994,-0.4999999999999998,0.8660254037844387,481.759070373,485.131,581.26,mixto,0.0069505548542558,15.9,1.5,1.013338,482.77240834277995,0.9396664,482.698736763419
2021-05-13 11:00:00,14.197871536207572,0.2271127893131991,-0.9659258262890682,0.258819045102521,-0.4999999999999998,0.8660254037844387,579.6521284637925,593.85,725.259,baja_fd,0.023908178052046,20.0,2.6,10.566174,590.2183020172592,10.594181,590.2463095245835
2021-05-13 12:00:00,9.395473940749866,0.2337673988165419,-1.0,1.2246467991473532e-16,-0.4999999999999998,0.8660254037844387,596.8845260592501,606.28,760.21,baja_fd,0.0154969221164311,23.0,2.1,7.5756907,604.4602168055575,8.089595,604.9741209002535
2021-05-13 13:00:00,15.947452740750007,0.4797722046336252,-0.9659258262890683,-0.2588190451025208,-0.4999999999999998,0.8660254037844387,522.17754725925,538.125,660.69,mixto,0.0296352199595818,24.6,4.1,17.288204,539.4657514523652,15.585095,537.7626426648286
2021-05-13 14:00:00,7.357962653920026,0.5793277324685474,-0.8660254037844388,-0.4999999999999997,-0.4999999999999998,0.8660254037844387,397.82503734608,405.183,495.224,mixto,0.018159603571522,26.0,3.6,9.249064,407.07410179157563,4.5624866,402.3875239946396
2021-05-13 15:00:00,-0.1193356671699632,0.7640561265972436,-0.7071067811865479,-0.7071067811865471,-0.4999999999999998,0.8660254037844387,232.27033566717,232.151,281.082,alta_fd,0.0005140433044439,26.0,3.6,2.701201,234.97153662923665,-1.8403054,230.43003021959157
2021-05-13 16:00:00,-3.9580851627325018,0.9885540209463236,-0.5000000000000004,-0.8660254037844385,-0.4999999999999998,0.8660254037844387,73.8990851627325,69.941,86.343,alta_fd,0.0565917725330278,23.5,4.1,-2.8169072,71.08217799529781,-3.9734821,69.9256030307745
2021-05-13 17:00:00,-3.812865932192503,1.0,-0.25881904510252063,-0.9659258262890683,-0.4999999999999998,0.8660254037844387,13.211865932192502,9.399,15.131,alta_fd,,20.7,3.1,-3.6016757,9.610190183367429,-3.4649756,9.746890336718259
2021-05-14 08:00:00,-8.14045714949249,0.849260682174071,-0.4999999999999998,0.8660254037844387,-0.4999999999999998,0.8660254037844387,121.8204571494925,113.68,134.239,alta_fd,0.071608525241841,7.0,0.5,-6.5004,115.32005708311677,-6.969683,114.8507739791739
2021-05-14 09:00:00,-2.254692007732501,0.5136904215121113,-0.7071067811865475,0.7071067811865476,-0.4999999999999998,0.8660254037844387,321.5026920077325,319.248,373.343,mixto,0.0070625094213041,13.0,0.5,-4.186923,317.3157689806939,-4.4727335,317.02995851011286
2021-05-14 10:00:00,-6.422850517000086,0.3340596581849046,-0.8660254037844387,0.49999999999999994,-0.4999999999999998,0.8660254037844387,487.3438505170001,480.921,588.82,mixto,0.0133553130701301,16.0,0.5,-6.8073473,480.5365032193316,-6.888466,480.4553846356524
2021-05-14 11:00:00,-3.4072842346324705,0.2290138185602098,-0.9659258262890682,0.258819045102521,-0.4999999999999998,0.8660254037844387,585.5362842346325,582.129,733.427,baja_fd,0.0058531429195804,20.0,1.0,-5.5318933,580.0043909813061,-5.5666285,579.9696557785168
2021-05-14 12:00:00,3.404238384669952,0.1702152367539505,-1.0,1.2246467991473532e-16,-0.4999999999999998,0.8660254037844387,622.09076161533,625.495,792.326,baja_fd,0.0054424709784569,22.0,1.5,1.134887,623.2256485953868,1.6280308,623.7187923923076
2021-05-14 13:00:00,11.45192612168762,0.1693355076842035,-0.9659258262890683,-0.2588190451025208,-0.4999999999999998,0.8660254037844387,594.1480738783124,605.6,762.285,baja_fd,0.0189100497385859,24.6,2.1,9.380856,603.5289294386151,7.851242,601.9993159437421
2021-05-14 14:00:00,23.060815133507504,0.2268293783661126,-0.8660254037844388,-0.4999999999999997,-0.4999999999999998,0.8660254037844387,511.2111848664925,534.272,646.711,baja_fd,0.0431630613872849,25.0,4.6,20.72753,531.9387143922493,24.133615,535.3448003602668
2021-05-14 15:00:00,13.15332437826754,0.3514483597268942,-0.7071067811865479,-0.7071067811865471,-0.4999999999999998,0.8660254037844387,361.7126756217325,374.866,445.393,mixto,0.0350880698123263,25.0,5.1,11.254222,372.96689753793123,12.573898,374.2865739371622
2021-05-14 16:00:00,-3.2948766526799886,0.5208880543254643,-0.5000000000000004,-0.8660254037844385,-0.4999999999999998,0.8660254037844387,172.68087665267998,169.386,205.236,mixto,0.0194518829931634,24.0,4.6,-2.6851423,169.99573437400872,-3.0653594,169.61551729866082
2021-05-14 17:00:00,-4.56169574992,1.0,-0.25881904510252063,-0.9659258262890683,-0.4999999999999998,0.8660254037844387,14.85069574992,10.289,17.032,alta_fd,,21.0,3.6,-3.9502215,10.900474211376299,-3.8788114,10.971884390514482
2021-05-15 08:00:00,-7.730856445312497,0.8706366865773637,-0.4999999999999998,0.8660254037844387,-0.4999999999999998,0.8660254037844387,111.6578564453125,103.927,122.875,alta_fd,0.0743873723412827,7.0,0.5,-6.5004,105.15745637893677,-6.969683,104.6881732749939
2021-05-15 09:00:00,3.428664108507576,0.5281701693281623,-0.7071067811865475,0.7071067811865476,-0.4999999999999998,0.8660254037844387,315.93333589149245,319.362,365.039,mixto,0.0107359801996091,12.0,2.1,0.2215532,316.15488909793623,1.0536567,316.9869925887657
2021-05-15 10:00:00,3.8731812986075056,0.3500570819950999,-0.8660254037844387,0.49999999999999994,-0.4999999999999998,0.8660254037844387,478.5858187013925,482.459,577.899,mixto,0.00802800092569,16.2,1.5,1.013338,479.59915667117247,1.1174142,479.7032329374612
2021-05-15 11:00:00,-23.81765649299996,0.2473508901753391,-0.9659258262890682,0.258819045102521,-0.4999999999999998,0.8660254037844387,575.234656493,551.417,719.14,baja_fd,0.0431935477016485,20.0,0.0,-21.849354,553.3853027027168,-23.014456,552.2202006977119
2021-05-15 12:00:00,2.95864365110765,0.1985046660747435,-1.0,1.2246467991473532e-16,-0.4999999999999998,0.8660254037844387,612.8803563488924,615.839,775.401,baja_fd,0.0048042485959928,21.0,1.5,1.3461518,614.2265081776583,1.515893,614.3962493313753
2021-05-15 13:00:00,15.083728725070046,0.199726783585022,-0.9659258262890683,-0.2588190451025208,-0.4999999999999998,0.8660254037844387,587.10727127493,602.191,745.614,baja_fd,0.0250480806340015,22.8,2.6,11.542977,598.6502486079988,13.659861,600.7671318858919
2021-05-15 14:00:00,16.185800119230066,0.2365260245288223,-0.8660254037844388,-0.4999999999999997,-0.4999999999999998,0.8660254037844387,506.92719988077,523.113,637.738,baja_fd,0.0309413073642407,24.0,3.1,14.495188,521.4223876401694,16.76641,523.6936107084067
2021-05-15 15:00:00,8.870126899207435,0.361444607214237,-0.7071067811865479,-0.7071067811865471,-0.4999999999999998,0.8660254037844387,357.0318731007925,365.902,437.309,mixto,0.0242418103732896,24.0,3.1,6.5909443,363.6228173909536,9.783584,366.81545674184474
2021-05-15 16:00:00,-3.334301989919993,0.5263286852303548,-0.5000000000000004,-0.8660254037844385,-0.4999999999999998,0.8660254037844387,170.82630198991998,167.492,201.368,mixto,0.0199072313299739,22.1,5.1,-2.7153943,168.11090773142084,-3.2161684,167.6101335862945
2021-05-15 17:00:00,-4.242772494692499,1.0,-0.25881904510252063,-0.9659258262890683,-0.4999999999999998,0.8660254037844387,14.1337724946925,9.891,16.081,alta_fd,,19.0,2.6,-2.9902399,11.143532636065181,-3.3588798,10.774892690081295
2021-05-16 08:00:00,-6.762170081249977,0.9140962811993588,-0.4999999999999998,0.8660254037844387,-0.4999999999999998,0.8660254037844387,95.93117008124996,89.169,105.35,alta_fd,0.0758354369932373,7.0,0.5,-6.1512046,89.7799654952209,-6.659832,89.27133808051754
2021-05-16 09:00:00,-6.099292980732486,0.8989744305132408,-0.7071067811865475,0.7071067811865476,-0.4999999999999998,0.8660254037844387,183.1782929807325,177.079,205.943,alta_fd,0.0344439091068533,10.0,0.0,-6.6837106,176.49458240562873,-6.9511876,176.22710537010627
2021-05-16 10:00:00,-5.753418706129992,1.0,-0.8660254037844387,0.49999999999999994,-0.4999999999999998,0.8660254037844387,107.97041870613,102.217,120.894,alta_fd,0.0562863193610651,11.6,1.0,-6.064639,101.9057796146383,-5.8610935,102.10932518501184
2021-05-16 11:00:00,-8.580628399812468,0.9846153473782484,-0.9659258262890682,0.258819045102521,-0.4999999999999998,0.8660254037844387,181.83962839981243,173.259,207.695,alta_fd,0.04952486393095,14.0,0.5,-10.612435,171.22719305893108,-9.606456,172.23317259689495
2021-05-16 12:00:00,-8.074179673392507,0.9655614017252744,-1.0,1.2246467991473532e-16,-0.4999999999999998,0.8660254037844387,243.7561796733925,235.682,282.101,alta_fd,0.0342587879999003,15.0,1.5,-6.879609,236.8765705654213,-7.204699,236.55148063393327
2021-05-16 13:00:00,-6.948460769329984,0.8748335153709723,-0.9659258262890683,-0.2588190451025208,-0.4999999999999998,0.8660254037844387,288.26846076933,281.32,338.126,alta_fd,0.0246994908621142,16.6,1.5,-6.1444035,282.1240573116884,-6.8233957,281.44506504026504
2021-05-16 14:00:00,-2.905843591492527,0.90107148137217,-0.8660254037844388,-0.4999999999999997,-0.4999999999999998,0.8660254037844387,241.9038435914925,238.998,281.039,alta_fd,0.012158443131292,16.0,4.1,-2.1168933,239.7869503000191,-3.7235973,238.18024630336078
2021-05-16 15:00:00,-3.2689465659699977,0.9327674382554788,-0.7071067811865479,-0.7071067811865471,-0.4999999999999998,0.8660254037844387,160.43594656597,157.167,183.422,alta_fd,0.0207991917258075,15.0,4.6,-2.7035265,157.7324200690828,-3.9892733,156.44667325626236
2021-05-16 16:00:00,-3.865039999999994,1.0,-0.5000000000000004,-0.8660254037844385,-0.4999999999999998,0.8660254037844387,70.91904,67.054,80.0,alta_fd,0.0576407074894859,14.8,4.6,-3.0615482,67.85749176696777,-3.3345697,67.5844703073883
2021-05-16 17:00:00,-3.114743961120001,1.0,-0.25881904510252063,-0.9659258262890683,-0.4999999999999998,0.8660254037844387,9.31874396112,6.204,10.392,alta_fd,,14.0,1.5,-3.480683,5.838060872817387,-3.3119538,6.006790178084721
2021-05-17 08:00:00,-3.121434653249999,1.0,-0.4999999999999998,0.8660254037844387,-0.4999999999999998,0.8660254037844387,31.80143465325,28.68,35.03,alta_fd,,10.0,0.5,-3.4337487,28.367685931173583,-3.829997,27.971437590566893
2021-05-17 09:00:00,-4.53525192012998,0.9828986048379184,-0.7071067811865475,0.7071067811865476,-0.4999999999999998,0.8660254037844387,113.68525192013,109.15,127.094,alta_fd,0.0415506360066878,11.0,1.5,-4.416428,109.26882383098815,-4.980648,108.70460387935852
2021-05-17 10:00:00,-5.42418615325002,0.9105862052059708,-0.8660254037844387,0.49999999999999994,-0.4999999999999998,0.8660254037844387,223.32818615325,217.904,255.27,alta_fd,0.0248925497157005,12.7,1.5,-4.521171,218.80701506026293,-5.4657784,217.8624078024199
2021-05-17 11:00:00,-10.002216425569998,0.9145489923519288,-0.9659258262890682,0.258819045102521,-0.4999999999999998,0.8660254037844387,275.77621642557,265.774,320.698,alta_fd,0.0376342923896618,15.0,0.5,-10.392922,265.3832940241418,-9.751368,266.0248488566003
2021-05-17 12:00:00,-4.348837496369981,0.8320556650950484,-1.0,1.2246467991473532e-16,-0.4999999999999998,0.8660254037844387,303.01683749637,298.668,353.842,alta_fd,0.0145607748281368,15.0,2.6,-3.5001452,299.5166922994553,-5.492573,297.52426471194616
2021-05-17 13:00:00,-2.733073520092489,0.8277832389708581,-0.9659258262890683,-0.2588190451025208,-0.4999999999999998,0.8660254037844387,291.24107352009247,288.508,339.479,alta_fd,0.0094731290643326,15.0,3.6,-2.1555974,289.08547607174347,-4.7061687,286.53490486851166
2021-05-17 14:00:00,-2.846389470692486,0.9547563318987508,-0.8660254037844388,-0.4999999999999997,-0.4999999999999998,0.8660254037844387,195.31638947069249,192.47,224.431,alta_fd,0.0147887435480463,15.0,10.3,-2.8471668,192.46922269403538,-2.562269,192.75412049829563
2021-05-17 15:00:00,-4.2836195021300085,1.0,-0.7071067811865479,-0.7071067811865471,-0.4999999999999998,0.8660254037844387,106.99061950213,102.707,121.394,alta_fd,0.0417071816149825,15.0,4.1,-2.70643,104.2841895437865,-3.811733,103.17888649469897
2021-05-17 16:00:00,-2.962906023312499,1.0,-0.5000000000000004,-0.8660254037844385,-0.4999999999999998,0.8660254037844387,35.4779060233125,32.515,39.765,alta_fd,,14.4,4.6,-1.9640115,33.51389447336285,-2.3697705,33.10813549642651
2021-05-17 17:00:00,-3.3576395667325,1.0,-0.25881904510252063,-0.9659258262890683,-0.4999999999999998,0.8660254037844387,9.3196395667325,5.962,10.393,alta_fd,,14.0,2.1,-2.9294116,6.39022791702852,-2.93812,6.3815196784268355
2021-05-18 08:00:00,-3.088376784692503,1.0,-0.4999999999999998,0.8660254037844387,-0.4999999999999998,0.8660254037844387,30.943376784692504,27.855,34.081,alta_fd,,10.0,0.5,-3.40311,27.54026675737927,-3.829997,27.113379722009398
2021-05-18 09:00:00,-4.739570473832515,0.9850339426956742,-0.7071067811865475,0.7071067811865476,-0.4999999999999998,0.8660254037844387,111.92557047383252,107.186,125.587,alta_fd,0.0442181858995812,12.0,1.0,-5.0418873,106.88368319050733,-5.3700366,106.55553387181226
2021-05-18 10:00:00,-7.329149673592497,0.909103407326868,-0.8660254037844387,0.49999999999999994,-0.4999999999999998,0.8660254037844387,222.9061496735925,215.577,254.979,alta_fd,0.0339978275678411,12.9,0.5,-7.0594835,215.8466661454553,-7.441987,215.4641626359338
2021-05-18 11:00:00,-11.304272035812405,0.6174822538342414,-0.9659258262890682,0.258819045102521,-0.4999999999999998,0.8660254037844387,452.2472720358124,440.943,538.415,mixto,0.0256365834944934,14.0,0.5,-9.541231,442.7060408804169,-10.320951,441.9263205740204
2021-05-18 12:00:00,0.3406408177199864,0.3505072548652099,-1.0,1.2246467991473532e-16,-0.4999999999999998,0.8660254037844387,581.53835918228,581.879,712.604,mixto,0.0005854152112724,15.5,1.5,1.088895,582.6272541455445,0.32786453,581.8662237099824
2021-05-18 13:00:00,13.85315668210751,0.2267611158295555,-0.9659258262890683,-0.2588190451025208,-0.4999999999999998,0.8660254037844387,592.9388433178925,606.792,733.199,baja_fd,0.0228301570918988,17.0,2.6,10.683664,603.6225076397919,12.372667,605.3115106305146
2021-05-18 14:00:00,8.996128433067497,0.2532589389443919,-0.8660254037844388,-0.4999999999999997,-0.4999999999999998,0.8660254037844387,508.6248715669325,517.621,619.583,baja_fd,0.0173797593858585,17.0,2.1,8.653011,517.277882888954,9.568033,518.1929047853163
2021-05-18 15:00:00,6.710669515869995,0.3763002750941854,-0.7071067811865479,-0.7071067811865471,-0.4999999999999998,0.8660254037844387,355.94233048413,362.653,422.694,mixto,0.0185043816426997,17.0,2.6,4.0880713,360.030401830413,7.768469,363.71079934094155
2021-05-18 16:00:00,-3.951539097480008,0.6354543278100914,-0.5000000000000004,-0.8660254037844385,-0.4999999999999998,0.8660254037844387,159.50253909748,155.551,183.884,mixto,0.0254034953004481,17.1,4.6,-3.32845,156.17408913295668,-4.4008455,155.10169356983107
2021-05-18 17:00:00,-4.295229870812502,1.0,-0.25881904510252063,-0.9659258262890683,-0.4999999999999998,0.8660254037844387,12.714229870812504,8.419,14.185,alta_fd,,14.0,3.1,-3.860336,8.853893805520146,-3.4649756,9.249254275338261
2021-05-19 08:00:00,-7.9232715606325,0.8825572075972334,-0.4999999999999998,0.8660254037844387,-0.4999999999999998,0.8660254037844387,106.8992715606325,98.976,116.227,alta_fd,0.0800524527222003,4.0,0.5,-6.6082067,100.2910648116701,-6.993377,99.90589435192278
2021-05-19 09:00:00,-5.190268099992522,0.5290946123162416,-0.7071067811865475,0.7071067811865476,-0.4999999999999998,0.8660254037844387,312.1812680999925,306.991,356.061,mixto,0.0169069063913682,9.0,0.0,-5.616388,306.5648802559068,-6.201595,305.9796732704332
2021-05-19 10:00:00,-0.4036333329999593,0.3484909319596544,-0.8660254037844387,0.49999999999999994,-0.4999999999999998,0.8660254037844387,478.212633333,477.809,566.74,mixto,0.0008447587487886,12.0,1.0,-2.4810755,475.7315578077162,-2.2947772,475.9178561780775
2021-05-19 11:00:00,-3.2934531406924634,0.2394579415179766,-0.9659258262890682,0.258819045102521,-0.4999999999999998,0.8660254037844387,582.9544531406924,579.661,709.569,baja_fd,0.0056816883328229,14.0,1.0,-4.91864,578.0358130039737,-4.904392,578.0500613750979
2021-05-19 12:00:00,-4.792149619832344,0.2006471839581084,-1.0,1.2246467991473532e-16,-0.4999999999999998,0.8660254037844387,615.3191496198324,610.527,760.387,baja_fd,0.0078492017876889,16.0,1.0,-5.91012,609.4090296094564,-4.96424,610.3549095456747
2021-05-19 13:00:00,10.113874332407477,0.1997033072037322,-0.9659258262890683,-0.2588190451025208,-0.4999999999999998,0.8660254037844387,590.3611256675925,600.475,732.429,baja_fd,0.0168431230815728,17.8,2.1,7.8308563,598.1919819908347,8.2169895,598.5781151848045
2021-05-19 14:00:00,12.705899239067437,0.2424444326261962,-0.8660254037844388,-0.4999999999999997,-0.4999999999999998,0.8660254037844387,506.4541007609325,519.16,622.383,baja_fd,0.0244739564663445,19.0,2.6,10.979298,517.433398398872,12.279762,518.7338630289989
2021-05-19 15:00:00,7.203295236750023,0.3615212523354772,-0.7071067811865479,-0.7071067811865471,-0.4999999999999998,0.8660254037844387,357.00870476325,364.212,427.73,mixto,0.0197777537169286,19.0,2.6,4.322943,361.33164797385183,7.7755237,364.78422842581716
2021-05-19 16:00:00,-4.418018747519994,0.5394799939098346,-0.5000000000000004,-0.8660254037844385,-0.4999999999999998,0.8660254037844387,165.22401874752,160.806,191.888,mixto,0.0274742158098578,18.7,3.6,-3.0192547,162.20476406307176,-3.7426295,161.48138921947435
2021-05-19 17:00:00,-4.620637070812501,1.0,-0.25881904510252063,-0.9659258262890683,-0.4999999999999998,0.8660254037844387,12.616637070812502,7.996,14.185,alta_fd,,16.0,3.1,-3.822727,8.79391010586194,-3.4649756,9.151661475338258
2021-05-20 08:00:00,-7.680456617992505,0.8844569601102417,-0.4999999999999998,0.8660254037844387,-0.4999999999999998,0.8660254037844387,103.7074566179925,96.027,113.139,alta_fd,0.0799822614263957,5.0,1.0,-5.615549,98.09190753046809,-6.002465,97.70499184672175
2021-05-20 09:00:00,1.5966932662074669,0.5313562356540967,-0.7071067811865475,0.7071067811865476,-0.4999999999999998,0.8660254037844387,309.3963067337925,310.993,352.741,mixto,0.0051341775094856,9.0,1.5,-1.3134625,308.0828442379887,-0.11366357,309.2826431646998
2021-05-20 10:00:00,-5.64945643983242,0.3549551534851811,-0.8660254037844387,0.49999999999999994,-0.4999999999999998,0.8660254037844387,471.5454564398325,465.896,561.187,mixto,0.0121260033136846,13.2,0.5,-6.461862,465.08359435258274,-6.335391,465.2100653952158
2021-05-20 11:00:00,-22.427306742312567,0.2459891152045634,-0.9659258262890682,0.258819045102521,-0.4999999999999998,0.8660254037844387,571.0973067423125,548.67,703.405,baja_fd,0.040875766384735,17.0,0.0,-19.466282,551.6310248514434,-21.792845,549.3044619699737
2021-05-20 12:00:00,-7.210802625730025,0.7223189438190885,-1.0,1.2246467991473532e-16,-0.4999999999999998,0.8660254037844387,311.89380262573,304.683,370.966,alta_fd,0.0236665735394821,19.0,1.0,-7.861059,304.03274343688724,-8.187712,303.7060909100318
2021-05-20 13:00:00,-7.460452332999978,0.8212080811650176,-0.9659258262890683,-0.2588190451025208,-0.4999999999999998,0.8660254037844387,282.856452333,275.396,338.34,alta_fd,0.0270899081068714,21.4,1.0,-7.956942,274.8995102515486,-8.314245,274.54220710900097
2021-05-20 14:00:00,-4.224166034892534,0.8637996718715841,-0.8660254037844388,-0.4999999999999997,-0.4999999999999998,0.8660254037844387,235.10416603489253,230.88,280.999,alta_fd,0.0182959374345657,23.0,2.1,-3.4115202,231.6926457922015,-4.6216493,230.48251676960322
2021-05-20 15:00:00,-2.889311903250018,0.8623981031744421,-0.7071067811865479,-0.7071067811865471,-0.4999999999999998,0.8660254037844387,162.45331190325,159.564,191.97,alta_fd,0.0181075424484847,23.0,3.6,-0.844202,161.60910992122868,-3.4485886,159.00472329355458
2021-05-20 16:00:00,-4.113904265032517,1.0,-0.5000000000000004,-0.8660254037844385,-0.4999999999999998,0.8660254037844387,66.51890426503252,62.405,77.197,alta_fd,0.0659226706999842,22.1,2.1,-3.2907944,63.228109892473924,-3.6864743,62.83242994175981
2021-05-20 17:00:00,-4.74992530093,1.0,-0.25881904510252063,-0.9659258262890683,-0.4999999999999998,0.8660254037844387,12.51992530093,7.77,14.186,alta_fd,,18.0,4.1,-4.408331,8.111594383571601,-4.068772,8.451153461788154
2021-05-21 08:00:00,-7.654021821569998,0.90589154113501,-0.4999999999999998,0.8660254037844387,-0.4999999999999998,0.8660254037844387,101.53102182157,93.877,109.898,alta_fd,0.0815324501376268,3.0,0.5,-6.5042744,95.02674745328386,-7.0158296,94.51519225842912
2021-05-21 09:00:00,-5.108722512732527,0.53104476294665,-0.7071067811865475,0.7071067811865476,-0.4999999999999998,0.8660254037844387,310.8517225127325,305.743,351.593,mixto,0.0167092051583602,7.0,0.0,-5.616388,305.23533466864683,-6.201595,304.6501276831732
2021-05-21 10:00:00,7.596799635707498,0.3543192215838538,-0.8660254037844387,0.49999999999999994,-0.4999999999999998,0.8660254037844387,476.2082003642925,483.805,559.759,mixto,0.0157021933128171,10.2,2.1,3.2959225,479.504122882069,6.7864113,482.9946116496929
2021-05-21 11:00:00,-3.0915795821299525,0.2380355985699492,-0.9659258262890682,0.258819045102521,-0.4999999999999998,0.8660254037844387,582.26757958213,579.176,705.394,baja_fd,0.0053378931138893,13.0,1.0,-4.6184654,577.649114158546,-4.740867,577.5267124442211
2021-05-21 12:00:00,-4.40484513488002,0.1907696882623138,-1.0,1.2246467991473532e-16,-0.4999999999999998,0.8660254037844387,615.57884513488,611.174,760.744,baja_fd,0.0072071867174978,16.0,1.0,-5.91012,609.668725124504,-6.496545,609.0823002969283
2021-05-21 13:00:00,26.20870997018767,0.1939602144277473,-0.9659258262890683,-0.2588190451025208,-0.4999999999999998,0.8660254037844387,591.4622900298124,617.671,730.145,baja_fd,0.0424315047495959,16.7,4.6,20.92671,612.3890001585966,27.158342,618.6206323912626
2021-05-21 14:00:00,22.269261139467574,0.2432275638097493,-0.8660254037844388,-0.4999999999999997,-0.4999999999999998,0.8660254037844387,509.3267388605324,531.596,617.697,baja_fd,0.0418913256297405,16.0,5.1,18.828331,528.1550698541847,22.349009,531.675747420713
2021-05-21 15:00:00,10.991869497469963,0.3646859729830477,-0.7071067811865479,-0.7071067811865471,-0.4999999999999998,0.8660254037844387,355.75113050253003,366.743,422.454,mixto,0.029971586362848,17.0,4.6,8.534377,364.2855076006135,10.518745,366.2698759248933
2021-05-21 16:00:00,-4.6852874423125,0.544955513862076,-0.5000000000000004,-0.8660254037844385,-0.4999999999999998,0.8660254037844387,162.4422874423125,157.757,186.445,mixto,0.0296993949068028,15.9,3.6,-3.2541277,159.18815970145252,-3.7426295,158.69965791426685
2021-05-21 17:00:00,-4.486407406832501,1.0,-0.25881904510252063,-0.9659258262890683,-0.4999999999999998,0.8660254037844387,11.9114074068325,7.425,13.237,alta_fd,,13.0,4.6,-4.4961905,7.415216858889385,-4.065864,7.845543320681378
2021-05-22 08:00:00,-3.83104250688001,1.0,-0.4999999999999998,0.8660254037844387,-0.4999999999999998,0.8660254037844387,41.84104250688001,38.01,45.456,alta_fd,,6.0,0.0,-4.173339,37.667703616804324,-3.8117673,38.02927516717359
2021-05-22 09:00:00,-3.5773283866324874,0.962587957615671,-0.7071067811865475,0.7071067811865476,-0.4999999999999998,0.8660254037844387,128.6763283866325,125.099,143.027,alta_fd,0.0285959790776304,9.0,4.1,-2.6421065,126.03422185358195,-3.996954,124.67937442239909
2021-05-22 10:00:00,-3.3495913617299777,0.954424191780995,-0.8660254037844387,0.49999999999999994,-0.4999999999999998,0.8660254037844387,206.62359136173,203.274,233.066,alta_fd,0.016478208534933,10.0,4.6,-3.7766378,202.84695356914273,-4.5443645,202.07922690936795
2021-05-22 11:00:00,-3.014375778332493,0.9138558698158246,-0.9659258262890682,0.258819045102521,-0.4999999999999998,0.8660254037844387,254.4203757783325,251.406,288.937,alta_fd,0.011990070954283,10.0,5.1,-2.6432147,251.7771610757263,-4.263057,250.15731854642942
2021-05-22 12:00:00,-4.562974917332525,0.97384446763766,-1.0,1.2246467991473532e-16,-0.4999999999999998,0.8660254037844387,236.3419749173325,231.779,269.887,alta_fd,0.0196867486585606,12.0,5.1,-3.9552686,232.3867062958878,-4.970976,231.370999041478
2021-05-22 13:00:00,-5.646249085320022,0.982324132587701,-0.9659258262890683,-0.2588190451025208,-0.4999999999999998,0.8660254037844387,204.54824908532,198.902,233.548,alta_fd,0.0283870905537401,13.1,3.6,-5.3463407,199.2019084290395,-5.790422,198.75782712258197
2021-05-22 14:00:00,-5.21018647887999,0.9937771700874246,-0.8660254037844388,-0.4999999999999997,-0.4999999999999998,0.8660254037844387,152.13718647887998,146.927,172.344,alta_fd,0.0354610553463964,13.0,3.6,-4.0287213,148.10846514632993,-4.8110905,147.32609600951963
2021-05-22 15:00:00,-4.283108312932512,1.0,-0.7071067811865479,-0.7071067811865471,-0.4999999999999998,0.8660254037844387,89.3951083129325,85.112,100.783,alta_fd,0.0503232013456682,14.0,3.1,-2.8260477,86.56906065401222,-4.0160027,85.37910565790321
2021-05-22 16:00:00,-2.8588376711699937,1.0,-0.5000000000000004,-0.8660254037844385,-0.4999999999999998,0.8660254037844387,33.21583767116999,30.357,36.918,alta_fd,,12.3,6.7,-0.63797754,32.57786013067698,-1.2138684,32.0019692915771
2021-05-23 08:00:00,-2.4244635248124986,1.0,-0.4999999999999998,0.8660254037844387,-0.4999999999999998,0.8660254037844387,20.711463524812498,18.287,22.695,alta_fd,,9.0,1.5,-2.1518848,18.559578730577268,-2.7163708,17.995092703813352
2021-05-23 09:00:00,-3.8964165108125,1.0,-0.7071067811865475,0.7071067811865476,-0.4999999999999998,0.8660254037844387,62.0164165108125,58.12,68.585,alta_fd,0.0670408897249225,10.0,1.0,-3.4564202,58.559996327630735,-3.4939837,58.52243276523755
2021-05-23 10:00:00,-5.300980024319998,1.0,-0.8660254037844387,0.49999999999999994,-0.4999999999999998,0.8660254037844387,102.41098002432,97.11,114.048,alta_fd,0.0545873753920296,10.4,1.5,-4.7855477,97.62543229101311,-5.288737,97.12224320409905
2021-05-23 11:00:00,-7.130672638530001,1.0,-0.9659258262890682,0.258819045102521,-0.4999999999999998,0.8660254037844387,128.79667263853,121.666,144.854,alta_fd,0.058608589404846,12.0,0.5,-10.28195,118.51472264158176,-8.4806795,120.31599312650607
2021-05-23 12:00:00,-7.788003882132529,1.0,-1.0,1.2246467991473532e-16,-0.4999999999999998,0.8660254037844387,140.10800388213252,132.32,157.823,alta_fd,0.0588573449375191,12.0,0.5,-10.64238,129.46562412139033,-8.819165,131.28883865233516
2021-05-23 13:00:00,-6.458824679632471,1.0,-0.9659258262890683,-0.2588190451025208,-0.4999999999999998,0.8660254037844387,133.95882467963247,127.5,150.827,alta_fd,0.0506574484677056,12.1,2.1,-6.6448803,127.31394438483267,-6.345034,127.61379055716543
2021-05-23 14:00:00,-5.390252120812519,1.0,-0.8660254037844388,-0.4999999999999997,-0.4999999999999998,0.8660254037844387,111.35325212081251,105.963,124.935,alta_fd,0.0508691913291669,12.0,2.6,-4.4305215,106.92273063262282,-5.1574917,106.19576043685255
2021-05-23 15:00:00,-4.214710752312513,1.0,-0.7071067811865479,-0.7071067811865471,-0.4999999999999998,0.8660254037844387,75.5527107523125,71.338,84.355,alta_fd,0.059080865069283,12.0,2.1,-3.423362,72.12934873563465,-3.942752,71.60995886785206
2021-05-23 16:00:00,-2.8909370471699987,1.0,-0.5000000000000004,-0.8660254037844385,-0.4999999999999998,0.8660254037844387,33.25393704717,30.363,36.918,alta_fd,,12.0,4.1,-1.9529587,31.30097834412892,-2.3915522,30.862384837315872
2021-05-24 08:00:00,-2.3829153290325,1.0,-0.4999999999999998,0.8660254037844387,-0.4999999999999998,0.8660254037844387,19.6989153290325,17.316,21.747,alta_fd,,11.0,1.0,-2.8246949,16.874220457130033,-3.033166,16.66574939733084
2021-05-24 09:00:00,-3.767606216520001,1.0,-0.7071067811865475,0.7071067811865476,-0.4999999999999998,0.8660254037844387,61.80460621652,58.037,68.612,alta_fd,0.0649173151010562,11.0,2.1,-2.632643,59.17196323212974,-2.9220057,58.88260056313865
2021-05-24 10:00:00,-4.890129044492497,1.0,-0.8660254037844387,0.49999999999999994,-0.4999999999999998,0.8660254037844387,100.13012904449248,95.24,112.039,alta_fd,0.05134532806061,11.7,3.1,-3.8395848,96.29054421706938,-4.792786,95.33734292312407
2021-05-24 11:00:00,-5.87457537013249,1.0,-0.9659258262890682,0.258819045102521,-0.4999999999999998,0.8660254037844387,128.0385753701325,122.164,143.873,alta_fd,0.0480876147648447,11.8,3.1,-5.4792123,122.55936308604436,-5.6719055,122.36666985255437
2021-05-24 12:00:00,-6.162786347292496,1.0,-1.0,1.2246467991473532e-16,-0.4999999999999998,0.8660254037844387,139.2527863472925,133.09,156.841,alta_fd,0.0463054049687617,12.0,3.6,-5.60049,133.6522962540613,-5.600828,133.65195817651613
2021-05-24 13:00:00,-6.2252250398800015,1.0,-0.9659258262890683,-0.2588190451025208,-0.4999999999999998,0.8660254037844387,132.68922503988,126.464,149.844,alta_fd,0.0492252739109944,12.9,2.6,-6.094875,126.5943501810238,-6.1665635,126.52266152898522
2021-05-24 14:00:00,-5.3337479243924975,1.0,-0.8660254037844388,-0.4999999999999997,-0.4999999999999998,0.8660254037844387,110.2317479243925,104.898,123.949,alta_fd,0.0508469935021878,12.6,2.7,-4.489638,105.7421100726774,-5.18012,105.05162793309
2021-05-24 15:00:00,-4.108854873312495,1.0,-0.7071067811865479,-0.7071067811865471,-0.4999999999999998,0.8660254037844387,74.5888548733125,70.48,83.365,alta_fd,0.0582981678960342,12.3,2.8,-2.7600772,71.82877763522961,-4.0085554,70.58029946102002
2021-05-24 16:00:00,-2.879793516692505,1.0,-0.5000000000000004,-0.8660254037844385,-0.4999999999999998,0.8660254037844387,32.402793516692505,29.523,35.969,alta_fd,,12.0,2.8,-2.3007689,30.102024664458618,-2.955564,29.447229494628296
2021-05-25 08:00:00,-2.93183902877,1.0,-0.4999999999999998,0.8660254037844387,-0.4999999999999998,0.8660254037844387,26.85383902877,23.922,29.338,alta_fd,,8.0,0.5,-3.40311,23.450729001456768,-3.848921,23.004917968207867
2021-05-25 09:00:00,-4.420925326292505,0.9913341567801892,-0.7071067811865475,0.7071067811865476,-0.4999999999999998,0.8660254037844387,103.8159253262925,99.395,115.009,alta_fd,0.0444783472638714,9.0,1.5,-4.1229177,99.69300767416237,-4.8877354,98.92818995947121
2021-05-25 10:00:00,-6.93444824912001,0.91306403774991,-0.8660254037844387,0.49999999999999994,-0.4999999999999998,0.8660254037844387,212.33744824912,205.403,239.992,alta_fd,0.0337602091942182,10.3,0.5,-7.148904,205.18854440237928,-7.4774723,204.85997594382215
2021-05-25 11:00:00,-7.137206404812503,0.9829884953046952,-0.9659258262890682,0.258819045102521,-0.4999999999999998,0.8660254037844387,213.4182064048125,206.281,242.905,alta_fd,0.0345994367140575,12.0,1.5,-6.541692,206.87651462472218,-7.391393,206.02681322015064
2021-05-25 12:00:00,-8.870590060792466,0.9839887340186112,-1.0,1.2246467991473532e-16,-0.4999999999999998,0.8660254037844387,188.09359006079248,179.223,213.309,alta_fd,0.049494708049706,12.0,0.5,-10.672692,177.42089776190332,-9.60172,178.49187020453027
2021-05-25 13:00:00,-6.973466199249984,1.0,-0.9659258262890683,-0.2588190451025208,-0.4999999999999998,0.8660254037844387,132.93546619925,125.962,149.89,alta_fd,0.0553616662108412,12.5,1.0,-8.657265,124.27820148977733,-7.9174743,125.01799192938304
2021-05-25 14:00:00,-6.495179166992514,1.0,-0.8660254037844388,-0.4999999999999997,-0.4999999999999998,0.8660254037844387,110.09617916699251,103.601,123.989,alta_fd,0.0626941744480508,13.0,0.0,-8.2744055,101.82177368756136,-6.597983,103.49819628353914
2021-05-25 15:00:00,-4.494845851732478,1.0,-0.7071067811865479,-0.7071067811865471,-0.4999999999999998,0.8660254037844387,74.41284585173248,69.918,83.393,alta_fd,0.064287391683579,13.0,0.5,-5.219974,69.19287181074738,-5.007732,69.40511393721222
2021-05-25 16:00:00,-2.9645535006924923,1.0,-0.5000000000000004,-0.8660254037844385,-0.4999999999999998,0.8660254037844387,32.32855350069249,29.364,35.969,alta_fd,,12.6,0.5,-4.131057,28.197496715108997,-4.301402,28.027151408712513
2021-05-26 08:00:00,-2.3820712933199992,1.0,-0.4999999999999998,0.8660254037844387,-0.4999999999999998,0.8660254037844387,19.99907129332,17.617,21.748,alta_fd,,7.0,2.6,-1.8825694,18.116501861061394,-2.6857007,17.31337063833648
2021-05-26 09:00:00,-3.898861669832506,1.0,-0.7071067811865475,0.7071067811865476,-0.4999999999999998,0.8660254037844387,61.185861669832505,57.287,66.637,alta_fd,0.0680584019032678,6.0,0.5,-4.3721366,56.813725076967515,-4.217567,56.96829470282201
2021-05-26 10:00:00,-5.208947040129999,1.0,-0.8660254037844387,0.49999999999999994,-0.4999999999999998,0.8660254037844387,100.90194704013,95.693,111.094,alta_fd,0.0544339402059711,7.5,1.5,-4.7855477,96.11639930682311,-5.288737,95.61321021990905
2021-05-26 11:00:00,-7.009748470130006,1.0,-0.9659258262890682,0.258819045102521,-0.4999999999999998,0.8660254037844387,127.19674847013,120.187,141.906,alta_fd,0.0583236828453161,10.0,0.5,-10.117287,117.0794617880011,-8.404138,118.79261085874084
2021-05-26 12:00:00,-6.596821292292503,1.0,-1.0,1.2246467991473532e-16,-0.4999999999999998,0.8660254037844387,136.6388212922925,130.042,153.841,alta_fd,0.0507283899993271,12.0,2.1,-6.9013205,129.737500834834,-6.445667,130.19315450228396
2021-05-26 13:00:00,-5.881071262720013,1.0,-0.9659258262890683,-0.2588190451025208,-0.4999999999999998,0.8660254037844387,131.07607126272,125.195,147.872,alta_fd,0.0469752886514638,12.7,3.6,-5.4920173,125.58405399358548,-5.512755,125.56331634557523
2021-05-26 14:00:00,-5.437072499999999,1.0,-0.8660254037844388,-0.4999999999999997,-0.4999999999999998,0.8660254037844387,109.2310725,103.794,123.0,alta_fd,0.0523833025030348,13.0,2.1,-4.9434834,104.28758914733886,-5.191765,104.03930766845703
2021-05-26 15:00:00,-4.049028800000016,1.0,-0.7071067811865479,-0.7071067811865471,-0.4999999999999998,0.8660254037844387,73.81902880000001,69.77,82.4,alta_fd,0.0580339515551098,12.0,3.1,-2.6376104,71.18141836451417,-3.6579025,70.16112632082826
2021-05-26 16:00:00,-2.853550117000001,1.0,-0.5000000000000004,-0.8660254037844385,-0.4999999999999998,0.8660254037844387,31.575550117,28.722,35.02,alta_fd,,11.8,2.6,-2.3444211,29.231128968699828,-2.9388907,28.6366594214281
2021-05-27 08:00:00,-2.3213231999999984,1.0,-0.4999999999999998,0.8660254037844387,-0.4999999999999998,0.8660254037844387,18.9863232,16.665,20.8,alta_fd,,9.0,4.6,-1.5305803,17.455742917788697,-2.271803,16.71452029777832
2021-05-27 09:00:00,-3.618428360319996,1.0,-0.7071067811865475,0.7071067811865476,-0.4999999999999998,0.8660254037844387,59.38142836032,55.763,65.648,alta_fd,0.0648894134160643,10.0,3.1,-1.9836426,57.397785782195,-3.1627853,56.21864306864825
2021-05-27 10:00:00,-4.499889843232509,1.0,-0.8660254037844387,0.49999999999999994,-0.4999999999999998,0.8660254037844387,99.1838898432325,94.684,110.107,alta_fd,0.0475253458158982,9.7,6.2,-3.6127727,95.57111714006173,-3.3708827,95.81300709367501
2021-05-27 11:00:00,-5.583889011999972,1.0,-0.9659258262890682,0.258819045102521,-0.4999999999999998,0.8660254037844387,126.32788901199996,120.744,140.92,alta_fd,0.0462456851851849,10.0,4.1,-5.3844504,120.94343857636153,-5.324783,121.0031061636418
2021-05-27 12:00:00,-6.103780742929985,1.0,-1.0,1.2246467991473532e-16,-0.4999999999999998,0.8660254037844387,137.73678074293,131.633,153.886,alta_fd,0.0463696849796782,10.0,3.6,-5.60049,132.1362906496988,-5.600828,132.13595257215363
2021-05-27 13:00:00,-6.1809862033125,1.0,-0.9659258262890683,-0.2588190451025208,-0.4999999999999998,0.8660254037844387,132.6399862033125,126.459,147.915,alta_fd,0.0488773926989182,9.7,2.6,-6.094875,126.5451113444563,-6.1386046,126.50138156235181
2021-05-27 14:00:00,-5.613252953119982,1.0,-0.8660254037844388,-0.4999999999999997,-0.4999999999999998,0.8660254037844387,109.62225295311998,104.009,122.008,alta_fd,0.0539689157007564,10.0,1.5,-5.3748827,104.2473702550609,-5.4646506,104.15760232216905
2021-05-27 15:00:00,-4.305419792312506,1.0,-0.7071067811865479,-0.7071067811865471,-0.4999999999999998,0.8660254037844387,73.49641979231251,69.191,81.405,alta_fd,0.0622251418871313,10.0,1.0,-4.4112825,69.08513725294483,-4.1046767,69.39174306883228
2021-05-27 16:00:00,-2.9212035795925004,1.0,-0.5000000000000004,-0.8660254037844385,-0.4999999999999998,0.8660254037844387,31.7692035795925,28.848,35.021,alta_fd,,10.2,0.5,-3.9749687,27.794234907793793,-4.154447,27.614756500887665
2021-05-28 08:00:00,-3.590932352930004,1.0,-0.4999999999999998,0.8660254037844387,-0.4999999999999998,0.8660254037844387,36.68593235293,33.095,39.386,alta_fd,,3.0,1.0,-3.2643764,33.42155595102876,-3.1867182,33.49921412745088
2021-05-28 09:00:00,-4.172154209170003,0.7954136283650827,-0.7071067811865475,0.7071067811865476,-0.4999999999999998,0.8660254037844387,195.30115420917,191.129,214.818,alta_fd,0.0218289961710154,4.0,0.5,-5.9457064,189.35544784167732,-6.0767965,189.22435767749275
2021-05-28 10:00:00,-5.5816374973124425,0.570608798238141,-0.8660254037844387,0.49999999999999994,-0.4999999999999998,0.8660254037844387,377.48463749731246,371.903,431.845,mixto,0.0150083153330638,7.4,0.5,-6.1010575,371.383579967863,-6.638213,370.84642433965865
2021-05-28 11:00:00,-5.290150686930076,0.5918197499034313,-0.9659258262890682,0.258819045102521,-0.4999999999999998,0.8660254037844387,437.7661506869301,432.476,513.214,mixto,0.0122322410652384,11.0,1.0,-5.7605047,432.00564596433486,-6.467257,431.2988936640724
2021-05-28 12:00:00,-11.000089794530028,0.5699887163160817,-1.0,1.2246467991473532e-16,-0.4999999999999998,0.8660254037844387,448.20808979453005,437.208,533.254,mixto,0.0251598547934393,14.0,0.5,-9.915838,438.2922515529529,-9.904304,438.30378624380984
2021-05-28 13:00:00,-14.67629369731253,0.6831918126795792,-0.9659258262890683,-0.2588190451025208,-0.4999999999999998,0.8660254037844387,385.0342936973125,370.358,456.805,mixto,0.0396273165351161,15.7,0.0,-14.308816,370.72547774119676,-14.316468,370.7178254584819
2021-05-28 14:00:00,-3.5671114031924844,0.7449458387506979,-0.8660254037844388,-0.4999999999999997,-0.4999999999999998,0.8660254037844387,297.9991114031925,294.432,349.181,alta_fd,0.0121152300130165,16.0,1.5,-4.289479,293.7096326243534,-4.853003,293.14610837813757
2021-05-28 15:00:00,-4.264537101392506,0.821519004724214,-0.7071067811865479,-0.7071067811865471,-0.4999999999999998,0.8660254037844387,177.12953710139251,172.865,204.651,alta_fd,0.0246697544407052,17.0,1.0,-5.826212,171.30332517207123,-6.320706,170.808831210737
2021-05-28 16:00:00,-4.134728782732509,1.0,-0.5000000000000004,-0.8660254037844385,-0.4999999999999998,0.8660254037844387,60.117728782732506,55.983,68.007,alta_fd,0.0738568633823215,15.9,1.0,-4.6161923,55.501536441881676,-4.4263067,55.691422058184166
2021-05-29 08:00:00,-2.305213217032499,1.0,-0.4999999999999998,0.8660254037844387,-0.4999999999999998,0.8660254037844387,18.1922132170325,15.887,19.853,alta_fd,,8.0,0.5,-3.3246183,14.867594877493925,-3.7941217,14.398091474783964
2021-05-29 09:00:00,-3.843862959169989,1.0,-0.7071067811865475,0.7071067811865476,-0.4999999999999998,0.8660254037844387,58.73686295916999,54.893,64.682,alta_fd,0.0700246472076583,9.0,0.5,-4.3721366,54.364726366305,-4.217567,54.51929599215949
2021-05-29 10:00:00,-5.114246983880008,1.0,-0.8660254037844387,0.49999999999999994,-0.4999999999999998,0.8660254037844387,97.85024698388,92.736,109.156,alta_fd,0.0551484535011215,11.0,1.5,-4.8288226,93.02142437111755,-5.248187,92.60205991875549
2021-05-29 11:00:00,-6.51820655573249,1.0,-0.9659258262890682,0.258819045102521,-0.4999999999999998,0.8660254037844387,123.6292065557325,117.111,138.943,alta_fd,0.0556583630549862,12.0,1.0,-8.478368,115.15083875025154,-7.6391354,115.99007119501472
2021-05-29 12:00:00,-6.793531410119982,1.0,-1.0,1.2246467991473532e-16,-0.4999999999999998,0.8660254037844387,134.95353141011998,128.16,151.908,alta_fd,0.0530082038867039,12.0,1.5,-7.49096,127.4625712889652,-7.2333293,127.72020211400792
2021-05-29 13:00:00,-6.521925935432464,1.0,-0.9659258262890683,-0.2588190451025208,-0.4999999999999998,0.8660254037844387,129.18692593543247,122.665,145.933,alta_fd,0.0531685968730482,13.1,1.5,-7.198037,121.9888887879105,-7.060565,122.12636094062046
2021-05-29 14:00:00,-5.550860226892496,1.0,-0.8660254037844388,-0.4999999999999997,-0.4999999999999998,0.8660254037844387,107.5238602268925,101.973,121.049,alta_fd,0.0544346074636668,13.0,1.5,-5.4965086,102.02735162856486,-5.529939,101.9939210522404
2021-05-29 15:00:00,-4.186988577920005,1.0,-0.7071067811865479,-0.7071067811865471,-0.4999999999999998,0.8660254037844387,72.07298857792,67.886,80.432,alta_fd,0.0616767607153169,12.0,1.5,-3.7691097,68.30387885196785,-3.7267325,68.3462560854731
2021-05-29 16:00:00,-2.871985266719996,1.0,-0.5000000000000004,-0.8660254037844385,-0.4999999999999998,0.8660254037844387,30.73598526672,27.864,34.072,alta_fd,,11.7,1.0,-3.361543,27.37444232658023,-3.3145545,27.421430813823882
2021-05-30 08:00:00,-3.887294764812495,1.0,-0.4999999999999998,0.8660254037844387,-0.4999999999999998,0.8660254037844387,39.606294764812496,35.719,42.855,alta_fd,,5.0,0.5,-3.766597,35.8396977322655,-3.8859172,35.720377578075436
2021-05-30 09:00:00,-3.544679491079989,0.7191364552097322,-0.7071067811865475,0.7071067811865476,-0.4999999999999998,0.8660254037844387,221.79767949108,218.253,248.724,alta_fd,0.0162411489925911,8.0,0.5,-5.1246376,216.67304188732024,-5.4916997,216.30597979549285
2021-05-30 10:00:00,4.782848171607554,0.4909339816566579,-0.8660254037844387,0.49999999999999994,-0.4999999999999998,0.8660254037844387,407.36815182839246,412.151,477.549,mixto,0.0116046016426201,12.1,2.1,1.0903451,408.4584969726643,2.3572383,409.72539012108655
2021-05-30 11:00:00,-17.699534313492506,0.3376605943938457,-0.9659258262890682,0.258819045102521,-0.4999999999999998,0.8660254037844387,513.3275343134925,495.628,620.161,mixto,0.0357113284832424,15.0,0.0,-18.262787,495.0647474482581,-17.719168,495.6083666041419
2021-05-30 12:00:00,-4.178834965729948,0.3278627236313982,-1.0,1.2246467991473532e-16,-0.4999999999999998,0.8660254037844387,549.57683496573,545.398,670.266,mixto,0.0076619917303142,15.7,1.0,-5.967728,543.60910682776,-4.325105,545.2517297754529
2021-05-30 13:00:00,7.236924272907458,0.3249667571822674,-0.9659258262890683,-0.2588190451025208,-0.4999999999999998,0.8660254037844387,528.5490757270925,535.786,644.321,mixto,0.0135071171566772,16.4,2.1,5.384412,533.9334875389211,7.427498,535.976573590862
2021-05-30 14:00:00,5.996542652507571,0.3781123850270041,-0.8660254037844388,-0.4999999999999997,-0.4999999999999998,0.8660254037844387,434.2724573474924,440.269,524.689,mixto,0.0136201791461755,18.0,2.1,3.4682446,437.7407019001047,8.486854,442.7593109470407
2021-05-30 15:00:00,0.6424022960075035,0.5009542891769309,-0.7071067811865479,-0.7071067811865471,-0.4999999999999998,0.8660254037844387,286.3665977039925,287.009,337.789,mixto,0.0022382653366532,18.0,1.5,-2.550427,283.81617074400106,-1.098389,285.26820867448964
2021-05-30 16:00:00,-5.560702973832505,0.7579376857617866,-0.5000000000000004,-0.8660254037844385,-0.4999999999999998,0.8660254037844387,114.06170297383252,108.501,131.213,alta_fd,0.0512502463003336,18.2,1.5,-5.2033663,108.85833669423047,-5.5296097,108.53209329365674
2021-05-30 17:00:00,-3.596671977312498,1.0,-0.25881904510252063,-0.9659258262890683,-0.4999999999999998,0.8660254037844387,9.285671977312498,5.689,10.395,alta_fd,,15.0,1.0,-4.0351586,5.250513343126707,-3.8535342,5.432137755663328
2021-05-31 08:00:00,-5.648277352479994,0.9662174681985312,-0.4999999999999998,0.8660254037844387,-0.4999999999999998,0.8660254037844387,60.58027735248,54.932,66.984,alta_fd,0.1028230785786061,10.0,1.5,-3.6772156,56.90306177630813,-4.32174,56.25853720202834
2021-05-31 09:00:00,-5.427264908679973,0.8714369966844686,-0.7071067811865475,0.7071067811865476,-0.4999999999999998,0.8660254037844387,172.27926490867998,166.852,194.164,alta_fd,0.0325274189621938,11.0,0.0,-6.7523966,165.52686832512285,-7.0174537,165.26181123817827
2021-05-31 10:00:00,-5.656797507329998,0.9160001044014032,-0.8660254037844387,0.49999999999999994,-0.4999999999999998,0.8660254037844387,201.62979750733,195.973,230.026,alta_fd,0.0288651880990238,13.0,1.0,-6.147482,195.48231558899505,-6.6713514,194.95844607452972
2021-05-31 11:00:00,-8.307998412680007,0.9590581917178608,-0.9659258262890682,0.258819045102521,-0.4999999999999998,0.8660254037844387,205.70299841268,197.395,235.764,alta_fd,0.0420881907478913,14.0,0.5,-10.57261,195.13038851125177,-9.645301,196.05769754750665
2021-05-31 12:00:00,-6.629115093119992,0.981014154141176,-1.0,1.2246467991473532e-16,-0.4999999999999998,0.8660254037844387,178.84111509311998,172.212,205.008,alta_fd,0.0384939208250295,15.0,2.1,-6.755644,172.0854712485155,-6.8425727,171.99854240406358
2021-05-31 13:00:00,-6.429531902079987,1.0,-0.9659258262890683,-0.2588190451025208,-0.4999999999999998,0.8660254037844387,126.45953190208,120.03,144.976,alta_fd,0.0535660410070814,16.9,1.5,-7.741045,118.71848690391106,-7.1657743,119.29375755668205
2021-05-31 14:00:00,-5.492783721479995,1.0,-0.8660254037844388,-0.4999999999999997,-0.4999999999999998,0.8660254037844387,105.02678372148,99.534,120.084,alta_fd,0.0551849993115919,17.0,1.5,-6.075679,98.95110489610158,-5.716171,99.31061293366872
2021-05-31 15:00:00,-4.259161955032496,1.0,-0.7071067811865479,-0.7071067811865471,-0.4999999999999998,0.8660254037844387,69.9741619550325,65.715,79.453,alta_fd,0.0648126296132161,16.5,1.0,-4.8074527,65.16670927635208,-4.501446,65.47271618476883
2021-05-31 16:00:00,-2.877326268632501,1.0,-0.5000000000000004,-0.8660254037844385,-0.4999999999999998,0.8660254037844387,29.3933262686325,26.516,33.123,alta_fd,,16.0,0.5,-4.4883184,24.90500782533416,-4.852833,24.540493474443046
2021-06-01 08:00:00,-7.415425644832496,0.9363183043109924,-0.4999999999999998,0.8660254037844387,-0.8660254037844387,0.49999999999999994,79.1534256448325,71.738,85.787,alta_fd,0.1033681681233446,4.1,0.5,-5.9844236,73.16900200744236,-6.2955036,72.85792202849949
2021-06-01 09:00:00,-4.616274709232528,0.5782464258447787,-0.7071067811865475,0.7071067811865476,-0.8660254037844387,0.49999999999999994,272.3472747092325,267.731,306.357,mixto,0.0172422121802575,7.0,0.0,-5.0481873,267.29908745337315,-5.8222456,266.52502911139317
2021-06-01 10:00:00,-2.2763747556924727,0.5858837302919787,-0.8660254037844387,0.49999999999999994,-0.8660254037844387,0.49999999999999994,347.29337475569247,345.017,402.169,mixto,0.0065978625855899,11.4,1.0,-2.7044802,344.58889458448886,-3.575224,343.718150832963
2021-06-01 11:00:00,-8.394875534879958,0.8506039297183857,-0.9659258262890682,0.258819045102521,-0.8660254037844387,0.49999999999999994,261.96287553488,253.568,302.744,alta_fd,0.0331069990490912,14.0,0.5,-9.11954,252.84333532034145,-9.215468,252.74740712820278
2021-06-01 12:00:00,-9.826427543679984,0.902660042960742,-1.0,1.2246467991473532e-16,-0.8660254037844387,0.49999999999999994,277.01242754368,267.186,327.664,alta_fd,0.0367774791481589,19.0,0.5,-9.88802,267.12440798191244,-9.739687,267.27274057773764
2021-06-01 13:00:00,-9.238350527880016,0.8994515709448829,-0.9659258262890683,-0.2588190451025208,-0.8660254037844387,0.49999999999999994,265.50735052788,256.269,314.956,alta_fd,0.0360494266878944,20.1,0.5,-9.377679,256.12967165672524,-9.53749,255.96986063682778
2021-06-01 14:00:00,-5.233084495812506,0.9017713281006792,-0.8660254037844388,-0.4999999999999997,-0.8660254037844387,0.49999999999999994,220.5770844958125,215.344,260.815,alta_fd,0.0243010462135583,21.0,1.5,-4.217769,216.35931534984692,-5.1394534,215.4376310847102
2021-06-01 15:00:00,-4.192958032992493,0.9495373207442204,-0.7071067811865479,-0.7071067811865471,-0.8660254037844387,0.49999999999999994,142.53595803299248,138.343,165.861,alta_fd,0.030308422059609,20.0,2.1,-2.7295997,139.8063583187133,-4.4977183,138.03823969879448
2021-06-01 16:00:00,-4.087306187432496,1.0,-0.5000000000000004,-0.8660254037844385,-0.8660254037844387,0.49999999999999994,59.651306187432496,55.564,68.333,alta_fd,0.0735603302035939,19.1,2.1,-3.3043277,56.34697846106836,-3.4116426,56.23966363601038
2021-06-02 08:00:00,-2.29440930717,1.0,-0.4999999999999998,0.8660254037844387,-0.8660254037844387,0.49999999999999994,17.40240930717,15.108,18.918,alta_fd,,7.0,0.0,-3.8427951,13.559614173579302,-3.6439645,13.758444778132525
2021-06-02 09:00:00,-3.689782345570002,1.0,-0.7071067811865475,0.7071067811865476,-0.8660254037844387,0.49999999999999994,57.94378234557,54.254,63.802,alta_fd,0.0680094065980388,9.0,1.5,-2.7472599,55.196522490299614,-3.051614,54.8921682994732
2021-06-02 10:00:00,-5.698009985992485,1.0,-0.8660254037844387,0.49999999999999994,-0.8660254037844387,0.49999999999999994,96.38200998599248,90.684,108.339,alta_fd,0.0628336860525835,13.0,0.0,-6.606676,89.77533388430791,-5.9540086,90.42800140673833
2021-06-02 11:00:00,-6.431449765832525,1.0,-0.9659258262890682,0.258819045102521,-0.8660254037844387,0.49999999999999994,121.92744976583252,115.496,139.187,alta_fd,0.055685476257468,16.0,1.0,-7.768874,114.15857559743652,-7.5893435,114.33810621801148
2021-06-02 12:00:00,-7.37484988229248,1.0,-1.0,1.2246467991473532e-16,-0.8660254037844387,0.49999999999999994,132.03184988229248,124.657,152.159,alta_fd,0.0591611372188684,18.0,0.5,-10.393828,121.63802149026367,-8.940781,123.09106924264404
2021-06-02 13:00:00,-6.4089260145925095,1.0,-0.9659258262890683,-0.2588190451025208,-0.8660254037844387,0.49999999999999994,126.02492601459252,119.616,146.171,alta_fd,0.0535791701326955,19.8,1.5,-6.1951685,119.8297575194143,-6.623401,119.40152484958398
2021-06-02 14:00:00,-6.297134339892494,1.0,-0.8660254037844388,-0.4999999999999997,-0.8660254037844387,0.49999999999999994,104.36213433989248,98.065,121.249,alta_fd,0.0642138820159332,21.0,0.0,-8.905963,95.45617139586172,-7.5958076,96.76632678755483
2021-06-02 15:00:00,-4.302145925832505,1.0,-0.7071067811865479,-0.7071067811865471,-0.8660254037844387,0.49999999999999994,69.9721459258325,65.67,80.563,alta_fd,0.0655115871148546,20.0,1.0,-4.117434,65.85471190102172,-4.352155,65.61999071724486
2021-06-02 16:00:00,-2.958582070130003,1.0,-0.5000000000000004,-0.8660254037844385,-0.8660254037844387,0.49999999999999994,29.89958207013,26.941,34.094,alta_fd,,19.0,0.5,-4.5157194,25.383862656372674,-4.7864504,25.113131684082635
2021-06-03 08:00:00,-3.589090166770003,1.0,-0.4999999999999998,0.8660254037844387,-0.8660254037844387,0.49999999999999994,32.41409016677,28.825,35.438,alta_fd,,8.0,0.0,-3.9863877,28.427702437125227,-3.70061,28.713480244360944
2021-06-03 09:00:00,-4.503785836679995,0.9613501974857288,-0.7071067811865475,0.7071067811865476,-0.8660254037844387,0.49999999999999994,117.68378583668,113.18,131.636,alta_fd,0.0397931245509806,11.0,1.0,-4.5285134,113.15527240513093,-5.127974,112.55581180332429
2021-06-03 10:00:00,0.9944626954699628,0.6695392984382135,-0.8660254037844387,0.49999999999999994,-0.8660254037844387,0.49999999999999994,332.52353730453,333.518,389.246,mixto,0.0029817362045525,14.5,2.1,0.21438132,332.7379186267947,-1.90555,330.61798730147825
2021-06-03 11:00:00,16.84421926768755,0.3767886643913713,-0.9659258262890682,0.258819045102521,-0.8660254037844387,0.49999999999999994,506.36678073231246,523.211,613.795,mixto,0.0321939318318757,16.0,4.1,14.596878,520.9636587840703,14.150558,520.5173392039922
2021-06-03 12:00:00,20.60795656510743,0.2617493250993437,-1.0,1.2246467991473532e-16,-0.8660254037844387,0.49999999999999994,581.5380434348925,602.146,720.999,baja_fd,0.034224185770739,18.0,3.6,17.633297,599.1713404014453,19.631292,601.1693357780322
2021-06-03 13:00:00,12.04901009200006,0.3773073008681536,-0.9659258262890683,-0.2588190451025208,-0.8660254037844387,0.49999999999999994,503.40798990799993,515.457,616.04,mixto,0.0233753932762578,18.2,3.1,12.134423,515.5424131639204,12.312503,515.7204927690229
2021-06-03 14:00:00,-2.458789422719974,0.8386703629837954,-0.8660254037844388,-0.4999999999999997,-0.8660254037844387,0.49999999999999994,225.01778942272,222.559,262.928,alta_fd,0.0110478094470229,18.0,3.6,-2.6258876,222.39190179035,-3.6775649,221.34022456332974
2021-06-03 15:00:00,-4.188950884292495,0.9492098496195156,-0.7071067811865479,-0.7071067811865471,-0.8660254037844387,0.49999999999999994,141.3569508842925,137.168,163.791,alta_fd,0.0305388347449295,19.0,2.1,-3.0638947,138.29305613560476,-4.6262493,136.730701570938
2021-06-03 16:00:00,-5.807608960812502,0.5951039888773829,-0.5000000000000004,-0.8660254037844385,-0.8660254037844387,0.49999999999999994,139.1886089608125,133.381,160.185,mixto,0.0435415011194435,17.4,2.6,-3.8095143,135.3790946766786,-4.4542413,134.73436768502515
2021-06-03 17:00:00,-3.5969171275699985,1.0,-0.25881904510252063,-0.9659258262890683,-0.8660254037844387,0.49999999999999994,9.29191712757,5.695,10.402,alta_fd,,15.0,2.6,-3.4269927,5.8649244727695855,-3.3366191,5.955297988852349
2021-06-04 08:00:00,-2.212207659592499,1.0,-0.4999999999999998,0.8660254037844387,-0.8660254037844387,0.49999999999999994,16.8422076595925,14.63,17.971,alta_fd,,2.0,1.0,-3.1323836,13.709824074616304,-3.0374424,13.804765213837495
2021-06-04 09:00:00,-3.767562099720017,1.0,-0.7071067811865475,0.7071067811865476,-0.8660254037844387,0.49999999999999994,58.362562099720016,54.595,62.828,alta_fd,0.0690092883912449,3.0,0.5,-4.1011214,54.261440674091354,-3.9784276,54.384134451175704
2021-06-04 10:00:00,-5.632374718369988,1.0,-0.8660254037844387,0.49999999999999994,-0.8660254037844387,0.49999999999999994,97.15237471836998,91.52,106.342,alta_fd,0.0615425559262455,6.1,0.0,-6.4044228,90.74795195836022,-5.7536616,91.39871308583214
2021-06-04 11:00:00,-4.257326713312409,0.478234861575862,-0.9659258262890682,0.258819045102521,-0.8660254037844387,0.49999999999999994,528.3523267133124,524.095,625.765,mixto,0.0081231965832767,10.0,1.0,-3.6682487,524.6840780599006,-4.3370695,524.0152572018989
2021-06-04 12:00:00,23.51272841746993,0.2114802631233548,-1.0,1.2246467991473532e-16,-0.8660254037844387,0.49999999999999994,597.33027158253,620.843,725.546,baja_fd,0.0378722614533302,13.0,4.1,19.11311,616.4433811711531,23.95315,621.2834213780623
2021-06-04 13:00:00,29.96883032140749,0.2078611223424009,-0.9659258262890683,-0.2588190451025208,-0.8660254037844387,0.49999999999999994,578.0551696785925,608.024,700.421,baja_fd,0.049288893730194,13.2,6.2,26.107468,604.1626373299597,31.52957,609.584739304447
2021-06-04 14:00:00,25.44228627520755,0.2372211360163836,-0.8660254037844388,-0.4999999999999997,-0.8660254037844387,0.49999999999999994,498.9617137247925,524.404,593.341,baja_fd,0.0485165755318562,12.0,7.2,22.05071,521.0124244028931,24.336452,523.2981662089234
2021-06-04 15:00:00,12.466163616749952,0.3538922221485029,-0.7071067811865479,-0.7071067811865471,-0.8660254037844387,0.49999999999999994,347.8548363832501,360.321,403.87,mixto,0.0345973829356322,12.0,6.7,10.809485,358.6643218187359,12.103802,359.958638110545
2021-06-04 16:00:00,-5.324215077312516,0.5402401524106175,-0.5000000000000004,-0.8660254037844385,-0.8660254037844387,0.49999999999999994,153.8642150773125,148.54,173.445,mixto,0.0358436453299617,11.7,5.1,-3.1386354,150.7255796803551,-3.342353,150.52186197176746
2021-06-04 17:00:00,-3.6259545710325023,1.0,-0.25881904510252063,-0.9659258262890683,-0.8660254037844387,0.49999999999999994,9.435954571032502,5.81,10.403,alta_fd,,11.0,3.6,-4.4031625,5.032792091631867,-3.8192203,5.616734266543366
2021-06-05 08:00:00,-2.2269266995924983,1.0,-0.4999999999999998,0.8660254037844387,-0.8660254037844387,0.49999999999999994,16.5949266995925,14.368,17.971,alta_fd,,6.0,2.1,-2.2575004,14.337426289512543,-2.2325265,14.362400158836273
2021-06-05 09:00:00,-3.6814379665924974,1.0,-0.7071067811865475,0.7071067811865476,-0.8660254037844387,0.49999999999999994,56.590437966592496,52.909,61.829,alta_fd,0.0695805622217864,7.0,1.0,-2.7141168,53.87632115484018,-3.0436413,53.54679663778085
2021-06-05 10:00:00,-4.838754388792495,1.0,-0.8660254037844387,0.49999999999999994,-0.8660254037844387,0.49999999999999994,95.4157543887925,90.577,105.341,alta_fd,0.053421446821958,8.4,2.1,-4.063092,91.352662157042,-4.50288,90.91287429235695
2021-06-05 11:00:00,-5.605961416319985,1.0,-0.9659258262890682,0.258819045102521,-0.8660254037844387,0.49999999999999994,121.24096141632,115.635,135.152,alta_fd,0.0484797977802567,10.0,3.1,-4.7335205,116.5074409085075,-5.421596,115.81936536605755
2021-06-05 12:00:00,-6.200932543170012,1.0,-1.0,1.2246467991473532e-16,-0.8660254037844387,0.49999999999999994,132.66593254317002,126.465,148.118,alta_fd,0.0490327959765153,10.0,2.6,-5.6374707,127.02846182097153,-6.1001577,126.56577480543808
2021-06-05 13:00:00,-6.422212202369963,1.0,-0.9659258262890683,-0.2588190451025208,-0.8660254037844387,0.49999999999999994,128.20121220236996,121.779,143.158,alta_fd,0.0527366147067225,10.2,1.5,-6.3910213,121.81019095069149,-6.6187644,121.58244780188778
2021-06-05 14:00:00,-5.157203272592511,1.0,-0.8660254037844388,-0.4999999999999997,-0.8660254037844387,0.49999999999999994,105.86820327259252,100.711,118.229,alta_fd,0.0512079442423619,11.0,2.6,-3.9889338,101.87926947094152,-4.8344836,101.03371964908789
2021-06-05 15:00:00,-4.326899604679994,1.0,-0.7071067811865479,-0.7071067811865471,-0.8660254037844387,0.49999999999999994,70.41489960467999,66.088,78.564,alta_fd,0.0654717892004599,12.0,0.5,-4.6469316,65.7679679564256,-4.5669045,65.84799505984967
2021-06-05 16:00:00,-2.8656496248125016,1.0,-0.5000000000000004,-0.8660254037844385,-0.8660254037844387,0.49999999999999994,29.8916496248125,27.026,33.145,alta_fd,,11.8,1.0,-3.4411902,26.450459382045167,-3.2998264,26.591823241221803
2021-06-06 08:00:00,-2.2521064595924987,1.0,-0.4999999999999998,0.8660254037844387,-0.8660254037844387,0.49999999999999994,16.5331064595925,14.281,17.971,alta_fd,,7.0,1.0,-2.7940784,13.73902810952536,-2.9511852,13.58192123315207
2021-06-06 09:00:00,-3.8190041046925103,1.0,-0.7071067811865475,0.7071067811865476,-0.8660254037844387,0.49999999999999994,55.26500410469251,51.446,60.831,alta_fd,0.0742332563210455,9.0,0.0,-4.034118,51.230885929185916,-3.627497,51.63750714691358
2021-06-06 10:00:00,-5.289120005992501,1.0,-0.8660254037844387,0.49999999999999994,-0.8660254037844387,0.49999999999999994,93.94512000599252,88.656,104.339,alta_fd,0.0596589064021893,10.0,0.5,-6.163823,87.78129687824594,-5.91573,88.02939000645029
2021-06-06 11:00:00,-6.862468588992499,0.8656252265850471,-0.9659258262890682,0.258819045102521,-0.8660254037844387,0.49999999999999994,256.4724685889925,249.61,292.539,alta_fd,0.0274927630663535,11.0,1.0,-6.590536,249.8819324714388,-7.222435,249.25003359143392
2021-06-06 12:00:00,-6.730935847880005,0.9024166549793456,-1.0,1.2246467991473532e-16,-0.8660254037844387,0.49999999999999994,273.69993584788,266.969,315.556,alta_fd,0.0252124248428844,13.0,1.5,-5.354334,268.3456019703165,-6.360905,267.3390306774393
2021-06-06 13:00:00,-9.86737511919256,0.6109225295537681,-0.9659258262890683,-0.2588190451025208,-0.8660254037844387,0.49999999999999994,424.8973751191925,415.03,504.931,mixto,0.023775088835006,14.6,0.5,-8.173596,416.72377873705136,-9.413988,415.48338700578915
2021-06-06 14:00:00,-1.0199881081299509,0.3851686952770232,-0.8660254037844388,-0.4999999999999997,-0.8660254037844387,0.49999999999999994,446.01498810813,444.995,532.794,mixto,0.0022921338624702,15.0,1.0,-1.0099076,445.00508050486616,0.04627936,446.0612674677389
2021-06-06 15:00:00,0.094934150670042,0.4261479282222958,-0.7071067811865479,-0.7071067811865471,-0.8660254037844387,0.49999999999999994,314.75506584933,314.85,369.774,mixto,0.0003015218379229,16.0,1.0,-2.1566987,312.5983671455641,-0.7251197,314.0299461393614
2021-06-06 16:00:00,-6.45820578289252,0.6698002903266209,-0.5000000000000004,-0.8660254037844385,-0.8660254037844387,0.49999999999999994,129.54120578289252,123.083,147.449,mixto,0.0524703312633956,15.0,1.0,-5.843314,123.69789161205512,-6.641342,122.89986361980658
2021-06-06 17:00:00,-3.5998092910325017,1.0,-0.25881904510252063,-0.9659258262890683,-0.8660254037844387,0.49999999999999994,9.2928092910325,5.693,10.403,alta_fd,,15.0,1.5,-3.6422038,5.650605483201689,-3.3032396,5.989569707063383
2021-06-07 08:00:00,-2.1921334181324994,1.0,-0.4999999999999998,0.8660254037844387,-0.8660254037844387,0.49999999999999994,15.6041334181325,13.412,17.023,alta_fd,,8.0,0.0,-3.8427951,11.761338284541802,-3.6439645,11.960168889095025
2021-06-07 09:00:00,-3.7282393738925,1.0,-0.7071067811865475,0.7071067811865476,-0.8660254037844387,0.49999999999999994,55.2812393738925,51.553,60.849,alta_fd,0.0723185726125055,9.0,0.5,-3.6298335,51.65140591403837,-3.6511767,51.6300626828372
2021-06-07 10:00:00,-5.753055572480008,0.8113895176068298,-0.8660254037844387,0.49999999999999994,-0.8660254037844387,0.49999999999999994,213.90905557248,208.156,242.016,alta_fd,0.0276381923772555,10.5,0.5,-6.4137983,207.49525724026566,-7.149638,206.75941739651566
2021-06-07 11:00:00,-8.436148076432431,0.8942453073472861,-0.9659258262890682,0.258819045102521,-0.8660254037844387,0.49999999999999994,252.76414807643243,244.328,290.517,alta_fd,0.0345279627240121,13.0,0.5,-8.755227,244.0089209875042,-8.74561,244.01853783931085
2021-06-07 12:00:00,5.997407542187602,0.4525930099893925,-1.0,1.2246467991473532e-16,-0.8660254037844387,0.49999999999999994,561.5195924578125,567.517,677.825,mixto,0.0105678024485391,13.0,2.1,6.171883,567.6914755640441,4.4287133,565.9483057794982
2021-06-07 13:00:00,4.383487094029988,0.2073026465845955,-0.9659258262890683,-0.2588190451025208,-0.8660254037844387,0.49999999999999994,574.00351290597,578.387,698.222,baja_fd,0.0075788133101711,14.2,1.5,2.771194,576.7747068871406,3.273841,577.2773538102058
2021-06-07 14:00:00,0.6769393192299731,0.2390894027939062,-0.8660254037844388,-0.4999999999999997,-0.8660254037844387,0.49999999999999994,490.86006068077,491.537,590.762,baja_fd,0.0013771889384318,15.0,1.0,-0.38656402,490.47349666442784,0.3211604,491.18122108664426
2021-06-07 15:00:00,3.37306297096751,0.3507800704641224,-0.7071067811865479,-0.7071067811865471,-0.8660254037844387,0.49999999999999994,340.5899370290325,343.963,401.747,mixto,0.009806470378987,16.0,1.5,0.55108964,341.1410266734646,3.1080773,343.69801431670646
2021-06-07 16:00:00,-6.753206727680038,0.5330810169257765,-0.5000000000000004,-0.8660254037844385,-0.8660254037844387,0.49999999999999994,150.42420672768003,143.671,171.936,mixto,0.047004661536984,15.3,1.5,-5.419158,145.00504874580747,-4.5228257,145.901381009754
2021-06-07 17:00:00,-3.615381931032501,1.0,-0.25881904510252063,-0.9659258262890683,-0.8660254037844387,0.49999999999999994,9.3643819310325,5.749,10.403,alta_fd,,13.0,1.0,-3.722463,5.641919038500152,-3.481035,5.8833469369071345
2021-06-08 08:00:00,-7.313455144769989,0.9541438242170412,-0.4999999999999998,0.8660254037844387,-0.8660254037844387,0.49999999999999994,69.14645514476999,61.833,74.538,alta_fd,0.1182775402256075,3.0,0.0,-6.2581234,62.88833174694284,-6.350107,62.79634795177682
2021-06-08 09:00:00,-4.620141157892505,0.594403258854723,-0.7071067811865475,0.7071067811865476,-0.8660254037844387,0.49999999999999994,258.0041411578925,253.384,290.801,mixto,0.018233752556959,8.0,0.0,-5.161621,252.8425200641425,-5.778258,252.22588331106022
2021-06-08 10:00:00,-7.07284056739249,0.8080346787655353,-0.8660254037844387,0.49999999999999994,-0.8660254037844387,0.49999999999999994,214.77284056739248,207.7,242.149,alta_fd,0.0340531563186927,9.6,0.0,-7.225245,207.5475955684606,-8.35519,206.41765029029287
2021-06-08 11:00:00,-17.190800130812477,0.4661691508675238,-0.9659258262890682,0.258819045102521,-0.8660254037844387,0.49999999999999994,497.24880013081247,480.058,588.535,mixto,0.0358098399168693,11.0,0.0,-13.748415,483.50038513752634,-14.717955,482.53084549519235
2021-06-08 12:00:00,-4.802158149232525,0.8405402756627001,-1.0,1.2246467991473532e-16,-0.8660254037844387,0.49999999999999994,279.3631581492325,274.561,322.357,alta_fd,0.0174903141714683,13.0,2.1,-4.581035,274.782123012056,-5.2854977,274.07766048382723
2021-06-08 13:00:00,-7.391436578832497,1.0,-0.9659258262890683,-0.2588190451025208,-0.8660254037844387,0.49999999999999994,124.84243657883248,117.451,141.163,alta_fd,0.0629320872434674,13.5,0.0,-9.983952,114.85848501022896,-8.370066,116.47237088974556
2021-06-08 14:00:00,-5.400985444732498,1.0,-0.8660254037844388,-0.4999999999999997,-0.8660254037844387,0.49999999999999994,103.7999854447325,98.399,117.257,alta_fd,0.0548886212739204,14.0,1.5,-5.3619647,98.4380207421263,-5.3184814,98.48150399942
2021-06-08 15:00:00,-4.045361680892498,1.0,-0.7071067811865479,-0.7071067811865471,-0.8660254037844387,0.49999999999999994,70.1773616808925,66.132,78.601,alta_fd,0.0611710167678657,13.0,2.1,-2.923041,67.25432057562212,-3.3488784,66.82848329725603
2021-06-08 16:00:00,-2.831228944812505,1.0,-0.5000000000000004,-0.8660254037844385,-0.8660254037844387,0.49999999999999994,29.766228944812504,26.935,33.145,alta_fd,,12.9,3.1,-2.4987154,27.267513544116703,-2.708992,27.057236940417972
2021-06-09 08:00:00,-6.96846128192,0.9571578946795514,-0.4999999999999998,0.8660254037844387,-0.8660254037844387,0.49999999999999994,66.40346128192,59.435,72.368,alta_fd,0.117245079194414,6.0,1.0,-4.678836,61.72462541308455,-4.6959486,61.70751268115096
2021-06-09 09:00:00,-4.662773259170024,0.5937415206775315,-0.7071067811865475,0.7071067811865476,-0.8660254037844387,0.49999999999999994,257.72977325917003,253.067,289.318,mixto,0.018425054468461,7.0,0.0,-5.161621,252.56815216542003,-5.778258,251.95151541233776
2021-06-09 10:00:00,0.1938787974700062,0.4171845026737196,-0.8660254037844387,0.49999999999999994,-0.8660254037844387,0.49999999999999994,423.88312120253,424.077,493.946,mixto,0.0004571782894851,10.1,1.0,-1.6957769,422.1873442631379,-1.8633752,422.0197460156098
2021-06-09 11:00:00,-16.6835787392925,0.4292298467112226,-0.9659258262890682,0.258819045102521,-0.8660254037844387,0.49999999999999994,495.2705787392925,478.587,591.209,mixto,0.034860075052796,13.0,0.0,-13.829044,481.4415343972515,-14.820805,480.4497741433452
2021-06-09 12:00:00,-4.3412786774924825,0.3990593130812601,-1.0,1.2246467991473532e-16,-0.8660254037844387,0.49999999999999994,534.4562786774925,530.115,644.511,mixto,0.0081893149175037,13.8,1.0,-4.6798997,529.7763789849571,-4.1986985,530.2575801568321
2021-06-09 13:00:00,6.687669060187602,0.4600829803629703,-0.9659258262890683,-0.2588190451025208,-0.8660254037844387,0.49999999999999994,472.7683309398124,479.456,566.255,mixto,0.0139484521211281,14.6,2.6,4.0771832,476.84551418642496,7.046917,479.81524790148234
2021-06-09 14:00:00,6.559967027967502,0.3653849216548618,-0.8660254037844388,-0.4999999999999997,-0.8660254037844387,0.49999999999999994,445.8660329720325,452.426,532.603,mixto,0.0144995358975114,15.0,2.1,5.1657295,451.03176249473756,8.704248,454.5702814003772
2021-06-09 15:00:00,5.760728729187463,0.4248944894501842,-0.7071067811865479,-0.7071067811865471,-0.8660254037844387,0.49999999999999994,315.4492712708125,321.21,369.065,mixto,0.0179344625920346,15.0,3.1,3.2502544,318.6995256634364,4.3427143,319.7919855805049
2021-06-09 16:00:00,-5.3731410206925005,0.7326191050033566,-0.5000000000000004,-0.8660254037844385,-0.8660254037844387,0.49999999999999994,115.1001410206925,109.727,129.919,alta_fd,0.0489682668868418,13.4,3.1,-3.786914,111.31322691050879,-4.392801,110.70734021273962
2021-06-10 08:00:00,-4.348615987080002,0.9990919462348948,-0.4999999999999998,0.8660254037844387,-0.8660254037844387,0.49999999999999994,39.408615987080005,35.06,43.124,alta_fd,,8.0,0.0,-4.15782,35.25079576231804,-3.713912,35.69470397688713
2021-06-10 09:00:00,-4.780788529692501,0.681336679714895,-0.7071067811865475,0.7071067811865476,-0.8660254037844387,0.49999999999999994,220.2537885296925,215.473,248.919,mixto,0.022187413409998,10.0,0.0,-5.428617,214.82517152911268,-6.1292996,214.124488889037
2021-06-10 10:00:00,-0.3928336366925009,0.470568676945102,-0.8660254037844387,0.49999999999999994,-0.8660254037844387,0.49999999999999994,401.4988336366925,401.106,468.031,mixto,0.0009793761167683,11.0,1.0,-2.4117913,399.087042312077,-1.9175167,399.5813169283185
2021-06-10 11:00:00,-5.427788644032489,0.8526080384819723,-0.9659258262890682,0.258819045102521,-0.8660254037844387,0.49999999999999994,253.1717886440325,247.744,291.003,alta_fd,0.0219088601299425,13.0,1.5,-5.1300426,248.0417460910845,-5.8207808,247.35100788994313
2021-06-10 12:00:00,-6.595151109692495,0.9050069680675792,-1.0,1.2246467991473532e-16,-0.8660254037844387,0.49999999999999994,272.2201511096925,265.625,315.081,alta_fd,0.0248288041776658,14.0,1.5,-5.650055,266.57009617805187,-6.4379954,265.7821556758851
2021-06-10 13:00:00,-5.174974329119948,0.9015364620318588,-0.9659258262890683,-0.2588190451025208,-0.8660254037844387,0.49999999999999994,261.37097432912,256.196,302.408,alta_fd,0.0201992784005993,14.3,2.1,-4.229018,257.1419561177552,-5.3138413,256.05713298619395
2021-06-10 14:00:00,-3.172409759292435,0.9047279442285372,-0.8660254037844388,-0.4999999999999997,-0.8660254037844387,0.49999999999999994,219.39440975929244,216.222,251.959,alta_fd,0.0146720026606563,14.0,3.6,-2.660875,216.73353467727645,-3.936232,215.4581776692961
2021-06-10 15:00:00,-3.661170927292488,0.951217023383524,-0.7071067811865479,-0.7071067811865471,-0.8660254037844387,0.49999999999999994,140.17617092729247,136.515,159.159,alta_fd,0.0268188179122623,14.0,3.6,-2.153038,138.02313290239013,-4.0229607,136.15321026445068
2021-06-10 16:00:00,-5.1940813298325,0.7309719770412734,-0.5000000000000004,-0.8660254037844385,-0.8660254037844387,0.49999999999999994,115.2390813298325,110.045,130.387,alta_fd,0.0471996122480121,14.0,4.1,-3.3384416,111.9006397194962,-4.01313,111.22595114184422
2021-06-10 17:00:00,-3.621168251032501,1.0,-0.25881904510252063,-0.9659258262890683,-0.8660254037844387,0.49999999999999994,9.4001682510325,5.779,10.403,alta_fd,,12.0,1.5,-3.2715979,6.128570388788848,-3.05172,6.348448347086578
2021-06-11 08:00:00,-2.126511059080002,1.0,-0.4999999999999998,0.8660254037844387,-0.8660254037844387,0.49999999999999994,15.069511059080002,12.943,16.076,alta_fd,,2.0,1.0,-3.1323836,11.937127474103805,-3.0374424,12.032068613324997
2021-06-11 09:00:00,-3.674675321570007,1.0,-0.7071067811865475,0.7071067811865476,-0.8660254037844387,0.49999999999999994,55.659675321570006,51.985,59.898,alta_fd,0.0706872236523998,3.0,0.5,-3.390836,52.2688393211275,-3.5317407,52.127934656134215
2021-06-11 10:00:00,-4.746087231570002,1.0,-0.8660254037844387,0.49999999999999994,-0.8660254037844387,0.49999999999999994,93.98008723157,89.234,102.398,alta_fd,0.0531869828940762,5.0,2.1,-3.9708455,90.00924177067827,-4.50288,89.47720713513445
2021-06-11 11:00:00,-7.036374069812496,0.9577218857682162,-0.9659258262890682,0.258819045102521,-0.8660254037844387,0.49999999999999994,186.6303740698125,179.594,207.455,alta_fd,0.0391793382285181,7.0,1.0,-7.4951544,179.13521968901415,-7.9018416,178.72853242934008
2021-06-11 12:00:00,-7.611232082812478,0.8548580339325139,-1.0,1.2246467991473532e-16,-0.8660254037844387,0.49999999999999994,278.3222320828125,270.711,317.175,alta_fd,0.0281157104174284,10.0,1.0,-6.8148274,271.5074046406433,-7.745566,270.5766661915466
2021-06-11 13:00:00,-13.600389290532462,0.6531119299343943,-0.9659258262890683,-0.2588190451025208,-0.8660254037844387,0.49999999999999994,381.85538929053246,368.255,445.103,mixto,0.0369319881346688,11.7,0.0,-12.1043825,369.75100677557884,-12.589196,369.2661930853933
2021-06-11 14:00:00,8.484720361687437,0.3822228796109355,-0.8660254037844388,-0.4999999999999997,-0.8660254037844387,0.49999999999999994,446.8792796383125,455.364,529.235,mixto,0.0186328307940184,13.0,2.6,6.643352,453.52263167002025,10.25021,457.1294894466621
2021-06-11 15:00:00,-4.688271811080028,0.799795736785862,-0.7071067811865479,-0.7071067811865471,-0.8660254037844387,0.49999999999999994,154.92727181108003,150.239,176.276,alta_fd,0.0312054247637432,14.0,0.5,-6.074941,148.85233065278535,-6.9512553,147.97601648957735
2021-06-11 16:00:00,-4.1339356673125,1.0,-0.5000000000000004,-0.8660254037844385,-0.8660254037844387,0.49999999999999994,57.4369356673125,53.303,64.245,alta_fd,0.0775554033977918,13.1,1.0,-4.287879,53.14905667713916,-3.9630363,53.473899368560666
2021-06-12 08:00:00,-2.1600038590800037,1.0,-0.4999999999999998,0.8660254037844387,-0.8660254037844387,0.49999999999999994,14.793003859080002,12.633,16.076,alta_fd,,7.0,0.0,-3.8427951,10.950208725489304,-3.6439645,11.149039330042527
2021-06-12 09:00:00,-3.602097022129996,1.0,-0.7071067811865475,0.7071067811865476,-0.8660254037844387,0.49999999999999994,53.72009702213,50.118,58.894,alta_fd,0.0718723217632386,8.0,1.0,-2.4570115,51.263085560872064,-2.907941,50.81215591914843
2021-06-12 10:00:00,-5.409747534832491,1.0,-0.8660254037844387,0.49999999999999994,-0.8660254037844387,0.49999999999999994,91.4937475348325,86.084,101.387,alta_fd,0.0628426599000103,9.5,0.0,-6.4044228,85.08932477482273,-5.7536616,85.74008590229465
2021-06-12 11:00:00,-6.209985057812489,1.0,-0.9659258262890682,0.258819045102521,-0.8660254037844387,0.49999999999999994,118.2019850578125,111.992,132.225,alta_fd,0.0554502558916037,11.0,1.0,-7.46593,110.7360550727661,-7.189648,111.01233690641479
2021-06-12 12:00:00,-11.340544775392573,0.8400101330056968,-1.0,1.2246467991473532e-16,-0.8660254037844387,0.49999999999999994,276.5265447753925,265.186,318.949,alta_fd,0.0427644927537372,13.0,0.0,-10.503813,266.0227319854755,-11.339123,265.1874220031757
2021-06-12 13:00:00,-5.203792681249979,0.9014640733971888,-0.9659258262890683,-0.2588190451025208,-0.8660254037844387,0.49999999999999994,261.73479268125,256.531,301.35,alta_fd,0.0202852391377649,13.1,2.1,-4.631018,257.1037745194763,-5.2857213,256.4490713792175
2021-06-12 14:00:00,-8.59185826227997,0.9025427067314344,-0.8660254037844388,-0.4999999999999997,-0.8660254037844387,0.49999999999999994,217.36385826228,208.772,251.604,alta_fd,0.0411542652380586,16.0,0.0,-8.008923,209.3549356853757,-8.606139,208.75771907923556
2021-06-12 15:00:00,2.1929947951875306,0.4475368523923403,-0.7071067811865479,-0.7071067811865471,-0.8660254037844387,0.49999999999999994,326.5560052048125,328.749,384.345,mixto,0.0066707268925153,16.0,1.5,-0.802925,325.7530802141585,2.1304705,328.68647571911
2021-06-12 16:00:00,-7.135133624530027,0.5348328568561033,-0.5000000000000004,-0.8660254037844385,-0.8660254037844387,0.49999999999999994,148.29013362453003,141.155,169.854,mixto,0.0505482173818145,15.9,1.0,-5.841511,142.44862285182495,-6.2997675,141.99036613032837
2021-06-12 17:00:00,-3.61448288757,1.0,-0.25881904510252063,-0.9659258262890683,-0.8660254037844387,0.49999999999999994,9.36348288757,5.749,10.402,alta_fd,,13.0,1.0,-3.722463,5.6410199950376505,-3.481035,5.882447893444633
2021-06-13 08:00:00,-2.0571661260925005,1.0,-0.4999999999999998,0.8660254037844387,-0.8660254037844387,0.49999999999999994,13.9751661260925,11.918,15.129,alta_fd,,6.0,2.1,-2.2575004,11.717665716012544,-2.2325265,11.742639585336274
2021-06-13 09:00:00,-3.567870251520006,1.0,-0.7071067811865475,0.7071067811865476,-0.8660254037844387,0.49999999999999994,53.00787025152,49.44,57.888,alta_fd,,7.0,1.0,-2.4570115,50.55085879026207,-2.84693,50.16094022451195
2021-06-13 10:00:00,-4.981161372312499,1.0,-0.8660254037844387,0.49999999999999994,-0.8660254037844387,0.49999999999999994,91.9981613723125,87.017,101.405,alta_fd,0.0572435428975085,8.1,1.0,-5.0289516,86.96920972741503,-5.2139697,86.78419166482348
2021-06-13 11:00:00,-5.608619279880017,1.0,-0.9659258262890682,0.258819045102521,-0.8660254037844387,0.49999999999999994,118.67361927988,113.065,132.244,alta_fd,0.0496052649350375,10.0,2.6,-5.226689,113.44693041803308,-5.7655687,112.90805054666467
2021-06-13 12:00:00,-2.158360619732491,0.8412791734504546,-1.0,1.2246467991473532e-16,-0.8660254037844387,0.49999999999999994,274.89736061973247,272.739,316.993,alta_fd,0.007913648652127,13.0,4.1,-1.8744254,273.0229352085081,-4.316699,270.58066159171733
2021-06-13 13:00:00,-5.260901256479997,1.0,-0.9659258262890683,-0.2588190451025208,-0.8660254037844387,0.49999999999999994,124.16390125648,118.903,140.216,alta_fd,0.0442453197688872,13.2,5.7,-3.5481439,120.61575739280202,-4.9464746,119.21742670432546
2021-06-13 14:00:00,-6.098924796792488,1.0,-0.8660254037844388,-0.4999999999999997,-0.8660254037844387,0.49999999999999994,102.95692479679248,96.858,116.291,alta_fd,0.0629676928781565,14.0,0.0,-7.424785,95.53213965961596,-6.5998845,96.3570402867522
2021-06-13 15:00:00,-4.589903788792498,0.989583741050476,-0.7071067811865479,-0.7071067811865471,-0.8660254037844387,0.49999999999999994,105.7489037887925,101.159,119.491,alta_fd,0.0453731629295712,14.0,1.5,-4.758407,100.99049667285622,-5.1714706,100.57743314670266
2021-06-13 16:00:00,-3.991014870919997,1.0,-0.5000000000000004,-0.8660254037844385,-0.8660254037844387,0.49999999999999994,57.39101487092,53.4,64.268,alta_fd,0.0747381061970036,13.4,2.6,-3.5041087,53.886906203546346,-3.6985006,53.69251423768026
2021-06-14 08:00:00,-2.0731223660925,1.0,-0.4999999999999998,0.8660254037844387,-0.8660254037844387,0.49999999999999994,13.9231223660925,11.85,15.129,alta_fd,,7.0,1.5,-2.3465052,11.576617200992402,-2.6083891,11.314733226917085
2021-06-14 09:00:00,-3.5773345163925043,1.0,-0.7071067811865475,0.7071067811865476,-0.8660254037844387,0.49999999999999994,52.6213345163925,49.044,57.901,alta_fd,,9.0,1.0,-2.4570115,50.16432305513457,-2.84693,49.774404489384445
2021-06-14 10:00:00,-4.972393993970002,1.0,-0.8660254037844387,0.49999999999999994,-0.8660254037844387,0.49999999999999994,91.38539399397,86.413,101.422,alta_fd,0.0575421984420168,9.9,1.0,-5.0289516,86.35644234907254,-5.2139697,86.17142428648098
2021-06-14 11:00:00,-6.880443319330013,1.0,-0.9659258262890682,0.258819045102521,-0.8660254037844387,0.49999999999999994,117.77444331933002,110.894,131.226,alta_fd,0.0620452262460549,10.0,0.0,-9.535641,108.23880260277728,-7.7566266,110.01781671334247
2021-06-14 12:00:00,-7.616652209250006,1.0,-1.0,1.2246467991473532e-16,-0.8660254037844387,0.49999999999999994,129.10765220925,121.491,145.21,alta_fd,0.0626931394856409,12.0,0.0,-10.451916,118.65573646828321,-8.427098,120.68055393501905
2021-06-14 13:00:00,-7.329254043719999,1.0,-0.9659258262890683,-0.2588190451025208,-0.8660254037844387,0.49999999999999994,124.56025404372,117.231,140.228,alta_fd,0.0625197605046446,12.4,0.0,-9.683777,114.87647718825124,-8.083075,116.47717947401784
2021-06-14 14:00:00,-5.366044609392517,1.0,-0.8660254037844388,-0.4999999999999997,-0.8660254037844387,0.49999999999999994,103.76404460939251,98.398,116.299,alta_fd,0.0545340820889908,12.0,1.5,-4.951731,98.81231340440594,-5.095081,98.66896375688397
2021-06-14 15:00:00,-2.6704988578324844,0.7989155859964845,-0.7071067811865479,-0.7071067811865471,-0.8660254037844387,0.49999999999999994,155.2184988578325,152.548,175.213,alta_fd,0.0175059578482345,12.0,3.6,-2.1822789,153.03621998629623,-3.8205123,151.3979865630632
2021-06-14 16:00:00,-3.953079278720004,1.0,-0.5000000000000004,-0.8660254037844385,-0.8660254037844387,0.49999999999999994,57.90307927872001,53.95,64.272,alta_fd,0.0732730172144579,11.1,3.1,-3.341563,54.561516292346106,-3.3452563,54.55782295013724
2021-06-15 08:00:00,-3.307111345132501,1.0,-0.4999999999999998,0.8660254037844387,-0.8660254037844387,0.49999999999999994,26.0191113451325,22.712,28.423,alta_fd,,8.0,1.0,-2.795943,23.22316832335821,-2.9595642,23.059547136148126
2021-06-15 09:00:00,-3.5733863163324955,1.0,-0.7071067811865475,0.7071067811865476,-0.8660254037844387,0.49999999999999994,52.8313863163325,49.258,57.913,alta_fd,,8.0,1.0,-2.4570115,50.374374855074564,-2.84693,49.98445628932444
2021-06-15 10:00:00,-4.681299184130012,1.0,-0.8660254037844387,0.49999999999999994,-0.8660254037844387,0.49999999999999994,90.82629918413,86.145,100.406,alta_fd,0.0543420881552035,8.9,2.1,-3.8811784,86.94512080507116,-4.50288,86.32341908769445
2021-06-15 11:00:00,-6.880276308000006,1.0,-0.9659258262890682,0.258819045102521,-0.8660254037844387,0.49999999999999994,118.238276308,111.358,131.24,alta_fd,0.0617852000574723,9.0,0.0,-9.535641,108.70263559144726,-7.7566266,110.48164970201245
2021-06-15 12:00:00,-6.777959200832498,1.0,-1.0,1.2246467991473532e-16,-0.8660254037844387,0.49999999999999994,129.7019592008325,122.924,144.187,alta_fd,0.0551394292476041,9.0,1.0,-7.969598,121.73236138436522,-7.6202774,122.08168179604735
2021-06-15 13:00:00,-6.049891375569985,1.0,-0.9659258262890683,-0.2588190451025208,-0.8660254037844387,0.49999999999999994,125.48389137556998,119.434,139.202,alta_fd,0.0506546827165629,8.6,2.1,-5.862705,119.62118614485709,-5.9402766,119.54361475279777
2021-06-15 14:00:00,-5.079070226719992,1.0,-0.8660254037844388,-0.4999999999999997,-0.8660254037844387,0.49999999999999994,104.05007022672,98.971,115.272,alta_fd,0.0513187724355618,9.0,2.6,-3.945659,100.10441130452456,-4.8344836,99.21558660321536
2021-06-15 15:00:00,-4.007935173169983,1.0,-0.7071067811865479,-0.7071067811865471,-0.8660254037844387,0.49999999999999994,70.37593517316998,66.368,77.618,alta_fd,0.0603895728840703,9.0,2.1,-2.8014154,67.57451972974957,-3.28359,67.0923450948161
2021-06-15 16:00:00,-2.804270654279996,1.0,-0.5000000000000004,-0.8660254037844385,-0.8660254037844387,0.49999999999999994,29.36027065428,26.556,32.196,alta_fd,,8.9,1.5,-3.0254,26.334870730955416,-2.9224753,26.437795316297823
2021-06-16 08:00:00,-2.0893849260924995,1.0,-0.4999999999999998,0.8660254037844387,-0.8660254037844387,0.49999999999999994,14.2353849260925,12.146,15.129,alta_fd,,1.0,0.5,-3.7107952,10.524589761984224,-3.7538118,10.481573089849824
2021-06-16 09:00:00,-3.5509039790800045,1.0,-0.7071067811865475,0.7071067811865476,-0.8660254037844387,0.49999999999999994,54.03690397908,50.486,57.924,alta_fd,0.0703344289323773,2.0,1.0,-2.4751203,51.56178367306499,-2.9504976,51.0864063518217
2021-06-16 10:00:00,-7.335051400320026,0.8088793673993234,-0.8660254037844387,0.49999999999999994,-0.8660254037844387,0.49999999999999994,371.99905140032,364.664,421.552,alta_fd,0.0201145476392515,5.3,0.5,-5.442347,366.5567043506069,-7.466647,364.5324042521877
2021-06-16 11:00:00,-8.636482468769941,0.4314378733545556,-0.9659258262890682,0.258819045102521,-0.8660254037844387,0.49999999999999994,495.61748246876994,486.981,581.338,mixto,0.0177347421537389,9.0,0.5,-8.407826,487.2096560451249,-8.029295,487.58818750111857
2021-06-16 12:00:00,-4.638202807879964,0.4513811382737704,-1.0,1.2246467991473532e-16,-0.8660254037844387,0.49999999999999994,509.98720280788,505.349,607.556,mixto,0.0091782170497615,12.0,1.0,-4.301584,505.68561904094275,-3.4115365,506.5756663527256
2021-06-16 13:00:00,-3.80195043125002,0.4369178352061016,-0.9659258262890683,-0.2588190451025208,-0.8660254037844387,0.49999999999999994,476.18995043125,472.388,565.15,mixto,0.0080483636994377,12.4,1.0,-4.2065816,471.9833688386902,-2.5274944,473.662456000708
2021-06-16 14:00:00,-4.724637734280009,0.7267534517769668,-0.8660254037844388,-0.4999999999999997,-0.8660254037844387,0.49999999999999994,279.28063773428,274.556,323.596,alta_fd,0.0172082844093008,14.0,1.0,-4.8363595,274.444278233395,-5.7449584,273.5356793335537
2021-06-16 15:00:00,-4.1857867251925,1.0,-0.7071067811865479,-0.7071067811865471,-0.8660254037844387,0.49999999999999994,69.0417867251925,64.856,77.619,alta_fd,0.0645396991055954,14.0,1.0,-4.3101115,64.73167520251793,-4.3240356,64.71775108066124
2021-06-16 16:00:00,-2.823027422279999,1.0,-0.5000000000000004,-0.8660254037844385,-0.8660254037844387,0.49999999999999994,28.88402742228,26.061,32.196,alta_fd,,13.2,1.5,-3.483363,25.400664509148285,-3.1458752,25.738152206749604
2021-06-17 08:00:00,-3.245756604132499,1.0,-0.4999999999999998,0.8660254037844387,-0.8660254037844387,0.49999999999999994,25.0577566041325,21.812,27.473,alta_fd,,9.0,2.1,-2.2019813,22.85577529805645,-2.2172117,22.840544880804863
2021-06-17 09:00:00,-1.6866658980325155,0.72268925795362,-0.7071067811865475,0.7071067811865476,-0.8660254037844387,0.49999999999999994,226.9816658980325,225.295,257.803,alta_fd,0.007486477276604,11.0,1.5,-2.6622696,224.31939630574735,-2.6814013,224.30026464528592
2021-06-17 10:00:00,0.1466518042699363,0.446729940830666,-0.8660254037844387,0.49999999999999994,-0.8660254037844387,0.49999999999999994,395.0223481957301,395.169,463.966,mixto,0.0003711116111586,13.0,1.0,-2.4901416,392.5322065655574,-2.0644712,392.9578769509181
2021-06-17 11:00:00,8.010604740319934,0.3280880252436745,-0.9659258262890682,0.258819045102521,-0.8660254037844387,0.49999999999999994,501.71539525968007,509.726,604.936,mixto,0.015715511353786,15.0,2.1,5.5239716,507.23936681729725,6.0448895,507.7602847097533
2021-06-17 12:00:00,-2.672624200732457,0.2599776391316589,-1.0,1.2246467991473532e-16,-0.8660254037844387,0.49999999999999994,573.0746242007325,570.402,702.807,baja_fd,0.0046855098697628,16.0,1.0,-4.0363526,569.0382715663026,-3.557167,569.5174571475098
2021-06-17 13:00:00,5.17687776026753,0.198340587453658,-0.9659258262890683,-0.2588190451025208,-0.8660254037844387,0.49999999999999994,560.2681222397325,565.445,690.657,baja_fd,0.0091554046110011,17.6,1.5,2.8589535,563.1270757156847,3.347637,563.6157591778276
2021-06-17 14:00:00,-4.753359934132504,0.2300101816392127,-0.8660254037844388,-0.4999999999999997,-0.8660254037844387,0.49999999999999994,483.7873599341325,479.034,589.473,baja_fd,0.0099228028368184,18.0,0.5,-4.0855527,479.70180724171917,-4.9316454,478.8557145407609
2021-06-17 15:00:00,9.564337089967523,0.3536757356755906,-0.7071067811865479,-0.7071067811865471,-0.8660254037844387,0.49999999999999994,334.4736629100325,344.038,397.547,mixto,0.0278002345379508,18.0,4.1,8.092026,342.5656886668684,9.727468,344.20113044695876
2021-06-17 16:00:00,-5.641886979729975,0.5512788282604456,-0.5000000000000004,-0.8660254037844385,-0.8660254037844387,0.49999999999999994,145.33188697972997,139.69,167.134,mixto,0.0403886246669767,17.0,3.6,-3.1613288,142.17055818715795,-3.848444,141.48344299474462
2021-06-18 08:00:00,-7.417014382392502,0.9622142274644992,-0.4999999999999998,0.8660254037844387,-0.8660254037844387,0.49999999999999994,64.0430143823925,56.626,69.251,alta_fd,0.130982488298529,4.0,1.5,-4.3566413,59.68637308982048,-4.1656065,59.87740788367424
2021-06-18 09:00:00,-3.286323572000015,0.6455469411033268,-0.7071067811865475,0.7071067811865476,-0.8660254037844387,0.49999999999999994,250.222323572,246.936,281.72,mixto,0.0133084020636926,8.0,0.5,-4.0873976,246.13492599662158,-4.1977873,246.02453628714892
2021-06-18 10:00:00,4.601056500750019,0.3611632368613489,-0.8660254037844387,0.49999999999999994,-0.8660254037844387,0.49999999999999994,429.16294349925,433.764,505.49,mixto,0.010607280688923,12.4,1.5,1.3774158,430.54035927550274,1.9003057,431.06324924723583
2021-06-18 11:00:00,-0.5573948592500528,0.242118974589985,-0.9659258262890682,0.258819045102521,-0.8660254037844387,0.49999999999999994,537.95739485925,537.4,649.71,baja_fd,0.0010372066603089,14.0,1.0,-4.2773438,533.68005110925,-4.5353713,533.4220235556917
2021-06-18 12:00:00,4.612117132000094,0.2108188273358305,-1.0,1.2246467991473532e-16,-0.8660254037844387,0.49999999999999994,575.683882868,580.296,709.64,baja_fd,0.0079478699353435,17.0,1.5,2.0969234,577.7808062192878,2.2441313,577.9280141946754
2021-06-18 13:00:00,14.828971067467478,0.2079103690270493,-0.9659258262890683,-0.2588190451025208,-0.8660254037844387,0.49999999999999994,555.7770289325325,570.606,688.097,baja_fd,0.0259881092513353,18.7,2.6,11.834135,567.6111639880745,13.2349205,569.0119494342415
2021-06-18 14:00:00,17.07272657151998,0.241452825347004,-0.8660254037844388,-0.4999999999999997,-0.8660254037844387,0.49999999999999994,477.34027342848,494.413,583.616,baja_fd,0.0345313059557899,19.0,3.6,15.193556,492.53382926038915,18.018328,495.35860114149267
2021-06-18 15:00:00,7.199304476067539,0.3866394000565499,-0.7071067811865479,-0.7071067811865471,-0.8660254037844387,0.49999999999999994,322.4076955239325,329.607,382.633,mixto,0.021842086108813,18.1,3.3,6.6309347,329.0386302392035,9.070672,331.4783675591498
2021-06-18 16:00:00,-5.451704183312486,0.6715442083427966,-0.5000000000000004,-0.8660254037844385,-0.8660254037844387,0.49999999999999994,117.40370418331248,111.952,134.635,mixto,0.0486968002654038,17.3,3.1,-3.6442735,113.7594306637965,-4.6789136,112.72479059002025
2021-06-19 08:00:00,-3.180743825632497,1.0,-0.4999999999999998,0.8660254037844387,-0.8660254037844387,0.49999999999999994,24.102743825632498,20.922,26.523,alta_fd,,10.0,4.1,-1.8268621,22.275881728846,-2.3169549,21.785788974481985
2021-06-19 09:00:00,-4.451127660370005,0.9698172267500595,-0.7071067811865475,0.7071067811865476,-0.8660254037844387,0.49999999999999994,103.02412766037,98.573,115.458,alta_fd,0.0451556476963266,12.0,1.0,-4.278278,98.74584978637708,-4.9521723,98.07195538101209
2021-06-19 10:00:00,-8.017935482792495,0.6807067474973203,-0.8660254037844387,0.49999999999999994,-0.8660254037844387,0.49999999999999994,313.6919354827925,305.674,364.909,mixto,0.0262303482886751,13.7,0.0,-7.605241,306.0866946609541,-8.206436,305.4854993255659
2021-06-19 11:00:00,6.768859647869988,0.3954519107308029,-0.9659258262890682,0.258819045102521,-0.8660254037844387,0.49999999999999994,485.36314035213,492.132,583.606,mixto,0.013754154673685,15.0,2.1,4.391255,489.754395254016,5.781408,491.1445481852294
2021-06-19 12:00:00,6.59822656800759,0.3987163679064829,-1.0,1.2246467991473532e-16,-0.8660254037844387,0.49999999999999994,520.2367734319924,526.835,635.011,mixto,0.012524275281649,17.0,2.1,6.308131,526.544904649949,6.3500185,526.5867919332742
2021-06-19 13:00:00,23.547588225080062,0.2398884862986362,-0.9659258262890683,-0.2588190451025208,-0.8660254037844387,0.49999999999999994,542.0354117749199,565.583,669.732,baja_fd,0.0416341867154424,18.8,4.6,19.89253,561.9279422162041,24.554033,566.5894450543389
2021-06-19 14:00:00,21.704107729280054,0.2343132792880786,-0.8660254037844388,-0.4999999999999997,-0.8660254037844387,0.49999999999999994,478.02889227072,499.733,584.528,baja_fd,0.0434314078303415,19.0,5.1,18.507357,496.53624891439677,21.959387,499.98827909628153
2021-06-19 15:00:00,8.87785274242998,0.3524826538869896,-0.7071067811865479,-0.7071067811865471,-0.8660254037844387,0.49999999999999994,334.33914725757,343.217,399.098,mixto,0.0258665880257387,19.0,3.6,8.355546,342.69469325518963,10.084035,344.4231821773088
2021-06-19 16:00:00,-5.656542592519983,0.6593806111123378,-0.5000000000000004,-0.8660254037844385,-0.8660254037844387,0.49999999999999994,128.24154259251998,122.585,147.412,mixto,0.0461438397236202,17.5,2.6,-3.8095143,124.43202830838607,-4.9355736,123.30596901463912
2021-06-19 17:00:00,-3.5940229710325,1.0,-0.25881904510252063,-0.9659258262890683,-0.8660254037844387,0.49999999999999994,9.2570229710325,5.663,10.403,alta_fd,,16.0,1.0,-4.0615716,5.195451372979521,-3.8237774,5.433245533822417
2021-06-20 08:00:00,-2.035261979170002,1.0,-0.4999999999999998,0.8660254037844387,-0.8660254037844387,0.49999999999999994,13.004261979170002,10.969,14.182,alta_fd,,8.0,0.5,-3.3075283,9.696733721800006,-3.6415615,9.36270047099129
2021-06-20 09:00:00,-3.4734377312499944,1.0,-0.7071067811865475,0.7071067811865476,-0.8660254037844387,0.49999999999999994,51.05243773125,47.579,55.95,alta_fd,,8.0,1.5,-2.0369744,49.015463301165774,-2.5893886,48.46304912231751
2021-06-20 10:00:00,-5.314364338592512,1.0,-0.8660254037844387,0.49999999999999994,-0.8660254037844387,0.49999999999999994,90.0213643385925,84.707,99.429,alta_fd,0.0627381956460801,8.7,0.0,-6.4044228,83.61694157858274,-5.7536616,84.26770270605466
2021-06-20 11:00:00,-6.309490953032494,1.0,-0.9659258262890682,0.258819045102521,-0.8660254037844387,0.49999999999999994,117.4524909530325,111.143,130.253,alta_fd,0.0567691258381768,8.8,0.7,-7.5910125,109.86147847515774,-6.9696026,110.48288836819363
2021-06-20 12:00:00,-6.4669276509300175,1.0,-1.0,1.2246467991473532e-16,-0.8660254037844387,0.49999999999999994,128.81692765093,122.35,143.186,alta_fd,0.0528559677231713,9.0,1.5,-6.715793,122.10113451814803,-6.8194876,121.9974400792137
2021-06-20 13:00:00,-7.283589072519987,1.0,-0.9659258262890683,-0.2588190451025208,-0.8660254037844387,0.49999999999999994,124.20458907252,116.921,138.188,alta_fd,0.0622949604649292,9.4,0.0,-9.603146,114.60144347315476,-7.9734507,116.23113841181443
2021-06-20 14:00:00,-1.0858858005325374,0.6559483493949556,-0.8660254037844388,-0.4999999999999997,-0.8660254037844387,0.49999999999999994,402.8438858005325,401.758,469.697,mixto,0.0027028355391368,11.0,1.5,0.43422613,403.27811192601126,-3.1230466,399.7208391639511
2021-06-20 15:00:00,-5.221241224992411,0.3350437549720207,-0.7071067811865479,-0.7071067811865471,-0.8660254037844387,0.49999999999999994,342.79724122499243,337.576,401.061,mixto,0.0154668614622852,14.0,0.0,-5.5041385,337.2931027552964,-5.3678274,337.4294138095261
2021-06-20 16:00:00,-6.638254385279993,0.5290339837402093,-0.5000000000000004,-0.8660254037844385,-0.8660254037844387,0.49999999999999994,151.80625438528,145.168,172.304,mixto,0.0457280832227487,13.5,1.5,-5.4632397,146.3430147154802,-4.5359135,147.27034091787277
2021-06-20 17:00:00,-3.629954571032502,1.0,-0.25881904510252063,-0.9659258262890683,-0.8660254037844387,0.49999999999999994,9.435954571032502,5.806,10.403,alta_fd,,11.0,1.0,-3.6441128,5.791841745638825,-3.3340805,6.101874113345124
2021-06-21 08:00:00,-3.2356567856324965,1.0,-0.4999999999999998,0.8660254037844387,-0.8660254037844387,0.49999999999999994,24.832656785632494,21.597,26.523,alta_fd,,2.0,1.0,-3.1974235,21.63523332753313,-3.1149938,21.717662974978808
2021-06-21 09:00:00,-4.1018564973124825,0.9681853579017256,-0.7071067811865475,0.7071067811865476,-0.8660254037844387,0.49999999999999994,106.69785649731249,102.596,116.005,alta_fd,0.0399806668614028,4.0,2.1,-3.1744099,103.52344663097948,-4.161774,102.5360823388347
2021-06-21 10:00:00,-4.775518623312507,1.0,-0.8660254037844387,0.49999999999999994,-0.8660254037844387,0.49999999999999994,91.1555186233125,86.38,99.435,alta_fd,0.0552850037429093,5.4,1.5,-4.1591253,86.99639329524854,-4.765899,86.38961944194654
2021-06-21 11:00:00,-9.727670880032464,0.8536201227889244,-0.9659258262890682,0.258819045102521,-0.8660254037844387,0.49999999999999994,251.58767088003248,241.86,284.453,alta_fd,0.0402202550237015,9.0,0.0,-9.775268,241.8124032790193,-9.56,242.02767046041578
2021-06-21 12:00:00,-4.029433563132443,0.9061628966845902,-1.0,1.2246467991473532e-16,-0.8660254037844387,0.49999999999999994,270.12743356313246,266.098,308.727,alta_fd,0.0151426676004045,11.0,3.1,-2.9547596,267.17267396535414,-4.85956,265.2678735503151
2021-06-21 13:00:00,-6.0060480711325255,1.0,-0.9659258262890683,-0.2588190451025208,-0.8660254037844387,0.49999999999999994,123.92204807113252,117.916,139.223,alta_fd,0.0509349712603253,11.9,2.1,-5.862705,118.05934284041963,-5.9402766,117.9817714483603
2021-06-21 14:00:00,-5.178556995312505,1.0,-0.8660254037844388,-0.4999999999999997,-0.8660254037844387,0.49999999999999994,102.4665569953125,97.288,115.275,alta_fd,0.0532291443478384,13.0,2.1,-4.501898,97.96465918342285,-4.859238,97.6073188475769
2021-06-21 15:00:00,-3.9276425870324942,1.0,-0.7071067811865479,-0.7071067811865471,-0.8660254037844387,0.49999999999999994,69.2946425870325,65.367,77.603,alta_fd,0.0600860156811922,13.0,3.1,-2.3131943,66.98144831213015,-3.488469,65.80617370161075
2021-06-21 16:00:00,-2.843630824812504,1.0,-0.5000000000000004,-0.8660254037844385,-0.8660254037844387,0.49999999999999994,29.777630824812505,26.934,33.145,alta_fd,,12.8,2.1,-2.8207455,26.956885356672856,-2.6009483,27.17668249107227
2021-06-22 08:00:00,-2.0401923791700014,1.0,-0.4999999999999998,0.8660254037844387,-0.8660254037844387,0.49999999999999994,13.248192379170002,11.208,14.182,alta_fd,,3.0,0.5,-3.7107952,9.537397215061725,-3.7706997,9.477492639713825
2021-06-22 09:00:00,-3.560747077892508,1.0,-0.7071067811865475,0.7071067811865476,-0.8660254037844387,0.49999999999999994,51.707747077892506,48.147,55.951,alta_fd,,4.6,0.5,-3.3552916,48.35245547289678,-3.454464,48.25328311915227
2021-06-22 10:00:00,-4.906182608000009,1.0,-0.8660254037844387,0.49999999999999994,-0.8660254037844387,0.49999999999999994,90.852182608,85.946,99.44,alta_fd,0.0570844787191958,6.3,1.0,-4.9392858,85.91289685284254,-5.2139697,85.638212900511
2021-06-22 11:00:00,-3.5358877059325096,0.4846508289923094,-0.9659258262890682,0.258819045102521,-0.8660254037844387,0.49999999999999994,511.4108877059325,507.875,601.383,mixto,0.0069621219905144,9.0,1.0,-3.8612316,507.54965614045705,-4.0215263,507.3893613692626
2021-06-22 12:00:00,4.077821977867529,0.2091869599840727,-1.0,1.2246467991473532e-16,-0.8660254037844387,0.49999999999999994,585.0171780221325,589.095,705.823,baja_fd,0.0069221805954345,12.0,1.5,2.2490969,587.2662748925549,2.3486605,587.3658384911877
2021-06-22 13:00:00,20.391593843000123,0.2079050366867014,-0.9659258262890683,-0.2588190451025208,-0.8660254037844387,0.49999999999999994,564.5394061569999,584.931,688.42,baja_fd,0.0348615372462737,15.1,3.6,17.62729,582.1666968827079,21.187237,585.7266429428886
2021-06-22 14:00:00,15.08142509726747,0.2358614144508479,-0.8660254037844388,-0.4999999999999997,-0.8660254037844387,0.49999999999999994,483.4815749027325,498.563,586.407,baja_fd,0.0302497880854926,17.0,3.1,12.445345,495.9269198276593,15.295513,498.7770880558087
2021-06-22 15:00:00,-2.625927589250012,0.7506194247851253,-0.7071067811865479,-0.7071067811865471,-0.8660254037844387,0.49999999999999994,162.82092758925,160.195,188.49,alta_fd,0.01639206959799,18.0,2.6,-2.5879486,160.23297902853528,-4.388407,158.4325203588728
2021-06-22 16:00:00,-4.860080882832492,0.8621565615264277,-0.5000000000000004,-0.8660254037844385,-0.8660254037844387,0.49999999999999994,89.71108088283249,84.851,102.187,alta_fd,0.0572778268120881,16.6,2.6,-3.7172666,85.99381432323166,-4.646949,85.0641320684404
2021-06-23 08:00:00,-7.064462243932503,0.9737776492920543,-0.4999999999999998,0.8660254037844387,-0.8660254037844387,0.49999999999999994,59.886462243932506,52.822,63.767,alta_fd,0.1337409080294669,0.0,1.0,-4.6931605,55.19330171002748,-4.813239,55.07322314633729
2021-06-23 09:00:00,-0.2014987165300397,0.6448207471906165,-0.7071067811865475,0.7071067811865476,-0.8660254037844387,0.49999999999999994,253.15949871653004,252.958,278.446,mixto,0.0007965698516356,2.0,2.1,-0.7450887,252.41441002005024,-0.89638156,252.26311715954228
2021-06-23 10:00:00,-9.093721444592576,0.3644006147437854,-0.8660254037844387,0.49999999999999994,-0.8660254037844387,0.49999999999999994,432.48872144459256,423.395,501.429,mixto,0.0214781030588282,8.6,0.0,-8.864322,423.62439973591336,-9.712101,422.77662046192654
2021-06-23 11:00:00,4.89286536250745,0.2380606474054731,-0.9659258262890682,0.258819045102521,-0.8660254037844387,0.49999999999999994,542.1221346374925,547.015,649.311,baja_fd,0.0089446639717511,12.0,1.5,1.1770719,543.2992065664705,1.4597864,543.5819210525926
2021-06-23 12:00:00,-2.0860860193299686,0.2063861573340817,-1.0,1.2246467991473532e-16,-0.8660254037844387,0.49999999999999994,579.88808601933,577.802,708.726,baja_fd,0.0036103821366661,15.0,1.0,-4.0449767,575.8431093080568,-3.448075,576.4400109632539
2021-06-23 13:00:00,-1.2525891723125824,0.2010892118071043,-0.9659258262890683,-0.2588190451025208,-0.8660254037844387,0.49999999999999994,561.4125891723126,560.16,688.355,baja_fd,0.0022361274855623,16.4,1.0,-3.0786912,558.3338979281872,-2.2370598,559.1755293406933
2021-06-23 14:00:00,-12.897307196999977,0.2296029889504416,-0.8660254037844388,-0.4999999999999997,-0.8660254037844387,0.49999999999999994,486.809307197,473.912,590.78,baja_fd,0.0272145613468322,17.0,0.0,-9.951839,476.8574677499785,-13.178965,473.63034258213185
2021-06-23 15:00:00,8.233550230107483,0.3434927425622422,-0.7071067811865479,-0.7071067811865471,-0.8660254037844387,0.49999999999999994,342.6124497698925,350.846,405.999,mixto,0.0234677044347305,17.0,3.1,6.412963,349.0254126834057,8.980177,351.5926266955517
2021-06-23 16:00:00,-5.645173111292507,0.5208026808357485,-0.5000000000000004,-0.8660254037844385,-0.8660254037844387,0.49999999999999994,154.89717311129252,149.252,177.591,mixto,0.0378230985936034,15.9,3.1,-3.6442735,151.25289959177653,-3.8675675,151.02960557207743
2021-06-23 17:00:00,-3.9155784208925,1.0,-0.25881904510252063,-0.9659258262890683,-0.8660254037844387,0.49999999999999994,10.2165784208925,6.301,11.351,alta_fd,,13.0,2.1,-3.1236925,7.092885908380293,-2.825318,7.391260322824262
2021-06-24 08:00:00,-7.446033825920011,0.968408089022746,-0.4999999999999998,0.8660254037844387,-0.8660254037844387,0.49999999999999994,60.74403382592001,53.298,65.168,alta_fd,0.1397056892551317,2.0,0.5,-5.40423,55.33980370812216,-5.561641,55.18239260964194
2021-06-24 09:00:00,-2.102347348732508,0.6444434258793847,-0.7071067811865475,0.7071067811865476,-0.8660254037844387,0.49999999999999994,248.6693473487325,246.567,278.793,mixto,0.0085264749489287,7.0,1.0,-2.5173855,246.1519618659444,-2.7348542,245.9344931273885
2021-06-24 10:00:00,-3.192563019169995,0.3653279183074387,-0.8660254037844387,0.49999999999999994,-0.8660254037844387,0.49999999999999994,429.93756301917,426.745,504.282,mixto,0.0074811960753377,11.4,0.5,-5.1551805,424.78238256491585,-4.654175,425.2833882144825
2021-06-24 11:00:00,-7.622178302079988,0.2328627254601631,-0.9659258262890682,0.258819045102521,-0.8660254037844387,0.49999999999999994,539.22017830208,531.598,651.376,baja_fd,0.0143382373561977,14.0,0.5,-11.525064,527.6951138336962,-11.981922,527.2382561524217
2021-06-24 12:00:00,-10.39667475393253,0.1996267042202398,-1.0,1.2246467991473532e-16,-0.8660254037844387,0.49999999999999994,576.7686747539325,566.372,711.783,baja_fd,0.0183566185368142,17.2,0.5,-11.494141,565.2745341289325,-12.367898,564.4007767665668
2021-06-24 13:00:00,-9.015638101119976,0.1957126895071417,-0.9659258262890683,-0.2588190451025208,-0.8660254037844387,0.49999999999999994,555.36563810112,546.35,693.392,baja_fd,0.0165015797586162,20.5,0.5,-10.095775,545.2698634505463,-10.576118,544.7895196318817
2021-06-24 14:00:00,1.513187882720047,0.2231269394797719,-0.8660254037844388,-0.4999999999999997,-0.8660254037844387,0.49999999999999994,480.44781211728,481.961,595.896,baja_fd,0.0031396479854595,22.0,1.0,-0.08609499,480.36171712690737,0.2895273,480.7373394143
2021-06-24 15:00:00,-1.3061313726324784,0.3371979477063127,-0.7071067811865479,-0.7071067811865471,-0.8660254037844387,0.49999999999999994,338.6251313726325,337.319,409.827,mixto,0.0038720954723347,22.0,0.5,-3.1538935,335.47123790186834,-2.6744597,335.95067167681646
2021-06-24 16:00:00,-6.838460347719945,0.5146612536142507,-0.5000000000000004,-0.8660254037844385,-0.8660254037844387,0.49999999999999994,152.79946034771996,145.961,179.772,mixto,0.0468512845740981,22.3,1.0,-5.7090673,147.09039300305443,-6.5412083,146.25825208050804
2021-06-24 17:00:00,-3.87745958125,1.0,-0.25881904510252063,-0.9659258262890683,-0.8660254037844387,0.49999999999999994,10.02045958125,6.143,11.35,alta_fd,,18.0,1.0,-4.0784383,5.9420212992370605,-3.8237774,6.196682144039917
2021-06-25 08:00:00,-7.1673280369299945,0.9746039022741274,-0.4999999999999998,0.8660254037844387,-0.8660254037844387,0.49999999999999994,59.46532803693,52.298,63.786,alta_fd,0.1370478419237828,2.0,0.5,-5.40423,54.06109791913215,-5.561641,53.90368682065193
2021-06-25 09:00:00,-0.4021654812499946,0.5745249651503832,-0.7071067811865475,0.7071067811865476,-0.8660254037844387,0.49999999999999994,261.98116548125,261.579,295.45,mixto,0.0015374532407035,8.0,1.5,-1.813166,260.1679994589493,-0.17276935,261.8083961284563
2021-06-25 10:00:00,-9.006961435169956,0.4025688834412789,-0.8660254037844387,0.49999999999999994,-0.8660254037844387,0.49999999999999994,421.68996143517,412.683,497.818,mixto,0.021825375494435,13.2,0.0,-9.52929,412.1606712358902,-10.338901,411.35106086906893
2021-06-25 11:00:00,-17.286853037232504,0.2359422548915989,-0.9659258262890682,0.258819045102521,-0.8660254037844387,0.49999999999999994,535.3868530372325,518.1,655.243,baja_fd,0.0333658618746043,17.0,0.0,-18.174595,517.2122581580821,-20.827787,514.5590656379405
2021-06-25 12:00:00,22.13514952300011,0.1963879451425047,-1.0,1.2246467991473532e-16,-0.8660254037844387,0.49999999999999994,575.703850477,597.839,716.38,baja_fd,0.0370252685472177,19.0,3.6,17.648619,593.3524691751201,21.131174,596.8350245645244
2021-06-25 13:00:00,5.467577011687581,0.1935085261847952,-0.9659258262890683,-0.2588190451025208,-0.8660254037844387,0.49999999999999994,557.3234229883125,562.791,694.115,baja_fd,0.0097151109589307,19.9,1.5,3.553732,560.8771549066474,4.15224,561.475662787812
2021-06-25 14:00:00,22.425411652269982,0.2283844758516804,-0.8660254037844388,-0.4999999999999997,-0.8660254037844387,0.49999999999999994,482.87658834773,505.302,593.666,baja_fd,0.0443802154993845,20.0,5.1,21.330542,504.20712995844775,22.735209,505.6117968590825
2021-06-25 15:00:00,11.06550804202999,0.3377141658341351,-0.7071067811865479,-0.7071067811865471,-0.8660254037844387,0.49999999999999994,342.21649195797,353.282,409.022,mixto,0.0313220261491669,19.0,4.6,9.7328415,351.9493334496692,10.410445,352.62693717128786
2021-06-25 16:00:00,-4.898525150770013,0.5128167389801621,-0.5000000000000004,-0.8660254037844385,-0.8660254037844387,0.49999999999999994,156.61952515077002,151.721,180.338,mixto,0.0322864016897463,16.9,5.1,-2.9959948,153.62353034448034,-3.4000201,153.21950502824194
2021-06-25 17:00:00,-3.904530980892503,1.0,-0.25881904510252063,-0.9659258262890683,-0.8660254037844387,0.49999999999999994,10.177530980892502,6.273,11.351,alta_fd,,14.0,4.6,-4.661229,5.516301847286545,-4.043604,6.133927083797776
2021-06-26 08:00:00,-7.304582377832503,0.9696546942077232,-0.4999999999999998,0.8660254037844387,-0.8660254037844387,0.49999999999999994,58.7175823778325,51.413,63.213,alta_fd,0.1420765638619124,3.0,0.5,-5.40423,53.31335226003465,-5.5093565,53.20822587911424
2021-06-26 09:00:00,-2.194231395312528,0.6413263837779953,-0.7071067811865475,0.7071067811865476,-0.8660254037844387,0.49999999999999994,251.1382313953125,248.944,278.325,mixto,0.0088141565786382,4.0,1.0,-2.4767327,248.661498664447,-2.7348542,248.4033771739685
2021-06-26 10:00:00,-3.2194858559699924,0.3616987904450862,-0.8660254037844387,0.49999999999999994,-0.8660254037844387,0.49999999999999994,430.04448585597,426.825,501.178,mixto,0.0075428708626954,9.9,0.5,-4.9855285,425.0589573868843,-4.654175,425.3903110512825
2021-06-26 11:00:00,-7.651129478312441,0.2325139114181288,-0.9659258262890682,0.258819045102521,-0.8660254037844387,0.49999999999999994,539.7801294783125,532.129,652.115,baja_fd,0.0143783358514804,14.0,0.5,-11.525064,528.2550650099287,-11.981922,527.7982073286543
2021-06-26 12:00:00,-1.7642554503698875,0.2013035446465497,-1.0,1.2246467991473532e-16,-0.8660254037844387,0.49999999999999994,575.3032554503699,573.539,712.458,baja_fd,0.0030760862824845,18.0,1.0,-4.101381,571.2018746253272,-3.448075,571.8551803942938
2021-06-26 13:00:00,-1.08017994029251,0.2027791506517117,-0.9659258262890683,-0.2588190451025208,-0.8660254037844387,0.49999999999999994,556.3441799402925,555.264,691.791,baja_fd,0.0019453448094825,19.6,1.0,-2.797226,553.5469539881441,-1.9712282,554.372951698372
2021-06-26 14:00:00,14.685255828829952,0.3527315366622161,-0.8660254037844388,-0.4999999999999997,-0.8660254037844387,0.49999999999999994,439.5097441711701,454.195,536.282,mixto,0.0323324911741211,20.0,4.1,11.800494,451.31023836520086,14.488582,453.99832582857977
2021-06-26 15:00:00,9.112674656107515,0.410772251627106,-0.7071067811865479,-0.7071067811865471,-0.8660254037844387,0.49999999999999994,317.2013253438925,326.314,377.599,mixto,0.0279260916053479,19.0,5.1,7.448332,324.64965717677825,8.329613,325.5309380758261
2021-06-26 16:00:00,-4.960864382812503,0.5320703987677559,-0.5000000000000004,-0.8660254037844385,-0.8660254037844387,0.49999999999999994,152.5728643828125,147.612,175.575,mixto,0.033607459981658,16.9,4.6,-3.235651,149.33721336657715,-3.6944914,148.87837299639892
2021-06-26 17:00:00,-3.907530980892503,1.0,-0.25881904510252063,-0.9659258262890683,-0.8660254037844387,0.49999999999999994,10.177530980892502,6.27,11.351,alta_fd,,14.0,2.1,-3.1333094,7.044221616573655,-2.90634,7.271191097088181
2021-06-27 08:00:00,-3.191721271330003,1.0,-0.4999999999999998,0.8660254037844387,-0.8660254037844387,0.49999999999999994,24.034721271330003,20.843,25.574,alta_fd,,1.0,1.5,-2.7498503,21.28487099819768,-2.7721977,21.26252354794133
2021-06-27 09:00:00,-4.451846611570005,0.9681729065941792,-0.7071067811865475,0.7071067811865476,-0.8660254037844387,0.49999999999999994,104.90284661157,100.451,114.898,alta_fd,0.044318589278056,6.0,1.0,-4.235003,100.66784361703264,-4.9521723,99.95067433221209
2021-06-27 10:00:00,-7.375485129932485,0.97595908286163,-0.8660254037844387,0.49999999999999994,-0.8660254037844387,0.49999999999999994,178.92248512993248,171.547,200.167,alta_fd,0.0429939615961368,8.9,0.0,-7.2811494,171.64133574257286,-7.119499,171.8029859233895
2021-06-27 11:00:00,-9.94263050781251,0.8922653647814364,-0.9659258262890682,0.258819045102521,-0.8660254037844387,0.49999999999999994,247.7426305078125,237.8,283.375,alta_fd,0.0418108936409272,12.0,0.0,-9.855899,237.8867316506958,-9.271264,238.47136643157958
2021-06-27 12:00:00,-11.536234401570027,0.9028448322346964,-1.0,1.2246467991473532e-16,-0.8660254037844387,0.49999999999999994,268.09023440157,256.554,311.398,alta_fd,0.0449661061670058,15.0,0.0,-10.941499,257.1487356451613,-10.727158,257.36307680879656
2021-06-27 13:00:00,-10.939816183250002,0.8997693543445606,-0.9659258262890683,-0.2588190451025208,-0.8660254037844387,0.49999999999999994,257.82481618325,246.885,302.27,alta_fd,0.0443113845849282,17.6,0.0,-10.992778,246.83203835884814,-10.33517,247.4896463910747
2021-06-27 14:00:00,-8.626979721169988,0.9010314902829124,-0.8660254037844388,-0.4999999999999997,-0.8660254037844387,0.49999999999999994,217.39297972117,208.766,254.782,alta_fd,0.0413236816395868,19.0,0.0,-8.232027,209.160952667337,-8.606139,208.78684053812557
2021-06-27 15:00:00,-4.86752394637,0.9466546952172648,-0.7071067811865479,-0.7071067811865471,-0.8660254037844387,0.49999999999999994,140.68152394637,135.814,163.658,alta_fd,0.0358396332216855,20.0,1.0,-5.06326,135.61826386793982,-6.0416,134.63992371901404
2021-06-27 16:00:00,-4.408688866079999,1.0,-0.5000000000000004,-0.8660254037844385,-0.8660254037844387,0.49999999999999994,59.80068886608,55.392,68.424,alta_fd,0.0795907146533795,18.8,0.0,-5.8864846,53.91420424312468,-5.3569417,54.44374716609831
2021-06-28 08:00:00,-1.9643093383125017,1.0,-0.4999999999999998,0.8660254037844387,-0.8660254037844387,0.49999999999999994,12.2283093383125,10.264,13.235,alta_fd,,6.0,0.0,-3.9001787,8.32813066742932,-3.6676583,8.56065100930249
2021-06-28 09:00:00,-3.4386989648924957,1.0,-0.7071067811865475,0.7071067811865476,-0.8660254037844387,0.49999999999999994,50.5686989648925,47.13,54.999,alta_fd,,6.0,1.5,-1.9740695,48.59462948876487,-2.5893886,47.97931035596
2021-06-28 10:00:00,-5.282448697312503,1.0,-0.8660254037844387,0.49999999999999994,-0.8660254037844387,0.49999999999999994,89.4774486973125,84.195,98.405,alta_fd,0.0627406460872083,7.6,0.0,-6.4044228,83.07302593730273,-5.7536616,83.72378706477465
2021-06-28 11:00:00,-5.713137653932506,1.0,-0.9659258262890682,0.258819045102521,-0.8660254037844387,0.49999999999999994,117.7931376539325,112.08,130.233,alta_fd,0.0509737478045369,8.0,2.1,-5.7613,112.0318375669574,-5.7666016,112.0265360914325
2021-06-28 12:00:00,-6.242770917000001,1.0,-1.0,1.2246467991473532e-16,-0.8660254037844387,0.49999999999999994,129.695770917,123.453,144.18,alta_fd,0.0505679968652037,9.0,2.1,-6.187476,123.50829475885791,-6.1011906,123.5945803499834
2021-06-28 13:00:00,-7.369195792032514,1.0,-0.9659258262890683,-0.2588190451025208,-0.8660254037844387,0.49999999999999994,125.59419579203252,118.225,140.197,alta_fd,0.0623319584862128,10.2,0.0,-9.603146,115.99105019266729,-7.9734507,117.62074513132696
2021-06-28 14:00:00,-5.246907171432497,1.0,-0.8660254037844388,-0.4999999999999997,-0.8660254037844387,0.49999999999999994,105.0189071714325,99.772,117.267,alta_fd,0.052588974576359,11.0,2.1,-4.4235487,100.59535847300721,-4.7939496,100.22495756739808
2021-06-28 15:00:00,-4.1534688871924885,1.0,-0.7071067811865479,-0.7071067811865471,-0.8660254037844387,0.49999999999999994,71.59146888719249,67.438,79.581,alta_fd,0.0615894434472031,11.0,1.5,-3.4798403,68.111628608567,-3.5703642,68.02110465036083
2021-06-28 16:00:00,-2.9342094158799945,1.0,-0.5000000000000004,-0.8660254037844385,-0.8660254037844387,0.49999999999999994,31.62120941588,28.687,35.044,alta_fd,,11.6,1.0,-3.4469628,28.174246582475458,-3.2998264,28.3213830322893
2021-06-29 08:00:00,-3.217823031329999,1.0,-0.4999999999999998,0.8660254037844387,-0.8660254037844387,0.49999999999999994,23.68282303133,20.465,25.574,alta_fd,,5.0,0.5,-3.4773715,20.205451577091107,-3.720055,19.962767928027997
2021-06-29 09:00:00,-4.683989215812503,0.9681599076943308,-0.7071067811865475,0.7071067811865476,-0.8660254037844387,0.49999999999999994,104.4779892158125,99.794,114.865,alta_fd,0.046936581516048,7.0,0.5,-5.0365367,99.4414525222395,-5.5864005,98.89158870693188
2021-06-29 10:00:00,-5.0768437877200085,1.0,-0.8660254037844387,0.49999999999999994,-0.8660254037844387,0.49999999999999994,89.74684378772001,84.67,99.428,alta_fd,0.0599603612580608,9.5,0.5,-6.036103,83.71074101596098,-5.91573,83.83111378817777
2021-06-29 11:00:00,-8.470158466079965,0.9574390720481656,-0.9659258262890682,0.258819045102521,-0.8660254037844387,0.49999999999999994,180.12015846607997,171.65,203.224,alta_fd,0.0493455197557819,11.0,0.0,-9.92822,170.19193867085292,-9.052735,171.06742313740565
2021-06-29 12:00:00,-9.070107444812493,0.8513405619302735,-1.0,1.2246467991473532e-16,-0.8660254037844387,0.49999999999999994,274.4491074448125,265.379,316.455,alta_fd,0.0341779396441033,13.0,0.5,-9.299975,265.1491320496099,-9.505536,264.9435713654058
2021-06-29 13:00:00,-6.323117213312514,0.8998742791062013,-0.9659258262890683,-0.2588190451025208,-0.8660254037844387,0.49999999999999994,263.10611721331253,256.783,303.365,alta_fd,0.024624360698771,13.4,1.5,-5.3297367,257.7763805037178,-6.2927346,256.8133825903572
2021-06-29 14:00:00,-4.511922859169971,0.9006974654004852,-0.8660254037844388,-0.4999999999999997,-0.8660254037844387,0.49999999999999994,221.69092285917,217.179,254.682,alta_fd,0.0207751341481909,14.0,2.1,-3.7664645,217.92445838735298,-4.780191,216.91073191449837
2021-06-29 15:00:00,-3.982355810370024,0.946395858587768,-0.7071067811865479,-0.7071067811865471,-0.8660254037844387,0.49999999999999994,143.95935581037003,139.977,163.542,alta_fd,0.0284500725859964,14.0,2.6,-2.8826222,141.07673356839615,-4.5586586,139.4006972105165
2021-06-29 16:00:00,-4.0668254117199965,1.0,-0.5000000000000004,-0.8660254037844385,-0.8660254037844387,0.49999999999999994,61.86482541172,57.798,69.428,alta_fd,0.0703627359375756,13.8,2.1,-3.8840246,57.980800791663846,-3.3835227,58.481302662772855
2021-06-30 08:00:00,-6.968871362832502,0.975298682490202,-0.4999999999999998,0.8660254037844387,-0.8660254037844387,0.49999999999999994,58.0598713628325,51.091,62.037,alta_fd,0.1364011540747392,1.0,1.5,-3.8669167,54.19295470633836,-4.141417,53.91845433631273
2021-06-30 09:00:00,-2.21321466589248,0.6455138388864233,-0.7071067811865475,0.7071067811865476,-0.8660254037844387,0.49999999999999994,248.6382146658925,246.425,277.649,mixto,0.0089812911266814,6.0,1.0,-2.5173855,246.1208291831044,-2.7348542,245.9033604445485
2021-06-30 10:00:00,-9.15534321383251,0.3685757511406352,-0.8660254037844387,0.49999999999999994,-0.8660254037844387,0.49999999999999994,432.2263432138325,423.071,502.387,mixto,0.0216402051046573,9.2,0.0,-8.864322,423.3620215051533,-9.729045,422.4972982995869
2021-06-30 11:00:00,4.705617732320093,0.2373417874462331,-0.9659258262890682,0.258819045102521,-0.8660254037844387,0.49999999999999994,544.6823822676799,549.388,649.736,baja_fd,0.0085651993351148,11.0,1.5,1.1770719,545.8594541966579,1.4597864,546.14216868278
2021-06-30 12:00:00,-2.363081132812568,0.2054016125407626,-1.0,1.2246467991473532e-16,-0.8660254037844387,0.49999999999999994,583.5550811328126,581.192,710.375,baja_fd,0.0040659216451922,14.0,1.0,-4.0677958,579.4872853793336,-3.419956,580.1351251639558
2021-06-30 13:00:00,-20.814411760930057,0.1986511473355221,-0.9659258262890683,-0.2588190451025208,-0.8660254037844387,0.49999999999999994,570.17141176093,549.357,695.014,baja_fd,0.0378886803316059,14.8,0.0,-17.50603,552.6653826319017,-20.03824,550.1331713281908
2021-06-30 14:00:00,5.394235222567488,0.2314780828689611,-0.8660254037844388,-0.4999999999999997,-0.8660254037844387,0.49999999999999994,494.6337647774325,500.028,595.683,baja_fd,0.0107878663246207,15.0,1.5,3.846615,498.48037985349754,5.0591025,499.6928673126803
2021-06-30 15:00:00,8.39409275052003,0.3402082479428632,-0.7071067811865479,-0.7071067811865471,-0.8660254037844387,0.49999999999999994,349.05590724948,357.45,412.284,mixto,0.0234832640943349,16.0,3.1,6.412963,355.4688701629932,8.980177,358.0360841751392
2021-06-30 16:00:00,-5.440670291970008,0.5020163403839102,-0.5000000000000004,-0.8660254037844385,-0.8660254037844387,0.49999999999999994,162.99967029197,157.559,186.122,mixto,0.0345310029383913,14.6,2.6,-3.8471234,159.1525469074943,-2.8823218,160.1173484574058
2021-06-30 17:00:00,-4.212683053570002,1.0,-0.25881904510252063,-0.9659258262890683,-0.8660254037844387,0.49999999999999994,11.067683053570002,6.855,12.298,alta_fd,,13.0,3.1,-4.0546174,7.013065648632258,-3.442715,7.624968123989314
2021-07-01 08:00:00,-1.9573661383125,1.0,-0.4999999999999998,0.8660254037844387,-1.0,1.2246467991473532e-16,12.3193661383125,10.362,13.235,alta_fd,,4.0,0.0,-4.1140184,8.205347698065918,-3.6775486,8.64181749138562
2021-07-01 09:00:00,-3.6086186208925,1.0,-0.7071067811865475,0.7071067811865476,-1.0,1.2246467991473532e-16,50.5876186208925,46.979,54.999,alta_fd,,5.9,0.0,-4.3651876,46.222430975934,-3.5718703,47.01574829389665
2021-07-01 10:00:00,-4.759295716999986,1.0,-0.8660254037844387,0.49999999999999994,-1.0,1.2246467991473532e-16,89.38729571699999,84.628,98.38,alta_fd,0.0562378375596727,7.8,1.5,-4.9192066,84.46808909773729,-4.914298,84.47299765944383
2021-07-01 11:00:00,-5.578428462312502,1.0,-0.9659258262890682,0.258819045102521,-1.0,1.2246467991473532e-16,117.3114284623125,111.733,130.195,alta_fd,0.0499264179992706,9.0,2.6,-6.16894,111.14248839502125,-6.0723906,111.23903790597706
2021-07-01 12:00:00,-6.529720865919998,1.0,-1.0,1.2246467991473532e-16,-1.0,1.2246467991473532e-16,130.06972086592,123.54,145.168,alta_fd,0.0528551146666666,10.0,1.5,-7.6580443,122.41167652769369,-7.1263094,122.94341147108358
2021-07-01 13:00:00,-6.082123613732506,1.0,-0.9659258262890683,-0.2588190451025208,-1.0,1.2246467991473532e-16,124.9681236137325,118.886,140.143,alta_fd,0.0511592922104579,11.4,2.1,-6.804957,118.16316670073812,-6.2470984,118.72102516784017
2021-07-01 14:00:00,-6.221561622232485,1.0,-0.8660254037844388,-0.4999999999999997,-1.0,1.2246467991473532e-16,105.88056162223248,99.659,118.243,alta_fd,0.0624284973984535,11.0,0.0,-7.758799,98.12176254615215,-6.261649,99.61891249045757
2021-07-01 15:00:00,-4.515291755432514,1.0,-0.7071067811865479,-0.7071067811865471,-1.0,1.2246467991473532e-16,71.82229175543252,67.307,79.533,alta_fd,0.0670850246695368,10.0,0.0,-5.5622745,66.26001729940835,-4.726583,67.09570875143471
2021-07-01 16:00:00,-2.8570231502324965,1.0,-0.5000000000000004,-0.8660254037844385,-1.0,1.2246467991473532e-16,31.7770231502325,28.92,35.043,alta_fd,,10.3,3.1,-2.2973256,29.479697539117996,-2.6819277,29.09509546926326
2021-07-02 08:00:00,-3.1102597561325034,1.0,-0.4999999999999998,0.8660254037844387,-1.0,1.2246467991473532e-16,22.635259756132506,19.525,24.623,alta_fd,,7.0,1.0,-2.7658012,19.86945856480255,-2.9694536,19.665806182905577
2021-07-02 09:00:00,-4.968532679812498,0.9714307655200092,-0.7071067811865475,0.7071067811865476,-1.0,1.2246467991473532e-16,101.7195326798125,96.751,112.655,alta_fd,0.0513538121550423,9.0,0.0,-5.8702555,95.84927720953662,-6.1291857,95.5903470032378
2021-07-02 10:00:00,-5.747802322769985,0.9758394704189352,-0.8660254037844387,0.49999999999999994,-1.0,1.2246467991473532e-16,177.14080232277,171.393,199.938,alta_fd,0.0335358055624791,11.2,1.0,-6.282335,170.8584675182351,-6.287028,170.85377448692407
2021-07-02 11:00:00,-9.9127082158125,0.8950332173187705,-0.9659258262890682,0.258819045102521,-1.0,1.2246467991473532e-16,244.3197082158125,234.407,281.615,alta_fd,0.0422884479380415,14.0,0.0,-11.1362505,233.18345771990187,-10.136473,234.18323551378614
2021-07-02 12:00:00,-7.811821354392521,0.9074426331121488,-1.0,1.2246467991473532e-16,-1.0,1.2246467991473532e-16,265.8578213543925,258.046,308.701,alta_fd,0.0302729798345741,15.0,1.0,-8.052157,257.80566395235394,-8.5623865,257.29543484163617
2021-07-02 13:00:00,-11.081493814992456,0.9030005018714712,-0.9659258262890683,-0.2588190451025208,-1.0,1.2246467991473532e-16,258.30349381499246,247.222,301.589,alta_fd,0.0448240602171022,16.6,0.0,-11.547524,246.755969362783,-10.803762,247.49973137907938
2021-07-02 14:00:00,-5.354906313312483,0.9045052047126032,-0.8660254037844388,-0.4999999999999997,-1.0,1.2246467991473532e-16,219.5649063133125,214.21,254.235,alta_fd,0.0249983955618901,16.0,1.5,-5.3665156,214.1983906768684,-5.7177234,213.8471829437141
2021-07-02 15:00:00,-3.398588638720014,0.9488199513049956,-0.7071067811865479,-0.7071067811865471,-1.0,1.2246467991473532e-16,143.11658863872,139.718,163.872,alta_fd,0.0243246298882034,16.0,4.6,-2.683671,140.43291764110037,-3.8763278,139.240260885653
2021-07-02 16:00:00,-3.95368800208,1.0,-0.5000000000000004,-0.8660254037844385,-1.0,1.2246467991473532e-16,61.54168800208,57.588,69.224,alta_fd,0.0686547197693964,14.4,3.1,-3.1877053,58.353982723683394,-3.4487686,58.092919386357345
2021-07-03 08:00:00,-1.9501957383125,1.0,-0.4999999999999998,0.8660254037844387,-1.0,1.2246467991473532e-16,12.0461957383125,10.096,13.235,alta_fd,,10.0,2.1,-2.1492882,9.896907560822266,-2.218722,9.827473633286255
2021-07-03 09:00:00,-3.6270129495699943,1.0,-0.7071067811865475,0.7071067811865476,-1.0,1.2246467991473532e-16,49.81101294956999,46.184,54.998,alta_fd,,10.0,0.0,-4.3651876,45.445825304611496,-3.5718703,46.23914262257414
2021-07-03 10:00:00,-4.487205951879986,1.0,-0.8660254037844387,0.49999999999999994,-1.0,1.2246467991473532e-16,88.24920595187999,83.762,98.356,alta_fd,0.0535709026990757,11.1,3.1,-4.0082803,84.24092567462779,-4.5422683,83.70693767566539
2021-07-03 11:00:00,-6.1520071834925005,1.0,-0.9659258262890682,0.258819045102521,-1.0,1.2246467991473532e-16,115.9380071834925,109.786,130.161,alta_fd,0.0560363542117619,12.0,1.0,-8.430358,107.50764925044807,-7.49647,108.44153720897468
2021-07-03 12:00:00,-7.142945010120002,1.0,-1.0,1.2246467991473532e-16,-1.0,1.2246467991473532e-16,128.13094501012,120.988,144.092,alta_fd,0.0590384584431514,12.0,0.5,-10.6464205,117.4845245312992,-8.642959,119.48798636906776
2021-07-03 13:00:00,-7.397192270392495,1.0,-0.9659258262890683,-0.2588190451025208,-1.0,1.2246467991473532e-16,124.59219227039247,117.195,140.099,alta_fd,0.063118667779278,12.1,0.0,-10.668409,113.9237829228583,-8.389896,116.20229587757021
2021-07-03 14:00:00,-6.237116392892503,1.0,-0.8660254037844388,-0.4999999999999997,-1.0,1.2246467991473532e-16,105.4351163928925,99.198,118.199,alta_fd,0.0628754248361106,12.0,0.0,-7.839429,97.59568749122013,-6.261649,99.1734672611176
2021-07-03 15:00:00,-4.291092531999993,1.0,-0.7071067811865479,-0.7071067811865471,-1.0,1.2246467991473532e-16,71.87409253199999,67.583,80.52,alta_fd,0.0634936675199383,13.0,1.0,-4.5375924,67.33650012095873,-4.1313057,67.74278683741991
2021-07-03 16:00:00,-2.8928177262325008,1.0,-0.5000000000000004,-0.8660254037844385,-1.0,1.2246467991473532e-16,31.5118177262325,28.619,35.043,alta_fd,,12.5,1.5,-3.0151973,28.49662044916341,-3.0259876,28.48583010111043
2021-07-04 08:00:00,-2.434245882812503,1.0,-0.4999999999999998,0.8660254037844387,-1.0,1.2246467991473532e-16,16.586245882812502,14.152,17.975,alta_fd,,6.2,3.9,-1.9307704,14.655475485626223,-2.342159,14.244086849990847
2021-07-04 09:00:00,-4.027452372480013,1.0,-0.7071067811865475,0.7071067811865476,-1.0,1.2246467991473532e-16,86.04845237248001,82.021,94.016,alta_fd,0.0491026977539899,6.0,2.6,-3.0666568,82.98179554455338,-3.9648976,82.08355473988114
2021-07-04 10:00:00,-4.780536027392486,0.9119618633015282,-0.8660254037844387,0.49999999999999994,-1.0,1.2246467991473532e-16,194.2705360273925,189.49,215.749,alta_fd,0.0252284343627235,6.5,1.5,-5.2056785,189.06485756441032,-5.4720316,188.79850443406974
2021-07-04 11:00:00,-7.019460236999976,0.8934159679667024,-0.9659258262890682,0.258819045102521,-1.0,1.2246467991473532e-16,251.680460237,244.661,283.42,alta_fd,0.0286905564720162,8.0,1.0,-7.5549674,244.12549283358814,-7.6509237,244.02953650805713
2021-07-04 12:00:00,-8.160392443519925,0.904623096806634,-1.0,1.2246467991473532e-16,-1.0,1.2246467991473532e-16,276.47939244351994,268.319,313.712,alta_fd,0.0304130249573079,9.0,1.0,-7.779259,268.70013323865544,-8.191042,268.2883504971088
2021-07-04 13:00:00,-5.519400182312495,0.901488114685806,-0.9659258262890683,-0.2588190451025208,-1.0,1.2246467991473532e-16,268.5334001823125,263.014,304.595,alta_fd,0.0209851953976309,9.2,2.1,-5.237442,263.29595816571094,-5.726355,262.8070451064763
2021-07-04 14:00:00,2.975902549069985,0.6282248413047877,-0.8660254037844388,-0.4999999999999997,-1.0,1.2246467991473532e-16,361.90309745093,364.879,419.314,mixto,0.0081558613925986,11.0,3.1,3.6177232,365.5208206774772,0.57107794,362.4741753937782
2021-07-04 15:00:00,4.48587332546748,0.4376944259224762,-0.7071067811865479,-0.7071067811865471,-1.0,1.2246467991473532e-16,326.1951266745325,330.681,374.353,mixto,0.0135655611464447,10.0,2.6,2.3102899,328.50541653430423,4.4098024,330.6049291113611
2021-07-04 16:00:00,-5.185845889812526,0.5155674507929318,-0.5000000000000004,-0.8660254037844385,-1.0,1.2246467991473532e-16,165.09084588981253,159.905,184.705,mixto,0.0324307925944312,9.4,2.6,-3.696258,161.3945878217278,-3.4683852,161.62246067023855
2021-07-04 17:00:00,-4.56032450453,1.0,-0.25881904510252063,-0.9659258262890683,-1.0,1.2246467991473532e-16,12.14732450453,7.587,13.246,alta_fd,,8.0,2.1,-2.829622,9.31770247427182,-2.7982538,9.349070729887055
2021-07-05 08:00:00,-6.248156693250003,0.9781307215899973,-0.4999999999999998,0.8660254037844387,-1.0,1.2246467991473532e-16,52.13915669325,45.891,55.67,alta_fd,,1.0,2.6,-3.350991,48.78816568258411,-3.833255,48.30590164068347
2021-07-05 09:00:00,-2.973011657812464,0.7793594099797869,-0.7071067811865475,0.7071067811865476,-1.0,1.2246467991473532e-16,194.49801165781247,191.525,211.775,alta_fd,0.0155228385736194,1.4,1.5,-4.2493343,190.24867732248532,-4.063402,190.43460948190915
2021-07-05 10:00:00,-5.375414420479999,1.0,-0.8660254037844387,0.49999999999999994,-1.0,1.2246467991473532e-16,93.25841442048,87.883,100.384,alta_fd,0.0611655771933138,1.8,0.0,-7.199242,86.05917230545924,-5.9721527,87.28626171051906
2021-07-05 11:00:00,-15.659158517332456,0.8471828246459195,-0.9659258262890682,0.258819045102521,-1.0,1.2246467991473532e-16,396.50515851733246,380.846,444.863,alta_fd,0.0411167729668486,2.0,0.0,-12.247959,384.25719938036957,-13.557546,382.9476128554062
2021-07-05 12:00:00,-5.084716924999952,0.3237388828268386,-1.0,1.2246467991473532e-16,-1.0,1.2246467991473532e-16,591.173716925,586.089,691.9,mixto,0.0086756737031405,5.0,1.0,-5.0353127,586.1384042724121,-4.231424,586.9422930701721
2021-07-05 13:00:00,-22.2816061973125,0.2023832388178719,-0.9659258262890683,-0.2588190451025208,-1.0,1.2246467991473532e-16,590.6576061973125,568.376,702.405,baja_fd,0.0392022291534345,8.6,0.0,-18.206274,572.4513321647197,-20.269642,570.3879643210918
2021-07-05 14:00:00,-14.634787336892488,0.2193298281160775,-0.8660254037844388,-0.4999999999999997,-1.0,1.2246467991473532e-16,516.4477873368925,501.813,607.799,baja_fd,0.0291638266383941,9.0,0.0,-12.823148,503.6246395631498,-15.932325,500.5154619737333
2021-07-05 15:00:00,-6.005711759792462,0.3521649670082981,-0.7071067811865479,-0.7071067811865471,-1.0,1.2246467991473532e-16,357.6277117597925,351.622,414.091,mixto,0.0170800227511147,11.0,0.0,-5.4826174,352.1450943815576,-5.698196,351.9295158254968
2021-07-05 16:00:00,-5.949568209570032,0.6397698874944153,-0.5000000000000004,-0.8660254037844385,-1.0,1.2246467991473532e-16,150.84556820957002,144.896,169.702,mixto,0.0410609555099521,11.3,1.0,-5.3086324,145.5369358357602,-6.1399803,144.7055878934079
2021-07-05 17:00:00,-4.5546704565325005,1.0,-0.25881904510252063,-0.9659258262890683,-1.0,1.2246467991473532e-16,12.1026704565325,7.548,13.247,alta_fd,,9.0,1.0,-3.450573,8.652097489003204,-3.3723044,8.730366016987823
2021-07-06 08:00:00,-4.1619491773124935,1.0,-0.4999999999999998,0.8660254037844387,-1.0,1.2246467991473532e-16,35.292949177312494,31.131,37.605,alta_fd,,1.0,1.0,-3.3033185,31.989630676793695,-3.1399128,32.15303633360827
2021-07-06 09:00:00,-4.22028164532,0.8799561010174417,-0.7071067811865475,0.7071067811865476,-1.0,1.2246467991473532e-16,147.17128164532,142.951,160.852,alta_fd,0.0295225751853432,4.0,1.0,-5.0590324,142.11224920513445,-5.4420214,141.7292602753859
2021-07-06 10:00:00,-5.872962937692478,0.976003656718917,-0.8660254037844387,0.49999999999999994,-1.0,1.2246467991473532e-16,182.3279629376925,176.455,203.031,alta_fd,0.033283063317517,7.6,1.0,-6.2390594,176.0889034894503,-6.287028,176.04093510184654
2021-07-06 11:00:00,-4.882713883719987,0.8938121149235327,-0.9659258262890682,0.258819045102521,-1.0,1.2246467991473532e-16,250.62571388372,245.743,285.628,alta_fd,0.0198691880693244,11.0,2.1,-5.4032717,245.22244220861015,-5.3357882,245.28992563375053
2021-07-06 12:00:00,-11.928774209479968,0.9045467405184068,-1.0,1.2246467991473532e-16,-1.0,1.2246467991473532e-16,272.99977420948,261.071,314.716,alta_fd,0.0456916862059745,13.0,0.0,-11.488445,261.5113289274976,-10.678492,262.32128261707277
2021-07-06 13:00:00,-7.649891988479993,0.9017330455460706,-0.9659258262890683,-0.2588190451025208,-1.0,1.2246467991473532e-16,263.63689198848,255.987,306.784,alta_fd,0.0298839081222093,15.6,1.0,-7.7574334,255.87945857402076,-8.343195,255.29369702693214
2021-07-06 14:00:00,-6.279907687132464,0.9011606387707232,-0.8660254037844388,-0.4999999999999997,-1.0,1.2246467991473532e-16,223.54890768713247,217.269,260.073,alta_fd,0.0289038366593138,17.0,1.0,-6.8871293,216.66177838033926,-6.9677615,216.58114617056142
2021-07-06 15:00:00,-4.250997123719998,0.946853783936219,-0.7071067811865479,-0.7071067811865471,-1.0,1.2246467991473532e-16,147.18399712372,142.933,168.628,alta_fd,0.029741187295586,16.0,2.1,-3.8927226,143.29127451706105,-4.748141,142.43585631179982
2021-07-06 16:00:00,-3.967073404770005,1.0,-0.5000000000000004,-0.8660254037844385,-1.0,1.2246467991473532e-16,64.02007340477,60.053,72.262,alta_fd,0.0660595374880523,15.2,3.1,-3.2721322,60.74794124649058,-3.6210947,60.398978701095686
2021-07-06 17:00:00,-3.9109781893200015,1.0,-0.25881904510252063,-0.9659258262890683,-1.0,1.2246467991473532e-16,10.209978189320005,6.299,11.348,alta_fd,,13.1,3.6,-4.204432,6.00554617866937,-3.8947756,6.3152025602764255
2021-07-07 08:00:00,-5.571864291080004,0.9852471714254488,-0.4999999999999998,0.8660254037844387,-1.0,1.2246467991473532e-16,45.33486429108,39.763,48.724,alta_fd,,3.0,0.0,-5.071267,40.26359716308928,-4.9978256,40.33703866852141
2021-07-07 09:00:00,-5.250498404692536,0.8495990961763541,-0.7071067811865475,0.7071067811865476,-1.0,1.2246467991473532e-16,155.30149840469252,150.051,169.919,alta_fd,0.0349914256132417,4.0,0.0,-6.6984673,148.60303115005385,-6.978088,148.32341050262343
2021-07-07 10:00:00,-4.96449083732,1.0,-0.8660254037844387,0.49999999999999994,-1.0,1.2246467991473532e-16,91.70649083732,86.742,100.348,alta_fd,0.0572328380406262,6.2,1.0,-5.721547,85.98494371054998,-5.3623686,86.3441222536408
2021-07-07 11:00:00,-6.890877311999986,0.9763462463030368,-0.9659258262890682,0.258819045102521,-1.0,1.2246467991473532e-16,163.672877312,156.782,182.08,alta_fd,0.0439519671390847,8.0,1.0,-8.507852,155.16502571135302,-8.199213,155.4736642840459
2021-07-07 12:00:00,-10.78618320831248,0.9800948165571276,-1.0,1.2246467991473532e-16,-1.0,1.2246467991473532e-16,222.63118320831248,211.845,250.685,alta_fd,0.0509154485983265,9.0,0.0,-11.18359,211.44759327300974,-9.79679,212.83439308532664
2021-07-07 13:00:00,-11.332180604392532,0.8574080916022248,-0.9659258262890683,-0.2588190451025208,-1.0,1.2246467991473532e-16,271.6021806043925,260.27,310.099,alta_fd,0.0435400953025417,10.7,0.0,-10.9798765,260.622304086143,-10.526178,261.07600224440716
2021-07-07 14:00:00,-9.208904090692442,0.9032657736017936,-0.8660254037844388,-0.4999999999999997,-1.0,1.2246467991473532e-16,229.22190409069245,220.013,260.431,alta_fd,0.0418561816378688,11.0,0.0,-8.0470085,221.17489557628815,-8.146016,221.0758879697818
2021-07-07 15:00:00,-6.228860070529976,0.9469726246518424,-0.7071067811865479,-0.7071067811865471,-1.0,1.2246467991473532e-16,150.97886007052998,144.75,169.654,alta_fd,0.0430318485010706,11.0,0.0,-6.85061,144.12825029117207,-6.9695935,144.00926654559711
2021-07-07 16:00:00,-4.128370851332498,0.9958800349357496,-0.5000000000000004,-0.8660254037844385,-1.0,1.2246467991473532e-16,66.3083708513325,62.18,73.713,alta_fd,0.066393870236933,11.2,1.5,-4.0426183,62.26575257664378,-4.426669,61.881701730543924
2021-07-08 08:00:00,-3.094073387719998,1.0,-0.4999999999999998,0.8660254037844387,-1.0,1.2246467991473532e-16,23.41707338772,20.323,25.572,alta_fd,,8.0,5.1,-1.4673296,21.949743766404996,-1.8974202,21.519653219797025
2021-07-08 09:00:00,-3.74305311793249,0.969833845470415,-0.7071067811865475,0.7071067811865476,-1.0,1.2246467991473532e-16,105.29105311793248,101.548,116.217,alta_fd,0.0368599393186718,8.0,4.1,-2.8189268,102.47212630671422,-3.8952432,101.39580995005528
2021-07-08 10:00:00,-4.839841523249987,0.9758630032079784,-0.8660254037844387,0.49999999999999994,-1.0,1.2246467991473532e-16,182.15184152325,177.312,202.83,alta_fd,0.0272956231008052,7.6,2.1,-4.7897773,177.36206424434985,-5.1375403,177.01430118282642
2021-07-08 11:00:00,-2.936641595932514,0.8937112936855296,-0.9659258262890682,0.258819045102521,-1.0,1.2246467991473532e-16,254.4346415959325,251.498,286.633,alta_fd,0.0116766001953594,8.0,4.1,-3.3458452,251.08879637345936,-4.5195684,249.91507315263416
2021-07-08 12:00:00,-3.2087909299700077,0.9047442892821456,-1.0,1.2246467991473532e-16,-1.0,1.2246467991473532e-16,279.16179092997,275.953,316.878,alta_fd,0.011628034230358,9.0,4.1,-3.2050967,275.9566942083208,-4.8739724,274.2878185140459
2021-07-08 13:00:00,-5.606903178880032,0.9001149979280813,-0.9659258262890683,-0.2588190451025208,-1.0,1.2246467991473532e-16,273.00790317888004,267.401,309.744,alta_fd,0.0209681458890581,9.1,2.1,-5.237442,267.7704611622785,-5.707437,267.3004661404584
2021-07-08 14:00:00,-1.989299196680008,0.794355016605984,-0.8660254037844388,-0.4999999999999997,-1.0,1.2246467991473532e-16,267.29529919668,265.306,305.364,alta_fd,0.0074981312020082,11.0,3.1,-2.1063175,265.1889816765384,-3.8208044,263.4744948391513
2021-07-08 15:00:00,-4.125068800632533,0.7926519625692507,-0.7071067811865479,-0.7071067811865471,-1.0,1.2246467991473532e-16,208.5330688006325,204.408,236.227,alta_fd,0.0201805643645676,11.0,1.0,-4.9399633,203.59310545987321,-5.4234877,203.10958113736345
2021-07-08 16:00:00,-4.541629619250003,0.7755364047791738,-0.5000000000000004,-0.8660254037844385,-1.0,1.2246467991473532e-16,109.39562961925,104.854,125.71,alta_fd,0.0433138422878478,18.1,3.1,-3.2629502,106.13267943728894,-4.3698564,105.02577326167554
2021-07-08 17:00:00,-4.6632471341300015,1.0,-0.25881904510252063,-0.9659258262890683,-1.0,1.2246467991473532e-16,13.015247134130002,8.352,14.194,alta_fd,,8.0,1.0,-3.450573,9.564674166600705,-3.3723044,9.642942694585324
2021-07-09 08:00:00,-6.827878994120006,0.9733193857501864,-0.4999999999999998,0.8660254037844387,-1.0,1.2246467991473532e-16,59.72187899412,52.894,63.708,alta_fd,0.1290860777048437,0.5,1.5,-4.2692685,55.45261048139417,-4.465114,55.256764877451296
2021-07-09 09:00:00,-0.6601309422799773,0.5697923297613836,-0.7071067811865475,0.7071067811865476,-1.0,1.2246467991473532e-16,261.08113094228,260.421,287.804,mixto,0.002534860638274,2.3,1.5,-2.2507045,258.8304264153788,0.14355248,261.22468342440817
2021-07-09 10:00:00,0.0069304012800444,0.5856774144207494,-0.8660254037844387,0.49999999999999994,-1.0,1.2246467991473532e-16,359.58506959871994,359.592,404.928,mixto,1.9272957351788716e-05,4.2,1.5,-0.9552891,358.62978047327744,-2.0623822,357.522687377498
2021-07-09 11:00:00,-17.159428124999977,0.3791580038715231,-0.9659258262890682,0.258819045102521,-1.0,1.2246467991473532e-16,514.524428125,497.365,597.5,mixto,0.0345006748062287,6.0,0.0,-16.42906,498.0953681427002,-16.128334,498.39609407958983
2021-07-09 12:00:00,-12.81644295693252,0.2808514190450189,-1.0,1.2246467991473532e-16,-1.0,1.2246467991473532e-16,591.4764429569325,578.66,701.583,baja_fd,0.0221484860832484,8.0,0.5,-12.351308,579.125135087975,-12.283554,579.192888879784
2021-07-09 13:00:00,-3.018937081329909,0.2063786524923491,-0.9659258262890683,-0.2588190451025208,-1.0,1.2246467991473532e-16,589.25293708133,586.234,705.326,baja_fd,0.005149713393167,10.1,1.0,-4.117601,585.1353361635138,-2.5973759,586.655561211579
2021-07-09 14:00:00,4.474122994907532,0.2419984206661201,-0.8660254037844388,-0.4999999999999997,-1.0,1.2246467991473532e-16,508.12687700509247,512.601,602.479,baja_fd,0.0087282759786023,11.0,1.5,3.2728014,511.3996784043234,4.800201,512.9270779442709
2021-07-09 15:00:00,-6.254981853000061,0.3666102788910519,-0.7071067811865479,-0.7071067811865471,-1.0,1.2246467991473532e-16,356.35698185300004,350.102,412.54,mixto,0.0178661700104542,11.0,0.0,-5.1777987,351.1791831049837,-5.3795724,350.97740946149
2021-07-09 16:00:00,-7.025001732999982,0.6295464173063934,-0.5000000000000004,-0.8660254037844385,-1.0,1.2246467991473532e-16,158.20400173299998,151.179,177.46,mixto,0.0464681055768326,10.3,0.0,-6.680778,151.52322370641917,-8.027231,150.17677051656932
2021-07-09 17:00:00,-4.8603317623125015,1.0,-0.25881904510252063,-0.9659258262890683,-1.0,1.2246467991473532e-16,12.9673317623125,8.107,14.195,alta_fd,,9.0,0.0,-4.453582,8.513749952314942,-4.094317,8.873014802931397
2021-07-10 08:00:00,-6.314995176529997,0.9745889990012953,-0.4999999999999998,0.8660254037844387,-1.0,1.2246467991473532e-16,51.64899517653,45.334,55.554,alta_fd,,3.0,0.0,-5.183709,46.465286031937715,-5.3282146,46.32078053114426
2021-07-10 09:00:00,-0.3442072023124751,0.6602891151506415,-0.7071067811865475,0.7071067811865476,-1.0,1.2246467991473532e-16,245.8942072023125,245.55,273.395,mixto,0.0014017805021888,5.0,2.1,-1.4175271,244.47668012273027,-1.6699965,244.22421070229723
2021-07-10 10:00:00,8.914046883000026,0.3885144760225817,-0.8660254037844387,0.49999999999999994,-1.0,1.2246467991473532e-16,429.691953117,438.606,498.82,mixto,0.0203235862778895,9.0,2.6,4.021511,433.7134641948809,7.2821226,436.97407572899954
2021-07-10 11:00:00,9.589932185187422,0.2453869435681239,-0.9659258262890682,0.258819045102521,-1.0,1.2246467991473532e-16,547.8880678148125,557.478,656.855,baja_fd,0.0172023509182199,12.0,2.1,5.3987503,553.2868181199883,6.3177104,554.2057782144402
2021-07-10 12:00:00,-23.886403655392428,0.2101971527378377,-1.0,1.2246467991473532e-16,-1.0,1.2246467991473532e-16,593.1684036553925,569.282,723.301,baja_fd,0.0419588247220049,14.0,0.0,-21.636768,571.531635314328,-23.54247,569.6259327233856
2021-07-10 13:00:00,4.134489472000041,0.2056083566489703,-0.9659258262890683,-0.2588190451025208,-1.0,1.2246467991473532e-16,576.204510528,580.339,707.04,baja_fd,0.0071242661134268,16.0,1.5,1.6850878,577.889598328026,2.7146904,578.9192009748537
2021-07-10 14:00:00,7.66877123851998,0.2297121688638095,-0.8660254037844388,-0.4999999999999997,-1.0,1.2246467991473532e-16,502.20622876148,509.875,611.084,baja_fd,0.0150404927453198,17.0,1.8,7.734166,509.9403949068047,8.792537,510.9987654970147
2021-07-10 15:00:00,5.986623952687523,0.341807568412352,-0.7071067811865479,-0.7071067811865471,-1.0,1.2246467991473532e-16,359.9713760473125,365.958,427.755,mixto,0.0163587732818725,17.0,2.1,2.893849,362.8652249433391,6.0356026,366.0069786168926
2021-07-10 16:00:00,-4.774619351832513,0.4932081609348982,-0.5000000000000004,-0.8660254037844385,-1.0,1.2246467991473532e-16,175.3866193518325,170.612,201.763,mixto,0.0279852492898067,16.0,2.1,-4.155988,171.23063113543236,-2.934012,172.45260741564476
2021-07-10 17:00:00,-4.835425550879998,1.0,-0.25881904510252063,-0.9659258262890683,-1.0,1.2246467991473532e-16,13.676425550879998,8.841,15.144,alta_fd,,12.0,2.6,-3.284559,10.391866539420647,-3.3095548,10.36687073558764
2021-07-11 08:00:00,-7.095602580480005,0.9643535318915372,-0.4999999999999998,0.8660254037844387,-1.0,1.2246467991473532e-16,60.534602580480005,53.439,65.184,alta_fd,0.1327794790411498,3.0,1.0,-4.664513,55.8700894693655,-4.722554,55.81204837363186
2021-07-11 09:00:00,-2.0529735326799994,0.6428379806832885,-0.7071067811865475,0.7071067811865476,-1.0,1.2246467991473532e-16,251.74197353268,249.689,281.236,mixto,0.0082221224510491,6.0,1.0,-3.0543404,248.68763317013116,-2.9901822,248.75179137134882
2021-07-11 10:00:00,0.696302494407405,0.3671271345442424,-0.8660254037844387,0.49999999999999994,-1.0,1.2246467991473532e-16,436.8116975055926,437.508,509.821,mixto,0.0015915194565754,10.0,1.0,-2.4450011,434.3666963802569,-1.9876946,434.82400288450646
2021-07-11 11:00:00,4.229224038029997,0.2504529877413103,-0.9659258262890682,0.258819045102521,-1.0,1.2246467991473532e-16,543.28877596197,547.518,653.778,baja_fd,0.0077243561636877,13.0,1.5,-0.052479688,543.2362962738919,0.40118232,543.6899582856643
2021-07-11 12:00:00,-22.111624562312382,0.2786807996271095,-1.0,1.2246467991473532e-16,-1.0,1.2246467991473532e-16,560.2786245623124,538.167,685.555,baja_fd,0.041086920161051,16.0,0.0,-20.006834,540.271790532161,-22.00603,538.2725954332841
2021-07-11 13:00:00,-17.791927774930002,0.4564936330750889,-0.9659258262890683,-0.2588190451025208,-1.0,1.2246467991473532e-16,478.40092777493,460.609,581.314,mixto,0.0386269651155969,17.6,0.0,-15.554162,462.8467657494783,-14.223862,464.17706608059405
2021-07-11 14:00:00,-10.998496683492476,0.5629921030676462,-0.8660254037844388,-0.4999999999999997,-1.0,1.2246467991473532e-16,364.2404966834925,353.242,436.911,mixto,0.0311358691307728,19.0,0.0,-9.249933,354.99056344069464,-10.710474,353.53002266921027
2021-07-11 15:00:00,-6.230512495970004,0.736721244861108,-0.7071067811865479,-0.7071067811865471,-1.0,1.2246467991473532e-16,214.33251249597,208.102,251.078,alta_fd,0.0299397050291203,19.0,0.0,-6.678229,207.65428364083695,-8.450599,205.88191377923417
2021-07-11 16:00:00,-4.5516154193924905,0.9880713071273032,-0.5000000000000004,-0.8660254037844385,-1.0,1.2246467991473532e-16,68.7876154193925,64.236,78.651,alta_fd,0.0708577031476506,18.3,0.0,-6.059962,62.72765362358561,-6.7151785,62.072436929707436
2021-07-11 17:00:00,-3.732414304812499,1.0,-0.25881904510252063,-0.9659258262890683,-1.0,1.2246467991473532e-16,10.9254143048125,7.193,12.295,alta_fd,,16.3,0.3,-4.6828637,6.2425505925017095,-4.4514036,6.474010686953614
2021-07-12 08:00:00,-6.225437209479992,0.9768299147226754,-0.4999999999999998,0.8660254037844387,-1.0,1.2246467991473532e-16,53.11243720947999,46.887,56.716,alta_fd,,1.0,0.0,-5.183709,47.92872806488771,-5.3804994,47.731937846534436
2021-07-12 09:00:00,-5.311933574812514,0.6564119740592229,-0.7071067811865475,0.7071067811865476,-1.0,1.2246467991473532e-16,249.7159335748125,244.404,276.695,mixto,0.0217342333792102,4.0,0.0,-5.678122,244.0378115312029,-6.169634,243.54629970945606
2021-07-12 10:00:00,-9.60440091700002,0.3885361342760229,-0.8660254037844387,0.49999999999999994,-1.0,1.2246467991473532e-16,429.724400917,420.12,500.78,mixto,0.0228610894910978,9.9,0.0,-9.683828,420.0405725631182,-10.187491,419.5369095000689
2021-07-12 11:00:00,-19.44029191139248,0.243015437887142,-0.9659258262890682,0.258819045102521,-1.0,1.2246467991473532e-16,564.9672919113925,545.527,661.349,baja_fd,0.0356358015485805,6.0,0.0,-18.89333,546.0739622910312,-21.262589,543.704703410416
2021-07-12 12:00:00,3.48019634520756,0.2172248468282678,-1.0,1.2246467991473532e-16,-1.0,1.2246467991473532e-16,590.7098036547925,594.19,723.341,baja_fd,0.0058570429411594,15.0,1.5,0.2318434,590.9416470518138,1.3551478,592.064951493385
2021-07-12 13:00:00,4.140823204687422,0.1992944052514749,-0.9659258262890683,-0.2588190451025208,-1.0,1.2246467991473532e-16,572.3171767953125,576.458,704.075,baja_fd,0.0071832175192076,16.7,1.5,1.5575199,573.8746967080323,2.7884865,575.1056632760254
2021-07-12 14:00:00,12.695953493879983,0.2333866983547728,-0.8660254037844388,-0.4999999999999997,-1.0,1.2246467991473532e-16,502.06104650612,514.757,610.892,baja_fd,0.0246639744459618,17.0,2.6,10.772771,512.8338173877728,11.904626,513.9656723987591
2021-07-12 15:00:00,5.923713355967493,0.3426380114124482,-0.7071067811865479,-0.7071067811865471,-1.0,1.2246467991473532e-16,360.9592866440325,366.883,428.997,mixto,0.0161460557070441,17.0,2.1,2.893849,363.8531355400591,6.0356026,366.99488921361257
2021-07-12 16:00:00,-4.566022628312453,0.5143819784618752,-0.5000000000000004,-0.8660254037844385,-1.0,1.2246467991473532e-16,175.49002262831246,170.924,201.885,mixto,0.0267137594972762,16.0,2.1,-4.155988,171.3340344119123,-3.744755,171.74526759863411
2021-07-12 17:00:00,-4.472560370119998,1.0,-0.25881904510252063,-0.9659258262890683,-1.0,1.2246467991473532e-16,14.475560370119998,10.003,16.092,alta_fd,,13.0,3.1,-3.8558857,10.61967462602515,-3.480939,10.99462145868201
2021-07-13 08:00:00,-1.9771291881924995,1.0,-0.4999999999999998,0.8660254037844387,-1.0,1.2246467991473532e-16,13.0521291881925,11.075,14.181,alta_fd,,7.0,1.0,-2.7654302,10.286698976171627,-2.9610746,10.091054597509517
2021-07-13 09:00:00,-3.629038527032492,1.0,-0.7071067811865475,0.7071067811865476,-1.0,1.2246467991473532e-16,52.97603852703249,49.347,57.853,alta_fd,,7.0,0.5,-3.9298809,49.04615766956484,-3.5480216,49.428016972085594
2021-07-13 10:00:00,-5.5135190703325065,1.0,-0.8660254037844387,0.49999999999999994,-1.0,1.2246467991473532e-16,94.0755190703325,88.562,103.287,alta_fd,0.0622560361140501,7.0,0.0,-7.206885,86.86863420934007,-5.9020605,88.17345856160448
2021-07-13 11:00:00,-7.155549865392487,1.0,-0.9659258262890682,0.258819045102521,-1.0,1.2246467991473532e-16,122.54554986539247,115.39,135.051,alta_fd,0.0620118716127262,7.0,0.0,-10.520273,112.02527665677431,-8.063448,114.48210191312197
2021-07-13 12:00:00,-6.3606546121324925,1.0,-1.0,1.2246467991473532e-16,-1.0,1.2246467991473532e-16,136.36365461213248,130.003,151.023,alta_fd,0.0489269833167887,7.8,2.6,-6.579722,129.78393268448966,-6.4069796,129.95667505128043
2021-07-13 13:00:00,-6.390687024832488,1.0,-0.9659258262890683,-0.2588190451025208,-1.0,1.2246467991473532e-16,132.40168702483248,126.011,147.013,alta_fd,0.050715310765191,8.6,2.1,-6.804957,125.5967301118381,-6.2470984,126.15458857894015
2021-07-13 14:00:00,-6.596456782130005,1.0,-0.8660254037844388,-0.4999999999999997,-1.0,1.2246467991473532e-16,112.79445678213,106.198,125.106,alta_fd,0.0621146987902785,9.0,0.0,-7.917209,104.87724763372302,-6.261649,106.5328076503551
2021-07-13 15:00:00,-4.483730352519999,1.0,-0.7071067811865479,-0.7071067811865471,-1.0,1.2246467991473532e-16,78.26773035252,73.784,86.412,alta_fd,0.0607683285335573,9.0,1.0,-4.8315125,73.43621790134813,-4.5759554,73.69177496158983
2021-07-13 16:00:00,-3.0572130137925058,1.0,-0.5000000000000004,-0.8660254037844385,-1.0,1.2246467991473532e-16,37.1012130137925,34.044,40.741,alta_fd,,9.0,1.5,-2.9594064,34.14180663790749,-2.9917397,34.109473263884055
2021-07-14 08:00:00,-2.0597573740924986,1.0,-0.4999999999999998,0.8660254037844387,-1.0,1.2246467991473532e-16,13.964757374092498,11.905,15.129,alta_fd,,6.2,1.4,-2.0691366,11.895620754524627,-2.661043,11.30371444539682
2021-07-14 09:00:00,-3.627796794392495,1.0,-0.7071067811865475,0.7071067811865476,-1.0,1.2246467991473532e-16,54.0657967943925,50.438,58.851,alta_fd,0.0719258653077539,6.1,0.7,-2.834731,51.23106569240275,-2.6693075,51.39648932407084
2021-07-14 10:00:00,-5.526114062369999,1.0,-0.8660254037844387,0.49999999999999994,-1.0,1.2246467991473532e-16,94.36911406237,88.843,103.258,alta_fd,0.0622008944134034,6.1,0.0,-7.206885,87.16222920137757,-5.9020605,88.46705355364197
2021-07-14 11:00:00,-9.974710939792487,0.847470909557529,-0.9659258262890682,0.258819045102521,-1.0,1.2246467991473532e-16,396.9777109397925,387.003,455.659,alta_fd,0.0257742470724839,7.5,0.7,-7.4230113,389.5546996368445,-9.2161665,387.7615444435156
2021-07-14 12:00:00,1.0249714240300136,0.3229624491476217,-1.0,1.2246467991473532e-16,-1.0,1.2246467991473532e-16,593.25902857597,594.284,707.078,mixto,0.0017247165059635,9.0,1.5,0.9633515,594.2223800640834,0.18337172,593.4424002986682
2021-07-14 13:00:00,3.71880330928002,0.2012055782048356,-0.9659258262890683,-0.2588190451025208,-1.0,1.2246467991473532e-16,586.70919669072,590.428,715.272,baja_fd,0.0062984873842026,14.2,1.5,1.6474789,588.3566756288227,2.7146904,589.4238871375736
2021-07-14 14:00:00,5.11989320171989,0.2239541712895446,-0.8660254037844388,-0.4999999999999997,-1.0,1.2246467991473532e-16,511.20410679828007,516.324,623.004,baja_fd,0.0099160472914679,17.0,1.5,3.6388772,514.8429839516766,4.6300397,515.8341464902051
2021-07-14 15:00:00,-6.539148521969992,0.3297752845878197,-0.7071067811865479,-0.7071067811865471,-1.0,1.2246467991473532e-16,368.75314852197,362.214,440.722,mixto,0.0180532738159485,18.0,0.0,-6.713474,362.0396747251255,-6.617441,362.1357073446018
2021-07-14 16:00:00,-7.376796530120004,0.4768492125073574,-0.5000000000000004,-0.8660254037844385,-1.0,1.2246467991473532e-16,188.47579653012,181.099,219.292,mixto,0.0407335022839441,18.3,0.0,-6.973729,181.50206739651404,-6.081166,182.39463073956213
2021-07-14 17:00:00,-4.570519120369999,1.0,-0.25881904510252063,-0.9659258262890683,-1.0,1.2246467991473532e-16,15.15251912037,10.582,17.042,alta_fd,,16.0,2.6,-3.2169387,11.935580386315435,-3.3748431,11.777675999795049
2021-07-15 08:00:00,-4.601828308000002,0.992299642117113,-0.4999999999999998,0.8660254037844387,-1.0,1.2246467991473532e-16,39.662828308,35.061,43.24,alta_fd,,7.0,0.0,-4.1493735,35.51345477665845,-4.7796903,34.883138042344484
2021-07-15 09:00:00,-3.5200526832500145,0.896355769397202,-0.7071067811865475,0.7071067811865476,-1.0,1.2246467991473532e-16,148.82005268325003,145.3,165.87,alta_fd,0.0242261024311769,9.0,2.1,-3.7298348,145.09021788825186,-4.1472907,144.6727619766155
2021-07-15 10:00:00,-3.3958090421299687,0.9742349170416448,-0.8660254037844387,0.49999999999999994,-1.0,1.2246467991473532e-16,188.28180904213,184.886,210.494,alta_fd,0.0183670426215612,8.4,5.1,-3.672103,184.60970611396837,-4.0429144,184.23889465156603
2021-07-15 11:00:00,-4.088634432812484,0.982879762214035,-0.9659258262890682,0.258819045102521,-1.0,1.2246467991473532e-16,207.1736344328125,203.085,232.775,alta_fd,0.0201326264018144,9.0,6.2,-4.4964466,202.67718782331542,-4.572267,202.60136737730102
2021-07-15 12:00:00,-5.462170333932477,0.9919293698695936,-1.0,1.2246467991473532e-16,-1.0,1.2246467991473532e-16,183.36817033393248,177.906,206.983,alta_fd,0.0307025639041543,11.0,5.1,-5.0695114,178.29865892035826,-5.5194116,177.8487587700592
2021-07-15 13:00:00,-5.851001118279996,1.0,-0.9659258262890683,-0.2588190451025208,-1.0,1.2246467991473532e-16,133.18200111828,127.331,148.996,alta_fd,0.045951112598503,10.5,4.1,-5.6694355,127.51256561718137,-5.539437,127.64256430111081
2021-07-15 14:00:00,-4.896766536132503,0.9937975566701456,-0.8660254037844388,-0.4999999999999997,-1.0,1.2246467991473532e-16,154.1597665361325,149.263,172.623,alta_fd,0.0328062985209496,10.0,5.1,-4.117086,150.0426806024472,-4.0284586,150.13130794085663
2021-07-15 15:00:00,-4.701607194932535,0.9849098879307528,-0.7071067811865479,-0.7071067811865471,-1.0,1.2246467991473532e-16,135.03960719493253,130.338,150.817,alta_fd,0.0360724208974553,10.0,2.1,-3.8387172,131.20088997271878,-4.573711,130.46589627650602
2021-07-15 16:00:00,-4.300560127520001,0.9845085131135152,-0.5000000000000004,-0.8660254037844385,-1.0,1.2246467991473532e-16,74.93656012752,70.636,83.112,alta_fd,0.0608834040364686,10.3,1.0,-4.379519,70.5570411417717,-4.9121666,70.02439353206101
2021-07-15 17:00:00,-2.8041940715700004,1.0,-0.25881904510252063,-0.9659258262890683,-1.0,1.2246467991473532e-16,9.46719407157,6.663,10.398,alta_fd,,10.0,0.0,-4.453582,5.013612261572442,-4.094317,5.372877112188897
2021-07-16 08:00:00,-7.304533653092498,0.9571471525282788,-0.4999999999999998,0.8660254037844387,-1.0,1.2246467991473532e-16,63.7165336530925,56.412,69.679,alta_fd,0.1294854579361217,7.0,0.0,-5.556944,58.15958975965988,-5.8971786,57.819355003190154
2021-07-16 09:00:00,-1.6014991283925042,0.5939573411561452,-0.7071067811865475,0.7071067811865476,-1.0,1.2246467991473532e-16,251.9274991283925,250.326,284.851,mixto,0.0063976539727895,9.0,1.0,-3.0543404,248.87315876584367,-2.4885826,249.4389165173085
2021-07-16 10:00:00,4.905332153167478,0.586088789411659,-0.8660254037844387,0.49999999999999994,-1.0,1.2246467991473532e-16,357.80766784683254,362.713,413.963,mixto,0.0135240042489998,10.8,3.1,3.0823836,360.89005147949246,2.3469317,360.15459954277065
2021-07-16 11:00:00,1.5736146800300048,0.579067852871178,-0.9659258262890682,0.258819045102521,-1.0,1.2246467991473532e-16,433.30138531997,434.875,507.622,mixto,0.003618544823294,11.0,2.1,0.17576367,433.4771489865998,-1.0994216,432.20196369960104
2021-07-16 12:00:00,-17.508847941320028,0.5470943915019515,-1.0,1.2246467991473532e-16,-1.0,1.2246467991473532e-16,453.77084794132,436.262,535.652,mixto,0.0401337910276852,12.0,0.0,-14.773887,438.996961260717,-15.962616,437.80823197452315
2021-07-16 13:00:00,-3.9849885933300015,0.670517692422679,-0.9659258262890683,-0.2588190451025208,-1.0,1.2246467991473532e-16,395.82798859333,391.843,466.574,mixto,0.0101698603607312,13.8,1.5,-3.7500532,392.0779354259869,-5.6329823,390.1950063393017
2021-07-16 14:00:00,-4.20037391773252,0.7259858010989461,-0.8660254037844388,-0.4999999999999997,-1.0,1.2246467991473532e-16,325.41837391773254,321.218,367.343,alta_fd,0.0130763964588924,6.0,1.5,-3.1477797,322.2705942145923,-4.3910465,321.0273273936847
2021-07-16 15:00:00,-3.27643367113248,0.8088727748148465,-0.7071067811865479,-0.7071067811865471,-1.0,1.2246467991473532e-16,202.65243367113248,199.376,224.873,alta_fd,0.0164334406906171,6.0,2.1,-3.3705192,199.28191450990812,-4.234751,198.41768244661466
2021-07-16 16:00:00,-4.139228167932501,0.977053906889823,-0.5000000000000004,-0.8660254037844385,-1.0,1.2246467991473532e-16,75.5832281679325,71.444,84.983,alta_fd,0.0579366800281689,13.8,2.1,-4.1450944,71.43813377324867,-4.601364,70.98186403219032
2021-07-16 17:00:00,-3.7903138771200022,1.0,-0.25881904510252063,-0.9659258262890683,-1.0,1.2246467991473532e-16,12.769313877120002,8.979,14.192,alta_fd,,13.0,2.1,-2.9512477,9.818066185011848,-2.863542,9.905771797194465
2021-07-17 08:00:00,-4.082061120312503,1.0,-0.4999999999999998,0.8660254037844387,-1.0,1.2246467991473532e-16,38.337061120312505,34.255,41.475,alta_fd,,5.0,2.1,-2.3141117,36.02294941071778,-2.296865,36.04019613389283
2021-07-17 09:00:00,-5.150139822592493,0.9681661875549348,-0.7071067811865475,0.7071067811865476,-1.0,1.2246467991473532e-16,112.4601398225925,107.31,123.771,alta_fd,0.047993102437727,7.0,0.0,-6.3989177,106.06122214757418,-6.2669263,106.19321353398776
2021-07-17 10:00:00,-4.775633145812506,1.0,-0.8660254037844387,0.49999999999999994,-1.0,1.2246467991473532e-16,95.4116331458125,90.636,105.215,alta_fd,0.0526902461032316,8.1,2.6,-4.3997345,91.01189864874219,-4.7566323,90.65500081777905
2021-07-17 11:00:00,-10.615554463249993,0.849530158528368,-0.9659258262890682,0.258819045102521,-1.0,1.2246467991473532e-16,263.42255446325,252.807,300.77,alta_fd,0.041990745759611,11.0,0.0,-10.828492,252.59406229863816,-10.072581,253.34997317205125
2021-07-17 12:00:00,-3.734464791332471,0.6369185050308376,-1.0,1.2246467991473532e-16,-1.0,1.2246467991473532e-16,418.1594647913325,414.425,495.087,mixto,0.0090111957322373,14.0,1.5,-3.089951,415.0695137529719,-5.728756,412.43070884040475
2021-07-17 13:00:00,8.757184196750018,0.471568129029634,-0.9659258262890683,-0.2588190451025208,-1.0,1.2246467991473532e-16,493.52481580325,502.282,594.77,mixto,0.0174347959846262,15.2,3.1,9.062853,502.5876686627471,9.223013,502.74782872744436
2021-07-17 14:00:00,5.653681527507501,0.5527831089538614,-0.8660254037844388,-0.4999999999999997,-1.0,1.2246467991473532e-16,383.5503184724925,389.204,453.561,mixto,0.0145262677863215,15.0,3.6,5.778341,389.3286592889903,4.114075,387.6643936563609
2021-07-17 15:00:00,0.1732872412299855,0.7272680698472354,-0.7071067811865479,-0.7071067811865471,-1.0,1.2246467991473532e-16,229.82171275877,229.995,264.338,alta_fd,0.0007534391670687,14.0,4.6,-0.940482,228.88123073839188,-2.787683,227.03402974866867
2021-07-17 16:00:00,-3.935236951192493,0.977160404596565,-0.5000000000000004,-0.8660254037844385,-1.0,1.2246467991473532e-16,76.6982369511925,72.763,85.981,alta_fd,0.0540829398347029,13.0,4.1,-3.054083,73.64415384229052,-3.8819869,72.81625009473193
2021-07-17 17:00:00,-2.713655831569998,1.0,-0.25881904510252063,-0.9659258262890683,-1.0,1.2246467991473532e-16,9.395655831569998,6.682,10.398,alta_fd,,12.0,3.6,-4.204432,5.1912238209193635,-3.8574443,5.538211545223563
2021-07-18 08:00:00,-2.9506219717300013,1.0,-0.4999999999999998,0.8660254037844387,-1.0,1.2246467991473532e-16,23.367621971730003,20.417,25.566,alta_fd,,8.5,0.7,-2.7018514,20.665770603779563,-2.7218738,20.645748211506614
2021-07-18 09:00:00,-4.4911508341324975,0.9798382383503376,-0.7071067811865475,0.7071067811865476,-1.0,1.2246467991473532e-16,102.44815083413248,97.957,113.473,alta_fd,0.0458481867975999,9.0,1.0,-4.771956,97.67619486718301,-5.0457296,97.40242119698648
2021-07-18 10:00:00,-5.499356217992499,0.974213929255806,-0.8660254037844387,0.49999999999999994,-1.0,1.2246467991473532e-16,188.8963562179925,183.397,213.389,alta_fd,0.0299860751156916,11.0,1.5,-5.248954,183.6474023987176,-5.6215205,183.2748356987359
2021-07-18 11:00:00,-5.606108949320003,0.6473313471373333,-0.9659258262890682,0.258819045102521,-1.0,1.2246467991473532e-16,386.12110894932,380.515,450.948,mixto,0.0147329512616322,12.0,1.0,-6.33011,379.7909988762304,-6.8336754,379.2874335647985
2021-07-18 12:00:00,-6.139825011692608,0.4848844127964117,-1.0,1.2246467991473532e-16,-1.0,1.2246467991473532e-16,505.3568250116926,499.217,606.969,mixto,0.0122989101166278,14.0,1.0,-5.701484,499.65534080835397,-4.194714,501.16211094232614
2021-07-18 13:00:00,1.4515355980801132,0.3159419230382843,-0.9659258262890683,-0.2588190451025208,-1.0,1.2246467991473532e-16,553.8544644019199,555.306,671.968,mixto,0.0026139382576095,14.4,1.5,0.32111827,554.1755826673103,1.5321939,555.3866583010746
2021-07-18 14:00:00,-0.9018539332500382,0.2535465083315131,-0.8660254037844388,-0.4999999999999997,-1.0,1.2246467991473532e-16,507.58985393325,506.688,612.63,baja_fd,0.0017798999251019,15.0,1.0,-0.6843848,506.90546911040457,-0.43034384,507.1595100967041
2021-07-18 15:00:00,3.9633988242700298,0.3107419770337558,-0.7071067811865479,-0.7071067811865471,-1.0,1.2246467991473532e-16,382.67760117573,386.641,452.466,mixto,0.0102508498174534,15.0,1.5,0.640996,383.3185971550391,2.9717786,385.6493798069403
2021-07-18 16:00:00,-5.072959342079997,0.4625904350750587,-0.5000000000000004,-0.8660254037844385,-1.0,1.2246467991473532e-16,199.49795934208,194.425,229.376,mixto,0.0260921143992799,15.0,1.0,-5.0811577,194.41680165775384,-2.7709596,196.7269997263726
2021-07-18 17:00:00,-4.332577620792502,1.0,-0.25881904510252063,-0.9659258262890683,-1.0,1.2246467991473532e-16,17.0325776207925,12.7,18.941,alta_fd,,13.0,1.0,-3.572198,13.460379706668967,-3.519259,13.513318644809836
2021-07-19 08:00:00,-5.378446092532499,0.9831069005189076,-0.4999999999999998,0.8660254037844387,-1.0,1.2246467991473532e-16,50.8144460925325,45.436,54.047,alta_fd,,0.0,0.0,-5.071267,45.74317896454178,-5.098401,45.716045022891386
2021-07-19 09:00:00,-5.163010814280028,0.6333967952765446,-0.7071067811865475,0.7071067811865476,-1.0,1.2246467991473532e-16,264.12501081428,258.962,294.404,mixto,0.0199373298564269,5.0,0.0,-5.718775,258.4062360187478,-6.056498,258.0685127635903
2021-07-19 10:00:00,-10.827075602892478,0.3458765347862643,-0.8660254037844387,0.49999999999999994,-1.0,1.2246467991473532e-16,454.75307560289247,443.926,530.201,mixto,0.0243893703069711,9.1,0.0,-9.872429,444.8806467088495,-10.697553,444.0555229219232
2021-07-19 11:00:00,-20.664429956792446,0.2257858010660064,-0.9659258262890682,0.258819045102521,-1.0,1.2246467991473532e-16,568.7544299567925,548.09,684.291,baja_fd,0.0377026217533478,12.0,0.0,-19.191414,549.563016077398,-20.934155,547.8202754462944
2021-07-19 12:00:00,-25.99235713876999,0.1830459491230263,-1.0,1.2246467991473532e-16,-1.0,1.2246467991473532e-16,608.98335713877,582.991,748.162,baja_fd,0.0445844912507568,15.0,0.0,-22.654903,586.3284537269047,-26.048012,582.9353453589848
2021-07-19 13:00:00,-24.404295407812583,0.1950158489520712,-0.9659258262890683,-0.2588190451025208,-1.0,1.2246467991473532e-16,590.4252954078125,566.021,731.825,baja_fd,0.0431155300029726,17.6,0.0,-20.932306,569.4929891181397,-22.086002,568.339293057959
2021-07-19 14:00:00,-16.56866535248014,0.2102676957853862,-0.8660254037844388,-0.4999999999999997,-1.0,1.2246467991473532e-16,521.0206653524801,504.452,638.984,baja_fd,0.0328448798943807,18.0,0.0,-14.29835,506.72231501831266,-18.426714,502.5939514089987
2021-07-19 15:00:00,-7.018544274812484,0.3153649358296519,-0.7071067811865479,-0.7071067811865471,-1.0,1.2246467991473532e-16,378.1915442748125,371.173,456.695,mixto,0.0189090916494801,20.0,0.0,-7.7133036,370.4782407088335,-8.993536,369.1980082793291
2021-07-19 16:00:00,-4.157539988480011,0.4539758939805386,-0.5000000000000004,-0.8660254037844385,-1.0,1.2246467991473532e-16,199.21153998848,195.054,233.216,mixto,0.0213148153253971,19.4,1.5,-4.2081604,195.0033795880894,-0.09889628,199.11264370854894
2021-07-19 17:00:00,-4.639894229232501,1.0,-0.25881904510252063,-0.9659258262890683,-1.0,1.2246467991473532e-16,17.612894229232502,12.973,19.893,alta_fd,,17.0,0.0,-5.3255877,12.287306479751301,-4.892945,12.719949416457844
2021-07-20 08:00:00,-7.020061988479995,0.9552332295508812,-0.4999999999999998,0.8660254037844387,-1.0,1.2246467991473532e-16,68.42506198848,61.405,73.616,alta_fd,0.1143239473736665,2.5,1.0,-5.114122,63.310940074570084,-5.121782,63.30328016246071
2021-07-20 09:00:00,1.3444467676075649,0.5562185290451129,-0.7071067811865475,0.7071067811865476,-1.0,1.2246467991473532e-16,270.94555323239246,272.29,303.501,mixto,0.0049375546939203,6.0,2.1,-0.82644737,270.1191058647243,1.2694777,272.21503095742145
2021-07-20 10:00:00,-4.643596319932499,0.4301272795331582,-0.8660254037844387,0.49999999999999994,-1.0,1.2246467991473532e-16,419.4205963199325,414.777,489.033,mixto,0.0111954045666285,10.4,0.5,-5.8816233,413.53897305180504,-5.176564,414.2440321033187
2021-07-20 11:00:00,-4.3176123435699765,0.4797273265218111,-0.9659258262890682,0.258819045102521,-1.0,1.2246467991473532e-16,486.41961234357,482.102,581.598,mixto,0.0089558067453982,13.7,1.0,-5.395445,481.0241674735749,-4.8333435,481.58626883771063
2021-07-20 12:00:00,-1.436266724680081,0.4948448959659822,-1.0,1.2246467991473532e-16,-1.0,1.2246467991473532e-16,489.58826672468007,488.152,594.436,mixto,0.0029422530783036,17.0,1.5,-1.041561,488.5467057171804,-2.6960547,486.8922120276433
2021-07-20 13:00:00,-6.338445332480035,0.6102170300884807,-0.9659258262890683,-0.2588190451025208,-1.0,1.2246467991473532e-16,412.74244533248,406.404,497.984,mixto,0.0155964147313511,18.5,1.0,-6.0145106,406.7279347009187,-7.545654,405.19679151244213
2021-07-20 14:00:00,-7.954816814720004,0.6735462212128716,-0.8660254037844388,-0.4999999999999997,-1.0,1.2246467991473532e-16,346.69181681472,338.737,414.672,mixto,0.0234837552871992,19.0,0.5,-6.0270567,340.66476012068927,-7.8726683,338.81914854842364
2021-07-20 15:00:00,-5.103235269120034,0.728696088799876,-0.7071067811865479,-0.7071067811865471,-1.0,1.2246467991473532e-16,248.77423526912003,243.671,294.208,alta_fd,0.0209431375466101,20.0,0.5,-5.1210747,243.65316059260635,-6.7832317,241.99100353389053
2021-07-20 16:00:00,-4.345587974529977,0.8190820465401161,-0.5000000000000004,-0.8660254037844385,-1.0,1.2246467991473532e-16,121.26658797452998,116.921,139.254,alta_fd,0.037166873141095,17.5,2.1,-4.2271886,117.03939938734126,-4.917417,116.34917092512202
2021-07-20 17:00:00,-4.002574156992502,1.0,-0.25881904510252063,-0.9659258262890683,-1.0,1.2246467991473532e-16,16.0545741569925,12.052,17.989,alta_fd,,15.0,2.6,-3.2545478,12.800026322596139,-3.3748431,12.67973103641755
2021-07-21 08:00:00,-2.141369898132501,1.0,-0.4999999999999998,0.8660254037844387,-1.0,1.2246467991473532e-16,15.8383698981325,13.697,17.023,alta_fd,,4.0,1.5,-2.5753467,13.26302318983477,-2.6419723,13.196397594741997
2021-07-21 09:00:00,-3.646390728932495,1.0,-0.7071067811865475,0.7071067811865476,-1.0,1.2246467991473532e-16,58.0903907289325,54.444,62.767,alta_fd,0.0669750703279056,4.0,1.5,-3.2213798,54.86901097200501,-3.1451702,54.945220517140505
2021-07-21 10:00:00,-5.798901443250017,1.0,-0.8660254037844387,0.49999999999999994,-1.0,1.2246467991473532e-16,100.11590144325,94.317,109.17,alta_fd,0.0614830989455773,5.0,0.0,-7.206885,92.90901658225756,-5.9020605,94.21384093452197
2021-07-21 11:00:00,-7.84499034369253,0.9339884649073042,-0.9659258262890682,0.258819045102521,-1.0,1.2246467991473532e-16,229.6459903436925,221.801,255.769,alta_fd,0.0353694994327912,6.0,1.0,-7.9763966,221.66959378302354,-7.905696,221.74029442847032
2021-07-21 12:00:00,-14.76291491773003,0.7686772785980881,-1.0,1.2246467991473532e-16,-1.0,1.2246467991473532e-16,352.26791491773,337.505,404.166,alta_fd,0.0437413221070207,9.0,0.0,-11.923131,340.3447839286553,-13.44136,338.8265544440972
2021-07-21 13:00:00,5.345329848507504,0.6220350529311769,-0.9659258262890683,-0.2588190451025208,-1.0,1.2246467991473532e-16,423.5276701514925,428.873,496.689,mixto,0.0124636660468425,11.6,4.1,5.1753507,428.70302081753863,2.3711019,425.8987720077242
2021-07-21 14:00:00,0.5139280750000239,0.7767574062909051,-0.8660254037844388,-0.4999999999999997,-1.0,1.2246467991473532e-16,293.097071925,293.611,338.9,alta_fd,0.0017503706434705,13.0,5.1,0.61444753,293.71151945908434,-2.5393634,290.5577085407532
2021-07-21 15:00:00,-3.836677642592463,0.9443094602256684,-0.7071067811865479,-0.7071067811865471,-1.0,1.2246467991473532e-16,143.76167764259247,139.925,162.021,alta_fd,0.0274195293378056,12.0,4.4,-2.829215,140.93246259284882,-3.952036,139.8096417386618
2021-07-21 16:00:00,-3.1229405267924903,1.0,-0.5000000000000004,-0.8660254037844385,-1.0,1.2246467991473532e-16,41.12194052679249,37.999,45.491,alta_fd,,10.8,3.6,-2.1653516,38.95658889753529,-2.5764406,38.545499954053845
2021-07-22 08:00:00,-2.1288107781325003,1.0,-0.4999999999999998,0.8660254037844387,-1.0,1.2246467991473532e-16,15.7798107781325,13.651,17.023,alta_fd,,5.0,1.5,-2.387028,13.392782799235405,-2.6419723,13.137838474741997
2021-07-22 09:00:00,-3.547902094879994,1.0,-0.7071067811865475,0.7071067811865476,-1.0,1.2246467991473532e-16,57.20590209488,53.658,62.744,alta_fd,0.0661206547929478,8.0,3.1,-1.9731106,55.232791538277525,-2.8908563,54.315045828858274
2021-07-22 10:00:00,-4.896925500092493,1.0,-0.8660254037844387,0.49999999999999994,-1.0,1.2246467991473532e-16,98.35192550009248,93.455,109.129,alta_fd,0.0523987534117221,9.6,2.6,-4.3997345,93.95219100302216,-4.8857427,93.46618283575532
2021-07-22 11:00:00,-6.036135553492485,1.0,-0.9659258262890682,0.258819045102521,-1.0,1.2246467991473532e-16,128.0821355534925,122.046,142.911,alta_fd,0.0494578728798361,10.0,2.6,-6.16894,121.91319548620123,-6.0723906,122.00974499715704
2021-07-22 12:00:00,-7.463869911679978,1.0,-1.0,1.2246467991473532e-16,-1.0,1.2246467991473532e-16,141.56086991168,134.097,158.864,alta_fd,0.0556602303681661,11.0,1.0,-8.934029,132.6268412861917,-7.927099,133.6337706837747
2021-07-22 13:00:00,-7.688200831249986,1.0,-0.9659258262890683,-0.2588190451025208,-1.0,1.2246467991473532e-16,137.51820083125,129.83,154.85,alta_fd,0.0592174445910035,12.0,0.5,-10.321648,127.19655318720703,-8.448376,129.0698251293457
2021-07-22 14:00:00,-6.041509845392511,1.0,-0.8660254037844388,-0.4999999999999997,-1.0,1.2246467991473532e-16,118.38150984539251,112.34,132.949,alta_fd,0.0537787951343467,12.0,1.5,-5.734224,112.64728600277166,-5.309875,113.07163483394842
2021-07-22 15:00:00,-4.913339129480008,1.0,-0.7071067811865479,-0.7071067811865471,-1.0,1.2246467991473532e-16,84.66933912948001,79.756,94.284,alta_fd,0.0616046332499123,11.0,0.5,-5.568434,79.10090536788333,-5.2804008,79.38893837645877
2021-07-22 16:00:00,-3.259000146369999,1.0,-0.5000000000000004,-0.8660254037844385,-1.0,1.2246467991473532e-16,41.88100014637,38.622,46.442,alta_fd,,11.4,1.0,-3.6360075,38.24499259899146,-3.4082477,38.47275243709571
2021-07-23 08:00:00,-2.1986388032500006,1.0,-0.4999999999999998,0.8660254037844387,-1.0,1.2246467991473532e-16,16.71763880325,14.519,17.97,alta_fd,,4.0,1.0,-3.0451005,13.672538352734254,-2.9847684,13.732870412594483
2021-07-23 09:00:00,-3.735489174919998,1.0,-0.7071067811865475,0.7071067811865476,-1.0,1.2246467991473532e-16,58.80148917492,55.066,63.732,alta_fd,0.0678365811012239,4.8,1.0,-3.6868155,55.1146736746606,-3.4027147,55.39877444561092
2021-07-23 10:00:00,-5.364354283520001,1.0,-0.8660254037844387,0.49999999999999994,-1.0,1.2246467991473532e-16,100.74135428352,95.377,110.112,alta_fd,0.0562436885571993,5.6,1.0,-5.903461,94.83789330405833,-5.4470396,95.29431467933298
2021-07-23 11:00:00,-12.628809187729985,0.8442402803052924,-0.9659258262890682,0.258819045102521,-1.0,1.2246467991473532e-16,414.41980918773,401.791,477.534,alta_fd,0.0314312893711655,7.8,0.5,-8.986404,405.43340476878467,-10.357118,404.0626915348369
2021-07-23 12:00:00,-27.777187495312543,0.2913511564460998,-1.0,1.2246467991473532e-16,-1.0,1.2246467991473532e-16,614.5691874953126,586.792,738.475,baja_fd,0.047337365702519,10.0,0.0,-22.224417,592.3447707625245,-23.581453,590.9877341719483
2021-07-23 13:00:00,-26.356138516929832,0.1735618752603264,-0.9659258262890683,-0.2588190451025208,-1.0,1.2246467991473532e-16,616.6621385169299,590.306,747.414,baja_fd,0.0446482646575332,11.8,0.0,-21.26166,595.4004788947375,-23.82559,592.8365483832629
2021-07-23 14:00:00,4.361412992480041,0.2064586968901816,-0.8660254037844388,-0.4999999999999997,-1.0,1.2246467991473532e-16,541.92258700752,546.284,651.688,baja_fd,0.0079837831466417,12.9,1.5,3.8622208,545.7848077716801,4.198002,546.1205888690922
2021-07-23 15:00:00,10.217665615187514,0.3101678239635948,-0.7071067811865479,-0.7071067811865471,-1.0,1.2246467991473532e-16,400.2333343848125,410.451,472.505,mixto,0.0248937525190278,14.0,3.1,6.953828,407.1871622427837,10.38293,410.6162641867534
2021-07-23 16:00:00,-1.7289591093299634,0.4439721143895972,-0.5000000000000004,-0.8660254037844385,-1.0,1.2246467991473532e-16,213.28395910933,211.555,244.226,mixto,0.008172622293635,13.5,3.6,-1.506256,211.77770312502366,1.7259487,215.0099078006981
2021-07-23 17:00:00,-4.354195933132498,1.0,-0.25881904510252063,-0.9659258262890683,-1.0,1.2246467991473532e-16,19.801195933132497,15.447,21.927,alta_fd,,11.8,2.7,-3.317762,16.483434035091726,-3.3034956,16.497700287609426
2021-07-24 08:00:00,-5.813329978192492,0.9690796842865732,-0.4999999999999998,0.8660254037844387,-1.0,1.2246467991473532e-16,57.748329978192494,51.935,61.931,alta_fd,0.1119347256800325,2.0,0.0,-5.3468885,52.4014414360172,-5.529683,52.21864686509435
2021-07-24 09:00:00,-5.484657380130017,0.9163406704535898,-0.7071067811865475,0.7071067811865476,-1.0,1.2246467991473532e-16,149.12465738013,143.64,162.406,alta_fd,0.0381833568652883,3.0,0.0,-6.661885,142.46277259543152,-6.7186117,142.40604566290588
2021-07-24 10:00:00,-5.907057424129988,1.0,-0.8660254037844387,0.49999999999999994,-1.0,1.2246467991473532e-16,101.62805742413,95.721,111.094,alta_fd,0.0617111963323616,5.6,0.0,-7.206885,94.42117256313757,-5.9020605,95.72599691540198
2021-07-24 11:00:00,-7.718083993432501,1.0,-0.9659258262890682,0.258819045102521,-1.0,1.2246467991473532e-16,131.7980839934325,124.08,144.867,alta_fd,0.0622024822165739,6.0,0.0,-10.860474,120.93761036062,-8.239062,123.55902168416736
2021-07-24 12:00:00,-8.610477669169995,1.0,-1.0,1.2246467991473532e-16,-1.0,1.2246467991473532e-16,143.82147766917,135.211,160.818,alta_fd,0.0636817837984335,10.0,0.0,-11.355918,132.46555973856698,-8.73392,135.08755757181893
2021-07-24 13:00:00,-7.843130031932503,1.0,-0.9659258262890683,-0.2588190451025208,-1.0,1.2246467991473532e-16,140.9311300319325,133.088,157.833,alta_fd,0.0589319099538087,10.5,0.5,-10.321648,130.60948238788953,-8.448376,132.4827543300282
2021-07-24 14:00:00,-8.42882954448001,0.990889646613382,-0.8660254037844388,-0.4999999999999997,-1.0,1.2246467991473532e-16,163.01582954448,154.587,184.216,alta_fd,0.0545248277311805,12.0,0.0,-8.381308,154.6345219425513,-7.443156,155.57267377894655
2021-07-24 15:00:00,-5.647813255332466,0.9825338747226738,-0.7071067811865479,-0.7071067811865471,-1.0,1.2246467991473532e-16,149.27981325533247,143.632,164.463,alta_fd,0.0393214134408242,6.0,1.0,-5.3617935,143.91801973726606,-5.590976,143.68883701708174
2021-07-24 16:00:00,-4.413878292932495,0.9676961532477892,-0.5000000000000004,-0.8660254037844385,-1.0,1.2246467991473532e-16,86.3778782929325,81.964,96.433,alta_fd,0.0538514261496815,11.6,1.0,-4.7647305,81.61314783944128,-5.4626455,80.91523276223181
2021-07-24 17:00:00,-2.56728259412,1.0,-0.25881904510252063,-0.9659258262890683,-1.0,1.2246467991473532e-16,11.35828259412,8.791,12.292,alta_fd,,6.0,1.5,-3.0558774,8.302405146991704,-3.089944,8.268338708316778
2021-07-25 08:00:00,-2.2564093071699998,1.0,-0.4999999999999998,0.8660254037844387,-1.0,1.2246467991473532e-16,17.40240930717,15.146,18.918,alta_fd,,7.0,1.0,-2.7654302,14.636979095149126,-2.9610746,14.441334716487017
2021-07-25 09:00:00,-3.8047307412799967,1.0,-0.7071067811865475,0.7071067811865476,-1.0,1.2246467991473532e-16,59.88373074128,56.079,65.704,alta_fd,0.067845909186683,8.0,1.0,-3.704251,56.1794796903309,-3.4027147,56.481016011970915
2021-07-25 10:00:00,-5.261251187330004,1.0,-0.8660254037844387,0.49999999999999994,-1.0,1.2246467991473532e-16,101.43325118733,96.172,112.074,alta_fd,0.0547066837263445,8.4,1.5,-5.1011205,96.33213071537565,-5.0434084,96.38984279347014
2021-07-25 11:00:00,-6.158634300232478,1.0,-0.9659258262890682,0.258819045102521,-1.0,1.2246467991473532e-16,131.16563430023248,125.007,145.843,alta_fd,0.0492663154881924,9.0,2.6,-6.16894,124.99669423294122,-6.0723906,125.09324374389703
2021-07-25 12:00:00,-8.690161669120016,1.0,-1.0,1.2246467991473532e-16,-1.0,1.2246467991473532e-16,145.23216166912002,136.542,161.792,alta_fd,0.0636446050967469,9.0,0.0,-11.355918,133.876243738517,-8.73392,136.49824157176894
2021-07-25 13:00:00,-6.626744665119986,1.0,-0.9659258262890683,-0.2588190451025208,-1.0,1.2246467991473532e-16,142.27674466512,135.65,158.808,alta_fd,0.0488517852201989,9.6,2.6,-6.254951,136.02179366490637,-6.2055163,136.0712283267716
2021-07-25 14:00:00,-6.182160023169985,1.0,-0.8660254037844388,-0.4999999999999997,-1.0,1.2246467991473532e-16,121.88516002317,115.703,135.882,alta_fd,0.0534312854737559,10.0,1.5,-5.6909485,116.19421153684188,-5.309875,116.57528501172591
2021-07-25 15:00:00,-4.859598163250013,1.0,-0.7071067811865479,-0.7071067811865471,-1.0,1.2246467991473532e-16,87.61859816325001,82.759,97.23,alta_fd,0.0587198753398423,10.0,1.0,-4.8178916,82.80070656550221,-4.6277566,82.99084156763844
2021-07-25 16:00:00,-3.271715538369996,1.0,-0.5000000000000004,-0.8660254037844385,-1.0,1.2246467991473532e-16,43.80071553837,40.529,48.342,alta_fd,,10.1,1.5,-3.2012658,40.59944972644983,-3.061937,40.73877844463526
2021-07-25 17:00:00,-2.300356618879998,1.0,-0.25881904510252063,-0.9659258262890683,-1.0,1.2246467991473532e-16,10.327356618879998,8.027,11.344,alta_fd,,10.0,1.5,-3.0558774,7.271479171751702,-3.089944,7.237412733076775
2021-07-26 08:00:00,-2.771602387999998,1.0,-0.4999999999999998,0.8660254037844387,-1.0,1.2246467991473532e-16,24.021602388,21.25,25.56,alta_fd,,1.0,0.0,-4.278594,19.743008370971193,-3.8368602,20.18474220809888
2021-07-26 09:00:00,-5.1155499578125045,0.9871779289723704,-0.7071067811865475,0.7071067811865476,-1.0,1.2246467991473532e-16,105.5025499578125,100.387,113.825,alta_fd,0.050958290991986,2.0,0.0,-5.7930202,99.70952970939942,-6.0313196,99.47123033958741
2021-07-26 10:00:00,-5.915209956032498,0.8775206497883515,-0.8660254037844387,0.49999999999999994,-1.0,1.2246467991473532e-16,222.5022099560325,216.587,246.597,alta_fd,0.0273110110765304,5.0,1.0,-5.677675,216.82453518567726,-6.1349554,216.36725454984352
2021-07-26 11:00:00,-10.21502253276998,0.8072979967948044,-0.9659258262890682,0.258819045102521,-1.0,1.2246467991473532e-16,330.06602253277,319.851,374.362,alta_fd,0.0319368159948537,7.0,0.5,-9.206724,320.85929836589986,-9.366641,320.6993814881533
2021-07-26 12:00:00,-17.17549693248003,0.7592344109960694,-1.0,1.2246467991473532e-16,-1.0,1.2246467991473532e-16,393.34949693248,376.174,456.016,alta_fd,0.0456583839725234,10.0,0.0,-13.720802,379.6286946253511,-15.280309,378.0691882090303
2021-07-26 13:00:00,-17.666999156999964,0.6956323573231176,-0.9659258262890683,-0.2588190451025208,-1.0,1.2246467991473532e-16,417.171999157,399.505,490.22,mixto,0.0442222228933304,12.3,0.0,-12.734263,404.43773573689504,-14.201901,402.97009772114797
2021-07-26 14:00:00,-4.285492924999971,0.7222126678297905,-0.8660254037844388,-0.4999999999999997,-1.0,1.2246467991473532e-16,336.047492925,331.762,391.1,alta_fd,0.0129173712631343,13.0,1.5,-2.640764,333.40672892696836,-4.6468678,331.4006251729248
2021-07-26 15:00:00,-3.177187199999992,0.8003018363769583,-0.7071067811865479,-0.7071067811865471,-1.0,1.2246467991473532e-16,214.1911872,211.014,244.8,alta_fd,0.015056760214962,13.0,2.1,-2.6893952,211.50179201071472,-4.0318313,210.15935593550415
2021-07-26 16:00:00,-4.083295827432494,0.961012323390368,-0.5000000000000004,-0.8660254037844385,-1.0,1.2246467991473532e-16,88.4562958274325,84.373,99.283,alta_fd,0.0483957643728739,12.9,2.6,-3.5576205,84.89867530207239,-4.6851735,83.77112231592737
2021-07-26 17:00:00,-3.2706107006800007,1.0,-0.25881904510252063,-0.9659258262890683,-1.0,1.2246467991473532e-16,15.38161070068,12.111,17.036,alta_fd,,12.0,2.1,-2.8728976,12.508713075710517,-2.7982538,12.583356926037055
2021-07-27 08:00:00,-7.181449864032501,0.9335328651359428,-0.4999999999999998,0.8660254037844387,-1.0,1.2246467991473532e-16,76.8144498640325,69.633,82.853,alta_fd,0.1031328517230695,2.9,0.7,-4.9374213,71.8770285421636,-5.230607,71.58384283125662
2021-07-27 09:00:00,-2.026737477320012,0.641018505003959,-0.7071067811865475,0.7071067811865476,-1.0,1.2246467991473532e-16,270.88673747732,268.86,302.948,mixto,0.0075382633241092,5.6,0.8,-2.785816,268.10092152311165,-3.24643,267.6403075571235
2021-07-27 10:00:00,-0.4668942232499375,0.3522546382520725,-0.8660254037844387,0.49999999999999994,-1.0,1.2246467991473532e-16,464.69189422325,464.225,540.77,mixto,0.0010057498481338,8.3,1.0,-2.3523655,462.3395287294756,-1.9707505,462.72114377216207
2021-07-27 11:00:00,-20.945482653000116,0.4048127277096501,-0.9659258262890682,0.258819045102521,-1.0,1.2246467991473532e-16,536.0034826530001,515.058,638.46,mixto,0.040666260213413,11.0,0.0,-18.692944,517.3105390800021,-17.890436,518.1130464805148
2021-07-27 12:00:00,-23.12297098924995,0.4447619159922139,-1.0,1.2246467991473532e-16,-1.0,1.2246467991473532e-16,532.41297098925,509.29,639.51,mixto,0.0454023660178875,13.0,0.0,-19.24094,513.1720308952558,-18.250603,514.162368267082
2021-07-27 13:00:00,-7.507749332292462,0.6206084134731029,-0.9659258262890683,-0.2588190451025208,-1.0,1.2246467991473532e-16,429.28874933229247,421.781,511.409,mixto,0.0178001126942476,15.0,1.0,-5.7466493,423.54210006700316,-7.545654,421.7430955122546
2021-07-27 14:00:00,9.453735016607595,0.4678477197139074,-0.8660254037844388,-0.4999999999999997,-1.0,1.2246467991473532e-16,453.0692649833924,462.523,541.851,mixto,0.0204394916936186,15.0,3.6,8.583837,461.65310153887333,10.61064,463.6799045555359
2021-07-27 15:00:00,12.08941024387002,0.3589191952136756,-0.7071067811865479,-0.7071067811865471,-1.0,1.2246467991473532e-16,382.20258975613,394.292,448.006,mixto,0.0306610589204701,13.0,5.1,9.567073,391.7696626244772,11.046523,393.24911285030726
2021-07-27 16:00:00,-1.5650413997325074,0.4373087351132595,-0.5000000000000004,-0.8660254037844385,-1.0,1.2246467991473532e-16,220.0520413997325,218.487,250.593,mixto,0.007163087047433,11.9,3.1,-1.9295555,218.12248586441603,2.5439358,222.59597717548934
2021-07-27 17:00:00,-4.293506854532502,1.0,-0.25881904510252063,-0.9659258262890683,-1.0,1.2246467991473532e-16,22.902506854532504,18.609,25.103,alta_fd,,9.0,3.6,-4.2020745,18.700432326792026,-3.8658233,19.036683585642123
2021-07-28 08:00:00,-2.384071130930004,1.0,-0.4999999999999998,0.8660254037844387,-1.0,1.2246467991473532e-16,18.99907113093,16.615,20.814,alta_fd,,9.0,0.0,-3.875327,15.123744020639474,-3.6538548,15.345216283975656
2021-07-28 09:00:00,-3.8171477405299896,1.0,-0.7071067811865475,0.7071067811865476,-1.0,1.2246467991473532e-16,63.25914774052999,59.442,68.654,alta_fd,0.0642163409799466,5.0,1.5,-3.5402248,59.71892294995687,-3.1451702,60.113977528738
2021-07-28 10:00:00,-5.568683294279992,1.0,-0.8660254037844387,0.49999999999999994,-1.0,1.2246467991473532e-16,105.23568329428,99.667,115.004,alta_fd,0.0558728896653856,5.4,1.0,-5.903461,99.33222231481832,-5.4470396,99.78864369009298
2021-07-28 11:00:00,-6.799905848520012,1.0,-0.9659258262890682,0.258819045102521,-1.0,1.2246467991473532e-16,136.19590584852,129.396,149.788,alta_fd,0.052551128694241,6.0,1.5,-7.2318683,128.96403758146067,-6.747614,129.44829194165965
2021-07-28 12:00:00,-7.327604340812513,1.0,-1.0,1.2246467991473532e-16,-1.0,1.2246467991473532e-16,149.8986043408125,142.571,165.735,alta_fd,0.0513961769280745,6.9,1.8,-7.017862,142.88074249770338,-6.4597015,143.43890280272657
2021-07-28 13:00:00,-7.000383413632505,1.0,-0.9659258262890683,-0.2588190451025208,-1.0,1.2246467991473532e-16,145.7833834136325,138.783,161.723,alta_fd,0.0504412169619658,7.9,2.1,-6.804957,138.9784265006381,-6.2470984,139.53628496774016
2021-07-28 14:00:00,-7.620012626720012,0.924276142748708,-0.8660254037844388,-0.4999999999999997,-1.0,1.2246467991473532e-16,224.00101262672,216.381,251.272,alta_fd,0.0352157196182659,8.0,1.0,-6.017267,217.98374539954716,-6.3313837,217.66962892158085
2021-07-28 15:00:00,-5.888629976932492,0.7855229739403842,-0.7071067811865479,-0.7071067811865471,-1.0,1.2246467991473532e-16,222.7586299769325,216.87,250.833,alta_fd,0.0271528103330681,9.0,0.5,-5.1766877,217.58194225949475,-6.368678,216.38995188397595
2021-07-28 16:00:00,-5.110183705330002,0.7173880063263175,-0.5000000000000004,-0.8660254037844385,-1.0,1.2246467991473532e-16,147.46818370533,142.358,164.526,alta_fd,0.0358967090386911,9.3,0.5,-6.0744414,141.39374227237712,-6.970553,140.49763078403484
2021-07-28 17:00:00,-3.168400078932498,1.0,-0.25881904510252063,-0.9659258262890683,-1.0,1.2246467991473532e-16,16.4204000789325,13.252,17.983,alta_fd,,9.0,1.0,-3.450573,12.969827111403202,-3.3723044,13.048095639387821
2021-07-29 08:00:00,-3.2237902515200005,1.0,-0.4999999999999998,0.8660254037844387,-1.0,1.2246467991473532e-16,31.44079025152,28.217,34.112,alta_fd,,6.0,2.1,-2.2143092,29.226481035974345,-2.2658246,29.17496569516929
2021-07-29 09:00:00,-3.6765395798124985,0.9703310028892832,-0.7071067811865475,0.7071067811865476,-1.0,1.2246467991473532e-16,118.3415395798125,114.665,130.095,alta_fd,0.0320633112092835,6.5,4.6,-2.8031032,115.53843637127063,-3.847091,114.49444862026355
2021-07-29 10:00:00,-3.5323347540799546,0.8848802985585152,-0.8660254037844387,0.49999999999999994,-1.0,1.2246467991473532e-16,224.12933475408,220.597,250.424,alta_fd,0.016012614650607,7.0,3.1,-3.314937,220.81439763936442,-4.2550015,219.8743332091276
2021-07-29 11:00:00,-4.480498162292463,0.9075667025954076,-0.9659258262890682,0.258819045102521,-1.0,1.2246467991473532e-16,282.7704981622925,278.29,319.841,alta_fd,0.0161001047910182,8.0,3.1,-3.5141714,279.25632680036927,-4.8496957,277.92080247976685
2021-07-29 12:00:00,-3.2326505909325647,0.8199428226338952,-1.0,1.2246467991473532e-16,-1.0,1.2246467991473532e-16,316.39865059093256,313.166,359.617,alta_fd,0.0103224826160329,8.0,3.6,-1.6337924,314.76485819057245,-4.8475676,311.551083032644
2021-07-29 13:00:00,-5.653234726369988,0.8126819226637327,-0.9659258262890683,-0.2588190451025208,-1.0,1.2246467991473532e-16,309.74623472637,304.093,353.158,alta_fd,0.0185904796439575,9.0,2.1,-4.6855555,305.06067926830116,-5.50075,304.24548466152015
2021-07-29 14:00:00,-3.691565105932455,0.8972929495813147,-0.8660254037844388,-0.4999999999999997,-1.0,1.2246467991473532e-16,264.2985651059325,260.607,299.367,alta_fd,0.0141652569038147,9.0,3.6,-2.3647914,261.93377371265245,-3.7284715,260.5700935883696
2021-07-29 15:00:00,-4.206179430812483,0.9386184680538724,-0.7071067811865479,-0.7071067811865471,-1.0,1.2246467991473532e-16,183.56917943081248,179.363,205.335,alta_fd,0.0234506527589998,8.7,2.8,-2.9165843,180.65259517750133,-4.4808207,179.08835877498973
2021-07-29 16:00:00,-4.177621458770005,0.9653662404924452,-0.5000000000000004,-0.8660254037844385,-1.0,1.2246467991473532e-16,94.16062145877,89.983,103.938,alta_fd,0.0464267857125235,8.4,2.1,-4.1731815,89.98743992495652,-4.5906153,89.57000618624802
2021-07-29 17:00:00,-3.1891331429199976,1.0,-0.25881904510252063,-0.9659258262890683,-1.0,1.2246467991473532e-16,17.350133142919997,14.161,18.932,alta_fd,,8.0,1.0,-3.450573,13.8995601753907,-3.3723044,13.97782870337532
2021-07-30 08:00:00,-7.654513509729981,0.9149883745415406,-0.4999999999999998,0.8660254037844387,-1.0,1.2246467991473532e-16,91.04751350972998,83.393,97.466,alta_fd,0.0917884415925794,0.4,1.5,-5.1550593,85.89245417211401,-5.314639,85.73287441823828
2021-07-30 09:00:00,-0.8221808405324964,0.5779454786724612,-0.7071067811865475,0.7071067811865476,-1.0,1.2246467991473532e-16,301.8661808405325,301.044,335.553,mixto,0.002731098578721,3.0,1.0,-2.1366224,299.72955841163844,-2.2067425,299.65943831543177
2021-07-30 10:00:00,-13.060354093,0.3493911812189561,-0.8660254037844387,0.49999999999999994,-1.0,1.2246467991473532e-16,477.879354093,464.819,552.74,mixto,0.0280977199576609,6.4,0.0,-11.08745,466.7919040655342,-11.663579,466.21577510587844
2021-07-30 11:00:00,-11.71417715603252,0.3539359897956511,-0.9659258262890682,0.258819045102521,-1.0,1.2246467991473532e-16,538.7521771560325,527.038,636.347,mixto,0.0222264374789531,9.0,0.5,-12.4263735,526.325803674282,-10.880127,527.8720502029075
2021-07-30 12:00:00,-8.728300382312455,0.6377638384513752,-1.0,1.2246467991473532e-16,-1.0,1.2246467991473532e-16,450.11730038231246,441.389,529.645,mixto,0.0197746214389403,11.4,1.0,-5.956142,444.1611584336125,-7.4525704,442.66472994392745
2021-07-30 13:00:00,-7.817149042129927,0.5801959487385441,-0.9659258262890683,-0.2588190451025208,-1.0,1.2246467991473532e-16,446.42714904212994,438.61,524.994,mixto,0.017822550881489,11.4,1.0,-5.4419,440.9852492656712,-6.830451,439.5966980304722
2021-07-30 14:00:00,-4.58960696948003,0.7198648249201159,-0.8660254037844388,-0.4999999999999997,-1.0,1.2246467991473532e-16,346.09260696948,341.503,401.716,alta_fd,0.0134394338248273,12.0,1.5,-1.3185936,344.77401334822605,-4.34736,341.74524683535526
2021-07-30 15:00:00,-3.2403581523200278,0.7973760748175668,-0.7071067811865479,-0.7071067811865471,-1.0,1.2246467991473532e-16,223.59435815232004,220.354,254.448,alta_fd,0.0147052386265737,11.6,2.1,-2.5875618,221.00679630654062,-3.8590307,219.73532742874826
2021-07-30 16:00:00,-4.323018303250009,0.9555246245741584,-0.5000000000000004,-0.8660254037844385,-1.0,1.2246467991473532e-16,95.22301830325002,90.9,106.27,alta_fd,0.0475579571314632,11.2,1.5,-4.6607175,90.56230081591481,-5.070076,90.15294231448048
2021-07-30 17:00:00,-3.4504672311699984,1.0,-0.25881904510252063,-0.9659258262890683,-1.0,1.2246467991473532e-16,19.80546723117,16.355,21.782,alta_fd,,10.0,1.0,-3.450944,16.35452328433162,-3.3723044,16.43316279162532
2021-07-31 08:00:00,-7.890206004332498,0.9075954065739104,-0.4999999999999998,0.8660254037844387,-1.0,1.2246467991473532e-16,93.97520600433248,86.085,100.487,alta_fd,0.0916559912218446,0.0,1.0,-5.5972137,88.37799225921529,-5.9873123,87.98789368743795
2021-07-31 09:00:00,0.2010971103675274,0.4726847550020456,-0.7071067811865475,0.7071067811865476,-1.0,1.2246467991473532e-16,316.1759028896325,316.377,353.573,mixto,0.0006356249359704,4.0,1.0,-1.9988219,314.1770810350411,-1.0256935,315.15020935382773
2021-07-31 10:00:00,-0.643954160192493,0.3192977888169813,-0.8660254037844387,0.49999999999999994,-1.0,1.2246467991473532e-16,490.0809541601925,489.437,570.619,mixto,0.0013157038805658,7.5,1.0,-2.2470434,487.83391078899194,-2.572604,487.50835021922876
2021-07-31 11:00:00,2.6923783567499413,0.2174705466608809,-0.9659258262890682,0.258819045102521,-1.0,1.2246467991473532e-16,597.26562164325,599.958,718.83,baja_fd,0.0044876113940474,11.0,1.5,0.43278956,597.6984112073827,0.3809627,597.6465843429017
2021-07-31 12:00:00,1.6271761996799796,0.1701025124596741,-1.0,1.2246467991473532e-16,-1.0,1.2246467991473532e-16,648.84882380032,650.476,791.648,baja_fd,0.0025015161200105,12.0,1.5,0.18829365,649.0371174510664,0.8558024,649.7046262171215
2021-07-31 13:00:00,9.30879354346996,0.169646279124508,-0.9659258262890683,-0.2588190451025208,-1.0,1.2246467991473532e-16,634.22120645653,643.53,773.954,baja_fd,0.0144652052638881,12.6,2.1,7.988719,642.2099254430412,6.8436933,641.0648997129082
2021-07-31 14:00:00,21.484917504687477,0.1958238009363131,-0.8660254037844388,-0.4999999999999997,-1.0,1.2246467991473532e-16,561.3680824953125,582.853,680.725,baja_fd,0.0368616400785231,14.0,4.1,18.449396,579.8174786287353,22.827085,584.1951679903076
2021-07-31 15:00:00,13.161023814207454,0.2573817628673281,-0.7071067811865479,-0.7071067811865471,-1.0,1.2246467991473532e-16,427.0269761857925,440.188,506.309,baja_fd,0.0298986428848752,14.0,3.6,10.08797,437.11494596576074,12.834375,439.8613515672622
2021-07-31 16:00:00,-2.653066389279985,0.419825970613674,-0.5000000000000004,-0.8660254037844385,-1.0,1.2246467991473532e-16,234.36606638928,231.713,269.304,mixto,0.0114497951745477,13.6,1.5,-3.567029,230.7990373899514,1.1388454,235.5049118330056
2021-07-31 17:00:00,-5.213801520312497,0.9245602637255445,-0.25881904510252063,-0.9659258262890683,-1.0,1.2246467991473532e-16,31.600801520312498,26.387,35.075,alta_fd,,12.0,1.5,-3.1067903,28.494011216128538,-3.8988376,27.701963953936765
2021-08-01 08:00:00,-6.047907052432507,0.952558105882722,-0.4999999999999998,0.8660254037844387,-0.8660254037844388,-0.4999999999999997,74.5439070524325,68.496,78.933,alta_fd,0.0882957698614883,-2.0,1.0,-5.353213,69.19069421902796,-5.654595,68.88931215420862
2021-08-01 09:00:00,-3.223820727312443,0.6142900597062826,-0.7071067811865475,0.7071067811865476,-0.8660254037844388,-0.4999999999999997,279.97782072731246,276.754,306.645,mixto,0.0116486870192027,0.0,0.5,-5.143266,274.8345545262932,-5.354634,274.6231869191765
2021-08-01 10:00:00,-2.139051270129982,0.4223642697969994,-0.8660254037844387,0.49999999999999994,-0.8660254037844388,-0.4999999999999997,462.34905127013,460.21,529.006,mixto,0.0046479895485321,4.4,1.0,-4.388012,457.961039337757,-3.8576386,458.4914126726416
2021-08-01 11:00:00,-13.365890348092536,0.2785025081171273,-0.9659258262890682,0.258819045102521,-0.8660254037844388,-0.4999999999999997,587.5118903480925,574.146,693.321,baja_fd,0.0232796019620314,7.0,0.5,-14.154711,573.3571795784392,-14.442561,573.0693291984953
2021-08-01 12:00:00,-17.080911539632552,0.2286058214633338,-1.0,1.2246467991473532e-16,-0.8660254037844388,-0.4999999999999997,632.0709115396326,614.99,765.323,baja_fd,0.0277742915163377,11.0,0.5,-16.14317,615.9277421365564,-14.595805,617.4751063714807
2021-08-01 13:00:00,-15.57144950271993,0.2471768219289033,-0.9659258262890683,-0.2588190451025208,-0.8660254037844388,-0.4999999999999997,605.86244950272,590.291,736.672,baja_fd,0.0263792764970496,12.9,0.5,-15.19641,590.6660393235818,-13.427868,592.4345816133157
2021-08-01 14:00:00,-10.384262341120063,0.5357843089828043,-0.8660254037844388,-0.4999999999999997,-0.8660254037844388,-0.4999999999999997,453.0112623411201,442.627,539.392,mixto,0.0234605262243832,14.0,0.5,-6.608976,446.4022864538215,-8.883531,444.1277317243598
2021-08-01 15:00:00,-2.8817758942800253,0.7663348993075886,-0.7071067811865479,-0.7071067811865471,-0.8660254037844388,-0.4999999999999997,242.62877589428004,239.747,279.596,alta_fd,0.0120200707173813,14.0,2.0,-2.7361493,239.89262658321437,-4.3307,238.29807597362574
2021-08-01 16:00:00,-3.3447877648124944,1.0,-0.5000000000000004,-0.8660254037844385,-0.8660254037844388,-0.4999999999999997,43.95578776481249,40.611,49.305,alta_fd,,14.3,1.0,-4.3187985,39.636989222789786,-4.093713,39.86207495811083
2021-08-02 08:00:00,-5.558977634079994,0.9566341834907758,-0.4999999999999998,0.8660254037844387,-0.8660254037844388,-0.4999999999999997,69.58097763408,64.022,75.576,alta_fd,0.0868291780025615,5.0,2.0,-4.2326283,65.3483492885905,-4.388315,65.19266243327434
2021-08-02 09:00:00,-1.817075463969957,0.6594655273129091,-0.7071067811865475,0.7071067811865476,-0.8660254037844388,-0.4999999999999997,268.27807546397,266.461,302.822,mixto,0.006819292369127,8.0,1.0,-3.5378437,264.7402317597464,-4.1106663,264.1674091889456
2021-08-02 10:00:00,-6.59173751139258,0.4220029843299522,-0.8660254037844387,0.49999999999999994,-0.8660254037844388,-0.4999999999999997,453.82773751139257,447.236,531.099,mixto,0.0147388347793839,10.0,0.5,-7.512937,446.31480044245336,-6.975751,446.85198658823583
2021-08-02 11:00:00,-13.011619160530016,0.2762868165013749,-0.9659258262890682,0.258819045102521,-0.8660254037844388,-0.4999999999999997,578.48161916053,565.47,697.154,baja_fd,0.0230102731542434,12.0,0.5,-14.235211,564.2464077881546,-14.833182,563.6484368256301
2021-08-02 12:00:00,16.376510361367536,0.2287201216276669,-1.0,1.2246467991473532e-16,-0.8660254037844388,-0.4999999999999997,629.4224896386324,645.799,768.877,baja_fd,0.0253585254256626,13.0,3.1,11.080871,640.5033602669894,13.30113,642.7236199334322
2021-08-02 13:00:00,28.883082788320053,0.2217414393100095,-0.9659258262890683,-0.2588190451025208,-0.8660254037844388,-0.4999999999999997,617.22691721168,646.11,755.864,baja_fd,0.0447030424979029,14.0,5.6,22.144651,639.3715686246438,26.453173,643.6800898953958
2021-08-02 14:00:00,23.153767630750053,0.2677773407901643,-0.8660254037844388,-0.4999999999999997,-0.8660254037844388,-0.4999999999999997,538.79123236925,561.945,650.81,baja_fd,0.0412029071007839,14.0,5.6,18.856394,557.6476261833369,22.64323,561.4344628074824
2021-08-02 15:00:00,12.123522191687528,0.3849795078631717,-0.7071067811865479,-0.7071067811865471,-0.8660254037844388,-0.4999999999999997,391.50947780831245,403.633,461.565,mixto,0.0300360034776332,14.0,5.1,8.76296,400.2724382422724,11.08284,402.59231777413277
2021-08-02 16:00:00,-1.487429600892483,0.6215377529442363,-0.5000000000000004,-0.8660254037844385,-0.8660254037844388,-0.4999999999999997,197.04642960089248,195.559,224.649,mixto,0.0076060401254479,13.0,4.1,-2.6554544,194.39097520369094,-3.8175082,193.22892138021987
2021-08-02 17:00:00,-3.874475813920004,1.0,-0.25881904510252063,-0.9659258262890683,-0.8660254037844388,-0.4999999999999997,26.187475813920003,22.313,28.968,alta_fd,,11.3,3.6,-4.111252,22.076223982865315,-3.6086318,22.578843964631062
2021-08-03 08:00:00,-6.370816215632502,0.946778014984169,-0.4999999999999998,0.8660254037844387,-0.8660254037844388,-0.4999999999999997,77.64581621563251,71.275,83.477,alta_fd,0.0893836017626447,2.0,0.0,-6.079048,71.56676805889423,-6.644896,71.00092018520648
2021-08-03 09:00:00,-0.5584307579200072,0.6517897789752719,-0.7071067811865475,0.7071067811865476,-0.8660254037844388,-0.4999999999999997,276.36243075792,275.804,308.568,mixto,0.0020247377047468,5.0,1.5,-2.6454377,273.71699304048224,-2.9732232,273.3892075485389
2021-08-03 10:00:00,1.7373685457200168,0.4196625610942334,-0.8660254037844387,0.49999999999999994,-0.8660254037844388,-0.4999999999999997,460.68663145428,462.424,536.004,mixto,0.0037570899125478,8.4,1.5,-0.7826705,459.90396095638573,-0.08567644,460.60095501517355
2021-08-03 11:00:00,-13.528314634879962,0.2827060021526713,-0.9659258262890682,0.258819045102521,-0.8660254037844388,-0.4999999999999997,584.11731463488,570.589,698.256,baja_fd,0.0237093856258707,10.0,0.5,-14.170399,569.9469159227218,-14.442561,569.6747534852828
2021-08-03 12:00:00,-16.734712780532504,0.2734748729624373,-1.0,1.2246467991473532e-16,-0.8660254037844388,-0.4999999999999997,609.7397127805325,593.005,745.697,baja_fd,0.0282201883298328,14.0,0.5,-16.43235,593.3073626218411,-15.4349375,594.3047753034207
2021-08-03 13:00:00,-3.1184164999999666,0.507878580697829,-0.9659258262890683,-0.2588190451025208,-0.8660254037844388,-0.4999999999999997,507.2394165,504.121,613.0,mixto,0.0061858492306409,15.3,1.5,-2.0571344,505.1822821101227,-4.71761,502.52180661764527
2021-08-03 14:00:00,-5.755865543492519,0.5766804714530608,-0.8660254037844388,-0.4999999999999997,-0.8660254037844388,-0.4999999999999997,407.4888655434925,401.733,485.839,mixto,0.0143275895768894,16.0,1.0,-4.361243,403.12762277234384,-5.9818506,401.50701491940805
2021-08-03 15:00:00,-7.526783156129994,0.8308653528554223,-0.7071067811865479,-0.7071067811865471,-0.8660254037844388,-0.4999999999999997,203.89078315613,196.364,236.506,alta_fd,0.0383307691640524,17.0,0.0,-7.8052516,196.08553155777184,-8.915411,194.9753721606466
2021-08-03 16:00:00,-5.045588894492482,0.8019996773729334,-0.5000000000000004,-0.8660254037844385,-0.8660254037844388,-0.4999999999999997,146.48558889449248,141.44,168.489,alta_fd,0.0356729984056312,17.0,0.5,-7.361239,139.12434993804106,-8.102345,138.3832434278787
2021-08-03 17:00:00,-3.0965962644800022,1.0,-0.25881904510252063,-0.9659258262890683,-0.8660254037844388,-0.4999999999999997,19.43259626448,16.336,21.784,alta_fd,,15.0,0.5,-4.701248,14.731348095534688,-4.945651,14.486945210097677
2021-08-04 08:00:00,-2.739162900992504,1.0,-0.4999999999999998,0.8660254037844387,-0.8660254037844388,-0.4999999999999997,26.008162900992502,23.269,28.411,alta_fd,,8.0,1.5,-2.3855703,23.622592613288035,-2.7845442,23.223618671485056
2021-08-04 09:00:00,-4.764609107969989,0.9954143678180932,-0.7071067811865475,0.7071067811865476,-0.8660254037844388,-0.4999999999999997,103.88060910797,99.116,115.978,alta_fd,0.0480710390650347,11.0,1.0,-5.726756,98.15385301208377,-5.6655183,98.21509082412601
2021-08-04 10:00:00,-6.58366582799249,0.9185733532253296,-0.8660254037844387,0.49999999999999994,-0.8660254037844388,-0.4999999999999997,216.6006658279925,210.017,247.139,alta_fd,0.0313482519414737,12.5,1.0,-7.103058,209.49760796666436,-7.399452,209.20121361851983
2021-08-04 11:00:00,-8.21016928829249,0.850833960477067,-0.9659258262890682,0.258819045102521,-0.8660254037844388,-0.4999999999999997,280.30716928829247,272.097,326.191,alta_fd,0.0301736854441338,15.0,1.0,-9.18908,271.1180890499502,-9.679517,270.6276524959951
2021-08-04 12:00:00,-9.352977553632511,0.8394865389268951,-1.0,1.2246467991473532e-16,-0.8660254037844388,-0.4999999999999997,308.1369775536325,298.784,361.627,alta_fd,0.0313034752651832,16.0,1.0,-9.507955,298.62902295615936,-10.221165,297.91581285026336
2021-08-04 13:00:00,-7.418980671999975,0.8342665791591818,-0.9659258262890683,-0.2588190451025208,-0.8660254037844388,-0.4999999999999997,300.733980672,293.315,353.28,alta_fd,0.0252935604111619,16.5,1.5,-7.3882174,293.34576322281174,-8.052476,292.6815047427397
2021-08-04 14:00:00,-9.719391519249996,0.6769722723066627,-0.8660254037844388,-0.4999999999999997,-0.8660254037844388,-0.4999999999999997,364.87339151925,355.154,435.81,mixto,0.027366695910084,18.0,0.5,-7.7733874,357.1000040871516,-9.326829,355.546562562646
2021-08-04 15:00:00,-3.432692264769969,0.7682891269324925,-0.7071067811865479,-0.7071067811865471,-0.8660254037844388,-0.4999999999999997,262.22969226477,258.797,309.462,alta_fd,0.0132640342228463,19.0,1.5,-3.4080126,258.8216796362147,-5.044944,257.1847484552607
2021-08-04 16:00:00,-4.663068447329977,0.5210775762928466,-0.5000000000000004,-0.8660254037844385,-0.8660254037844388,-0.4999999999999997,202.23706844733,197.574,236.474,mixto,0.0236016300086548,19.0,0.5,-6.412821,195.82424763128995,-7.362344,194.87472465918302
2021-08-04 17:00:00,-3.929799614032497,1.0,-0.25881904510252063,-0.9659258262890683,-0.8660254037844388,-0.4999999999999997,27.513799614032497,23.584,30.997,alta_fd,,16.0,1.0,-4.1888742,23.324925369342555,-4.0884943,23.42530531319021
2021-08-05 08:00:00,-4.166765427999998,1.0,-0.4999999999999998,0.8660254037844387,-0.8660254037844388,-0.4999999999999997,53.345765428,49.179,58.04,alta_fd,,6.0,1.0,-3.7688134,49.576952056341675,-3.4857588,49.860006646566895
2021-08-05 09:00:00,-2.808394323080023,0.8320362023500187,-0.7071067811865475,0.7071067811865476,-0.8660254037844388,-0.4999999999999997,192.34339432308,189.535,216.524,alta_fd,0.0148172861111669,10.0,2.0,-4.2571282,188.086266084402,-4.5064926,187.8369017083339
2021-08-05 10:00:00,-10.583154048392489,0.7570509740314272,-0.8660254037844387,0.49999999999999994,-0.8660254037844388,-0.4999999999999997,311.2611540483925,300.678,362.099,alta_fd,0.0351976335095766,13.8,0.0,-9.425515,301.83563887352676,-10.108274,301.1528795885536
2021-08-05 11:00:00,-15.425000239632482,0.8315773142242466,-0.9659258262890682,0.258819045102521,-0.8660254037844388,-0.4999999999999997,350.2640002396325,334.839,415.573,alta_fd,0.04606691645726,17.0,0.0,-13.615092,336.6489079621056,-14.6228285,335.64117175605094
2021-08-05 12:00:00,-12.442548318692502,0.8305201923771511,-1.0,1.2246467991473532e-16,-0.8660254037844388,-0.4999999999999997,344.1295483186925,331.687,413.231,alta_fd,0.037512921274251,20.0,0.5,-11.892745,332.23680330068714,-12.776236,331.3533127382482
2021-08-05 13:00:00,-2.441787759932481,0.8795531382212628,-0.9659258262890683,-0.2588190451025208,-0.8660254037844388,-0.4999999999999997,294.0977877599325,291.656,351.817,alta_fd,0.008372149929823,21.0,4.6,-0.33289787,293.7648898881998,-4.649399,289.44838895622155
2021-08-05 14:00:00,-4.709429731032486,0.9825049286973035,-0.8660254037844388,-0.4999999999999997,-0.8660254037844388,-0.4999999999999997,205.4854297310325,200.776,242.403,alta_fd,0.0234561388364769,21.0,4.6,-3.1013877,202.38404199185098,-4.027306,201.458123651168
2021-08-05 15:00:00,-4.524324820532513,0.996393075998076,-0.7071067811865479,-0.7071067811865471,-0.8660254037844388,-0.4999999999999997,120.32232482053251,115.798,139.553,alta_fd,0.0390708373247596,20.0,5.1,-1.21689,119.10543484307738,-2.9655569,117.35676796056242
2021-08-05 16:00:00,-3.2932802203699936,1.0,-0.5000000000000004,-0.8660254037844385,-0.8660254037844388,-0.4999999999999997,45.85528022036999,42.562,52.158,alta_fd,,17.8,4.6,-2.0647786,43.79050165400952,-2.3992355,43.45604473338574
2021-08-06 08:00:00,-2.3208926969299952,1.0,-0.4999999999999998,0.8660254037844387,-0.8660254037844388,-0.4999999999999997,20.80689269693,18.486,22.714,alta_fd,,8.0,3.0,-2.0248551,18.78203756005866,-2.723096,18.083796803070136
2021-08-06 09:00:00,-3.956527335812503,1.0,-0.7071067811865475,0.7071067811865476,-0.8660254037844388,-0.4999999999999997,63.8995273358125,59.943,70.415,alta_fd,0.0660048268490483,9.0,1.5,-3.9775727,59.92195465629285,-3.680808,60.21871926849072
2021-08-06 10:00:00,-5.707728479329987,1.0,-0.8660254037844387,0.49999999999999994,-0.8660254037844388,-0.4999999999999997,107.92572847933,102.218,119.674,alta_fd,0.0558387806387327,9.1,1.5,-6.424292,101.50143639177507,-6.150758,101.77497068971819
2021-08-06 11:00:00,-7.167735860130023,1.0,-0.9659258262890682,0.258819045102521,-0.8660254037844388,-0.4999999999999997,138.72473586013,131.557,154.406,alta_fd,0.0544838804482469,9.0,1.5,-8.427274,130.29746210982483,-8.018724,130.7060114186017
2021-08-06 12:00:00,-8.285367709729996,1.0,-1.0,1.2246467991473532e-16,-0.8660254037844388,-0.4999999999999997,153.06036770973,144.775,171.366,alta_fd,0.0572292710048695,10.0,1.0,-10.2954445,142.7649232212046,-9.312522,143.74784577522072
2021-08-06 13:00:00,-8.548437693312508,1.0,-0.9659258262890683,-0.2588190451025208,-0.8660254037844388,-0.4999999999999997,148.92543769331252,140.377,167.365,alta_fd,0.0608962842439467,11.1,0.5,-11.631385,137.29405284376418,-9.763865,139.1615722224263
2021-08-06 14:00:00,-6.439950500370003,1.0,-0.8660254037844388,-0.4999999999999997,-0.8660254037844388,-0.4999999999999997,127.57695050037,121.137,143.458,alta_fd,0.0531625391116669,12.0,2.0,-6.3546333,121.22231716907118,-5.8845134,121.69243712222669
2021-08-06 15:00:00,-4.649284559729992,1.0,-0.7071067811865479,-0.7071067811865471,-0.8660254037844388,-0.4999999999999997,92.28128455973,87.632,102.866,alta_fd,0.0530546439625934,11.0,4.1,-2.9889557,89.29232882356972,-3.5480785,88.73320602274269
2021-08-06 16:00:00,-3.296783676370005,1.0,-0.5000000000000004,-0.8660254037844385,-0.8660254037844388,-0.4999999999999997,47.25478367637,43.958,52.158,alta_fd,,10.0,3.1,-2.7514544,44.503329323037484,-2.9231458,44.33163790534339
2021-08-06 17:00:00,-2.605973453192501,1.0,-0.25881904510252063,-0.9659258262890683,-0.8660254037844388,-0.4999999999999997,17.2189734531925,14.613,18.931,alta_fd,,10.0,3.6,-3.9824934,13.23648005261877,-3.6002529,13.618720586447505
2021-08-07 08:00:00,-3.895826220319997,1.0,-0.4999999999999998,0.8660254037844387,-0.8660254037844388,-0.4999999999999997,52.07482622032,48.179,56.648,alta_fd,,6.0,3.0,-2.8566062,49.218219975279105,-3.157186,48.917640188978446
2021-08-07 09:00:00,-3.852649157132418,0.6720961350150148,-0.7071067811865475,0.7071067811865476,-0.8660254037844388,-0.4999999999999997,259.3766491571324,255.524,290.073,mixto,0.0150774453950799,6.0,0.5,-5.351841,254.02480818423203,-5.497547,253.87910200747422
2021-08-07 10:00:00,6.90897909363008,0.4406899141171572,-0.8660254037844387,0.49999999999999994,-0.8660254037844388,-0.4999999999999997,461.96302090636993,468.872,538.058,mixto,0.0147353202870507,8.6,2.6,3.4262383,465.3892592047861,5.6168647,467.57988558761383
2021-08-07 11:00:00,-6.599978623932543,0.3198398216262421,-0.9659258262890682,0.258819045102521,-0.8660254037844388,-0.4999999999999997,591.3499786239325,584.75,707.767,mixto,0.0112868381768833,10.0,1.0,-7.2072163,584.1427623611152,-7.39639,583.9535886626899
2021-08-07 12:00:00,-19.348758542312453,0.2449093550272322,-1.0,1.2246467991473532e-16,-0.8660254037844388,-0.4999999999999997,649.5027585423124,630.154,788.845,baja_fd,0.0307048095264212,11.0,0.5,-16.508032,632.9947266972197,-15.005888,634.496870557083
2021-08-07 13:00:00,0.0297760486699871,0.2164388618189043,-0.9659258262890683,-0.2588190451025208,-0.8660254037844388,-0.4999999999999997,637.09822395133,637.128,776.774,baja_fd,4.673479845492142e-05,12.3,1.5,-0.82262415,636.2755998043917,0.81335455,637.9115785031222
2021-08-07 14:00:00,1.9026961445675847,0.2577754326052235,-0.8660254037844388,-0.4999999999999997,-0.8660254037844388,-0.4999999999999997,555.3433038554324,557.246,672.717,baja_fd,0.0034144635305907,14.0,1.5,1.3548344,556.6981382928027,2.6693802,558.0126840434207
2021-08-07 15:00:00,10.242350353507504,0.3666807811267474,-0.7071067811865479,-0.7071067811865471,-0.8660254037844388,-0.4999999999999997,408.7256496464925,418.968,485.289,mixto,0.0244466172917919,15.0,3.6,7.9847093,416.7103589093404,10.327268,419.05291729328206
2021-08-07 16:00:00,-1.0824617532325078,0.5191034598638249,-0.5000000000000004,-0.8660254037844385,-0.8660254037844388,-0.4999999999999997,214.7374617532325,213.655,246.443,mixto,0.0050664002865952,14.0,3.0,-2.3061926,212.43126911674264,-2.75899,211.97847170387033
2021-08-07 17:00:00,-4.036351698720001,1.0,-0.25881904510252063,-0.9659258262890683,-0.8660254037844388,-0.4999999999999997,31.64835169872,27.612,35.128,alta_fd,,12.0,1.5,-3.2457132,28.402638464772245,-3.2594435,28.388908177220365
2021-08-08 08:00:00,-6.391841069292511,0.920599769166208,-0.4999999999999998,0.8660254037844387,-0.8660254037844388,-0.4999999999999997,95.7508410692925,89.359,102.791,alta_fd,0.071529908227403,1.0,1.5,-5.475419,90.27542202479788,-5.7475834,90.00325768001028
2021-08-08 09:00:00,-1.18985618768005,0.5743430389711375,-0.7071067811865475,0.7071067811865476,-0.8660254037844388,-0.4999999999999997,299.00985618768004,297.82,336.264,mixto,0.0039952192185885,6.0,1.0,-3.2706513,295.7392048471954,-3.254099,295.75575729546813
2021-08-08 10:00:00,1.8941736086075596,0.3777377603865212,-0.8660254037844387,0.49999999999999994,-0.8660254037844388,-0.4999999999999997,480.03082639139245,481.925,562.149,mixto,0.0039304323465426,9.2,1.5,-0.6668905,479.36393588941644,0.08213655,480.112962940448
2021-08-08 11:00:00,-6.067068324999923,0.2672894105933568,-0.9659258262890682,0.258819045102521,-0.8660254037844388,-0.4999999999999997,598.893068325,592.826,724.3,baja_fd,0.0102341468238571,12.0,1.0,-8.125947,590.7671213264038,-7.622117,591.2709512824584
2021-08-08 12:00:00,-8.126441430492491,0.21338030972482,-1.0,1.2246467991473532e-16,-0.8660254037844388,-0.4999999999999997,643.7084414304925,635.582,799.639,baja_fd,0.0127858268964389,16.0,1.0,-8.276811,635.4316307844354,-7.2555733,636.4528681577874
2021-08-08 13:00:00,8.279122500030098,0.2107240971122337,-0.9659258262890683,-0.2588190451025208,-0.8660254037844388,-0.4999999999999997,627.1138774999699,635.393,783.722,baja_fd,0.0130299239998396,17.9,2.1,6.208036,633.3219134458623,6.322084,633.4359614500127
2021-08-08 14:00:00,21.77706868386997,0.2560629295191609,-0.8660254037844388,-0.4999999999999997,-0.8660254037844388,-0.4999999999999997,543.49193131613,565.269,675.494,baja_fd,0.0385251423373119,20.0,4.6,20.729399,564.221330043547,23.058725,566.5506566731857
2021-08-08 15:00:00,9.027763208767452,0.46029627445609,-0.7071067811865479,-0.7071067811865471,-0.8660254037844388,-0.4999999999999997,392.9632367912325,401.991,475.707,mixto,0.0224576251925228,20.0,3.6,9.644019,402.60725591812457,9.40704,402.37027643356646
2021-08-08 16:00:00,-0.884182021592494,0.5975279976818576,-0.5000000000000004,-0.8660254037844385,-0.8660254037844388,-0.4999999999999997,206.7611820215925,205.877,241.629,mixto,0.0042947100530534,18.7,3.6,-1.6788995,205.08228249499643,-3.6982508,203.06293125102366
2021-08-08 17:00:00,-3.8424222798124994,1.0,-0.25881904510252063,-0.9659258262890683,-0.8660254037844388,-0.4999999999999997,30.0844222798125,26.242,33.905,alta_fd,,16.0,3.0,-3.5063941,26.578028131939575,-3.415267,26.66915528915088
2021-08-09 08:00:00,-3.378118925832496,1.0,-0.4999999999999998,0.8660254037844387,-0.8660254037844388,-0.4999999999999997,41.098118925832495,37.72,44.813,alta_fd,,7.0,3.6,-1.5125171,39.58560183122037,-2.1417305,38.9563883788812
2021-08-09 09:00:00,-2.2993939950799813,0.8493532310545694,-0.7071067811865475,0.7071067811865476,-0.8660254037844388,-0.4999999999999997,183.48739399508,181.188,204.676,alta_fd,0.0126906527754596,8.0,3.6,-2.8694499,180.6179441411829,-3.9301934,179.55720057085514
2021-08-09 10:00:00,-2.618408238880022,0.6465068434337631,-0.8660254037844387,0.49999999999999994,-0.8660254037844388,-0.4999999999999997,373.87340823888,371.255,430.344,mixto,0.0070528564972324,9.0,1.5,-2.679313,371.1940952944678,-4.499296,369.3741120505255
2021-08-09 11:00:00,4.610084835230055,0.4842629290629758,-0.9659258262890682,0.258819045102521,-0.8660254037844388,-0.4999999999999997,528.97891516477,533.589,627.962,mixto,0.0086397673775697,10.5,2.5,3.7619884,532.740903566183,2.6495998,531.6285149553431
2021-08-09 12:00:00,8.052647681687517,0.3379236729139472,-1.0,1.2246467991473532e-16,-0.8660254037844388,-0.4999999999999997,617.8593523183125,625.912,749.715,mixto,0.01286546300708,12.0,2.5,5.7606497,623.6200019994038,5.3666196,623.2259719052571
2021-08-09 13:00:00,-8.366392195080039,0.2646581803301224,-0.9659258262890683,-0.2588190451025208,-0.8660254037844388,-0.4999999999999997,625.04439219508,616.678,765.076,baja_fd,0.0135668731413801,13.6,1.0,-7.790954,617.2534380820734,-5.986277,619.058115091656
2021-08-09 14:00:00,25.133393410750045,0.2323957924275498,-0.8660254037844388,-0.4999999999999997,-0.8660254037844388,-0.4999999999999997,561.46760658925,586.601,683.99,baja_fd,0.0428458073047097,15.0,5.6,21.331305,582.7989111394209,25.321886,586.789492651872
2021-08-09 15:00:00,13.665207717687508,0.3610134526910447,-0.7071067811865479,-0.7071067811865471,-0.8660254037844388,-0.4999999999999997,416.3387922823125,430.004,493.645,mixto,0.0317792572108341,14.4,5.1,10.2590475,426.59783979055226,11.498823,427.83761544820607
2021-08-09 16:00:00,-0.0174618175924763,0.5761247091913778,-0.5000000000000004,-0.8660254037844385,-0.8660254037844388,-0.4999999999999997,218.06446181759247,218.047,250.179,mixto,8.00828151383708e-05,13.8,4.6,-1.5775563,216.48690556511292,-3.1388001,214.92566167339692
2021-08-09 17:00:00,-4.14520657812,0.9944179756548546,-0.25881904510252063,-0.9659258262890683,-0.8660254037844388,-0.4999999999999997,34.66520657812,30.52,38.492,alta_fd,,12.0,3.0,-3.6661365,30.999070074900395,-3.667671,30.997535612925297
2021-08-10 08:00:00,-6.622174509292506,0.9104314749630896,-0.4999999999999998,0.8660254037844387,-0.8660254037844388,-0.4999999999999997,102.34317450929252,95.721,109.959,alta_fd,0.0691820447894663,1.0,1.0,-6.284096,96.05907874513237,-6.4169474,95.9262271444854
2021-08-10 09:00:00,-3.3127249723124805,0.5639621654324077,-0.7071067811865475,0.7071067811865476,-0.8660254037844388,-0.4999999999999997,313.46472497231247,310.152,353.245,mixto,0.0106809724661213,6.0,0.5,-5.3691807,308.0955442929912,-5.1062894,308.3584355855632
2021-08-10 10:00:00,-2.569852365292548,0.3722782080490803,-0.8660254037844387,0.49999999999999994,-0.8660254037844388,-0.4999999999999997,488.03285236529257,485.463,570.759,mixto,0.0052936111820932,8.6,1.0,-4.270133,483.7627193467989,-3.670005,484.36284728220846
2021-08-10 11:00:00,-15.65417986149248,0.2687808548733801,-0.9659258262890682,0.258819045102521,-0.8660254037844388,-0.4999999999999997,606.8571798614925,591.203,730.911,baja_fd,0.0264785189883888,10.8,0.5,-15.843795,591.0133850387996,-15.773151,591.0840284637874
2021-08-10 12:00:00,-9.131103563080046,0.2190520049551424,-1.0,1.2246467991473532e-16,-0.8660254037844388,-0.4999999999999997,655.4861035630801,646.355,804.476,baja_fd,0.0141270719079763,13.0,1.0,-8.050762,647.4353413865664,-7.271395,648.2147083566286
2021-08-10 13:00:00,-0.010280814879934,0.2151706417623713,-0.9659258262890683,-0.2588190451025208,-0.8660254037844388,-0.4999999999999997,637.14428081488,637.134,787.144,baja_fd,1.6136032420078103e-05,15.1,1.5,-0.89489526,636.2493855593143,0.708484,637.8527648088871
2021-08-10 14:00:00,0.8459361377075538,0.3149943744981718,-0.8660254037844388,-0.4999999999999997,-0.8660254037844388,-0.4999999999999997,539.2650638622924,540.111,657.409,mixto,0.0015662264566127,16.0,1.5,1.4683164,540.7333802981063,1.9708956,541.2359595102951
2021-08-10 15:00:00,-2.538586119632498,0.5050801879553962,-0.7071067811865479,-0.7071067811865471,-0.8660254037844388,-0.4999999999999997,357.3225861196325,354.784,424.427,mixto,0.0071553004634721,17.0,1.0,-2.9790027,354.3435834054754,-4.6082115,352.7143746022985
2021-08-10 16:00:00,-3.998014428492496,0.7750300406379426,-0.5000000000000004,-0.8660254037844385,-0.8660254037844388,-0.4999999999999997,149.9590144284925,145.961,172.711,alta_fd,0.0273909772370187,17.2,1.5,-5.7832217,144.17579270684334,-5.970352,143.98866225564095
2021-08-10 17:00:00,-3.5634151583700024,1.0,-0.25881904510252063,-0.9659258262890683,-0.8660254037844388,-0.4999999999999997,28.11841515837,24.555,31.558,alta_fd,,15.0,2.0,-3.0833445,25.035070698836307,-3.030271,25.08814410505579
2021-08-11 08:00:00,-8.021398841892491,0.8290605731280798,-0.4999999999999998,0.8660254037844387,-0.8660254037844388,-0.4999999999999997,115.2693988418925,107.248,124.049,alta_fd,0.0747929923345189,1.0,0.5,-7.130858,108.13854089740397,-7.2938204,107.97557846072795
2021-08-11 09:00:00,0.6093079199074509,0.5598183205921243,-0.7071067811865475,0.7071067811865476,-0.8660254037844388,-0.4999999999999997,314.42469208009254,315.034,357.271,mixto,0.0019341020966227,8.0,1.5,-2.310988,312.1137041307212,-0.88580275,313.53888933427345
2021-08-11 10:00:00,1.872812978829984,0.364492796578604,-0.8660254037844387,0.49999999999999994,-0.8660254037844388,-0.4999999999999997,493.58718702117,495.46,582.318,mixto,0.0037799478844507,10.4,1.5,-0.2688096,493.3183774344066,0.18829732,493.775484337602
2021-08-11 11:00:00,-15.683401148129974,0.2631374186521331,-0.9659258262890682,0.258819045102521,-0.8660254037844388,-0.4999999999999997,605.31740114813,589.634,739.706,baja_fd,0.0265985359530318,14.0,0.5,-16.48955,588.8278515112892,-16.436018,588.8813831580177
2021-08-11 12:00:00,-8.604126405732472,0.2095815960224231,-1.0,1.2246467991473532e-16,-0.8660254037844388,-0.4999999999999997,648.4981264057325,639.894,810.193,baja_fd,0.0134461745316137,17.0,1.0,-8.279095,640.2190317096876,-7.228365,641.2697614612745
2021-08-11 13:00:00,-0.8887848276800696,0.2108135925604114,-0.9659258262890683,-0.2588190451025208,-0.8660254037844388,-0.4999999999999997,655.93378482768,655.045,795.336,baja_fd,0.0013568301836974,10.4,1.5,-0.44422227,655.4895625562376,0.33910975,656.2728945762819
2021-08-11 14:00:00,14.75022127042996,0.2503334780545024,-0.8660254037844388,-0.4999999999999997,-0.8660254037844388,-0.4999999999999997,552.07777872957,566.828,690.502,baja_fd,0.026022393513429,21.0,3.0,13.789123,565.866901311052,13.950004,566.0277823535324
2021-08-11 15:00:00,11.02699138347998,0.3573015574140616,-0.7071067811865479,-0.7071067811865471,-0.8660254037844388,-0.4999999999999997,409.53600861652,420.563,499.388,mixto,0.0262195946468899,21.0,3.6,10.458969,419.99497773273094,11.078546,420.61455418689354
2021-08-11 16:00:00,0.4441109196799857,0.5045321011927485,-0.5000000000000004,-0.8660254037844385,-0.8660254037844388,-0.4999999999999997,220.51588908032,220.96,259.648,mixto,0.0020099154583634,20.0,4.1,-0.81124425,219.70464483097612,-1.7539839,218.7619052250725
2021-08-11 17:00:00,-4.465116401292505,0.9630919266293592,-0.25881904510252063,-0.9659258262890683,-0.8660254037844388,-0.4999999999999997,37.0941164012925,32.629,42.009,alta_fd,,17.0,2.0,-3.1215558,33.972560596086204,-3.6418304,33.452285956956565
2021-08-12 08:00:00,-6.695384011729999,0.910454218722727,-0.4999999999999998,0.8660254037844387,-0.8660254037844388,-0.4999999999999997,98.37038401173,91.675,106.434,alta_fd,0.0730339134085628,3.0,0.0,-6.468018,91.90236595676784,-7.131586,91.2387979369009
2021-08-12 09:00:00,-2.411570918920006,0.6631751216192178,-0.7071067811865475,0.7071067811865476,-0.8660254037844388,-0.4999999999999997,272.71057091892,270.299,309.268,mixto,0.0089218640058602,9.0,1.0,-3.5378437,269.17272721469635,-4.1419625,268.5686083906912
2021-08-12 10:00:00,-8.227258799729952,0.5619118452195342,-0.8660254037844387,0.49999999999999994,-0.8660254037844388,-0.4999999999999997,408.37925879972994,400.152,479.634,mixto,0.0205603340723773,12.5,0.5,-7.860023,400.51923577803194,-7.7441955,400.63506333845675
2021-08-12 11:00:00,-7.542260042770067,0.5155951810744195,-0.9659258262890682,0.258819045102521,-0.8660254037844388,-0.4999999999999997,485.0032600427701,477.461,583.138,mixto,0.0157965991835355,15.0,1.0,-7.45855,477.5447100664212,-7.382142,477.6211179758145
2021-08-12 12:00:00,-5.148313416319979,0.5838031509712969,-1.0,1.2246467991473532e-16,-0.8660254037844388,-0.4999999999999997,490.32131341632,485.173,600.848,mixto,0.0106112941493446,19.0,1.5,-3.0166306,487.30468276675333,-6.502586,483.81872752841105
2021-08-12 13:00:00,2.964740117187546,0.6087846353261568,-0.9659258262890683,-0.2588190451025208,-0.8660254037844388,-0.4999999999999997,451.17425988281246,454.139,551.625,mixto,0.0065282658331205,20.0,3.1,2.791053,453.9653129395294,0.78859544,451.962855320816
2021-08-12 14:00:00,0.6278798438700619,0.5701975567276757,-0.8660254037844388,-0.4999999999999997,-0.8660254037844388,-0.4999999999999997,455.59812015612994,456.226,560.006,mixto,0.0013762473946466,21.0,2.0,2.5008483,458.0989684494344,-0.4841514,455.1139687629548
2021-08-12 15:00:00,4.51901023120746,0.4818824667687316,-0.7071067811865479,-0.7071067811865471,-0.8660254037844388,-0.4999999999999997,374.1739897687925,378.693,453.341,mixto,0.0119331760323202,20.9,2.5,2.751208,376.92519783573283,3.4347913,377.60878109531535
2021-08-12 16:00:00,-0.2822340672325367,0.5043829046506669,-0.5000000000000004,-0.8660254037844385,-0.8660254037844388,-0.4999999999999997,219.05323406723247,218.771,258.843,mixto,0.0012900890302304,20.9,3.1,-1.469468,217.5837660696815,-2.0014772,217.05175682571635
2021-08-12 17:00:00,-4.537743763720002,0.9594377443878896,-0.25881904510252063,-0.9659258262890683,-0.8660254037844388,-0.4999999999999997,39.01674376372,34.479,44.372,alta_fd,,18.0,3.6,-3.8866737,35.13007007483145,-4.1673546,34.84938917997977
2021-08-13 08:00:00,-7.230601950992494,0.8703250494173207,-0.4999999999999998,0.8660254037844387,-0.8660254037844388,-0.4999999999999997,112.5056019509925,105.275,122.411,alta_fd,0.0686829916978626,4.0,0.5,-6.986414,105.51918799530402,-7.219079,105.28652293335334
2021-08-13 09:00:00,-3.4102093713925115,0.5495092741616442,-0.7071067811865475,0.7071067811865476,-0.8660254037844388,-0.4999999999999997,322.6862093713925,319.276,367.099,mixto,0.0106810702069448,8.0,0.5,-5.279699,317.40651052266816,-5.1062894,317.57991998464325
2021-08-13 10:00:00,-8.610938059892533,0.3567611781940849,-0.8660254037844387,0.49999999999999994,-0.8660254037844388,-0.4999999999999997,497.4429380598925,488.832,591.649,mixto,0.0176153321793428,12.1,0.5,-8.329661,489.1132766905688,-7.6394196,489.80351850422846
2021-08-13 11:00:00,0.3093482825674982,0.2689517831099333,-0.9659258262890682,0.258819045102521,-0.8660254037844388,-0.4999999999999997,605.6956517174325,606.005,743.683,baja_fd,0.0005104715019966,15.0,1.5,-2.0508127,603.64483899618,-2.3866248,603.3090269043527
2021-08-13 12:00:00,24.609488200750093,0.2168252822764501,-1.0,1.2246467991473532e-16,-0.8660254037844388,-0.4999999999999997,651.3245117992499,675.934,818.11,baja_fd,0.036408122983531,18.0,4.1,19.270823,670.5953343242743,20.75944,672.0839512676337
2021-08-13 13:00:00,21.210298454670124,0.21315245211665,-0.9659258262890683,-0.2588190451025208,-0.8660254037844388,-0.4999999999999997,633.0827015453299,654.293,800.174,baja_fd,0.0324171257443838,20.0,3.6,18.77716,651.8598621898611,20.945116,654.0278175884207
2021-08-13 14:00:00,17.80571051674997,0.253056872007643,-0.8660254037844388,-0.4999999999999997,-0.8660254037844388,-0.4999999999999997,556.90628948325,574.712,693.87,baja_fd,0.0309819709989524,20.0,3.6,18.72208,575.6283697139629,19.58889,576.4951795589336
2021-08-13 15:00:00,9.889834744707455,0.3878100733205372,-0.7071067811865479,-0.7071067811865471,-0.8660254037844388,-0.4999999999999997,405.9811652552925,415.871,490.359,mixto,0.0237810156147157,19.0,3.6,8.8270855,414.80825075028764,10.302726,416.2838910472237
2021-08-13 16:00:00,-2.812521053000012,0.7722226193560504,-0.5000000000000004,-0.8660254037844385,-0.8660254037844388,-0.4999999999999997,154.577521053,151.765,179.46,alta_fd,0.0185320795506211,19.0,3.6,-2.9997845,151.5777365833955,-4.3531537,150.22436734740307
2021-08-13 17:00:00,-3.462239874079998,1.0,-0.25881904510252063,-0.9659258262890683,-0.8660254037844388,-0.4999999999999997,28.83123987408,25.369,32.424,alta_fd,,15.5,3.9,-4.1886663,24.642573530391036,-3.8509552,24.980284626200973
2021-08-14 08:00:00,-2.6452895273124994,1.0,-0.4999999999999998,0.8660254037844387,-0.8660254037844388,-0.4999999999999997,27.1722895273125,24.527,29.355,alta_fd,,5.0,0.0,-3.8851652,23.287124312773926,-3.5892072,23.5830823549187
2021-08-14 09:00:00,-1.8219541005299789,0.8534352841700068,-0.7071067811865475,0.7071067811865476,-0.8660254037844388,-0.4999999999999997,291.03395410053,289.212,325.746,alta_fd,0.0062997182016305,5.1,2.0,-1.7065991,289.32735498420465,-3.484073,287.54988117686975
2021-08-14 10:00:00,-7.138418688520005,1.0,-0.8660254037844387,0.49999999999999994,-0.8660254037844388,-0.4999999999999997,120.06341868852,112.925,131.412,alta_fd,0.0632138028649103,5.3,0.0,-8.571488,111.49193030808787,-6.954422,113.10899669144969
2021-08-14 11:00:00,-15.33537093237004,0.593572944331854,-0.9659258262890682,0.258819045102521,-0.8660254037844388,-0.4999999999999997,499.06237093237,483.727,580.642,mixto,0.031702532487064,7.0,0.5,-11.236096,487.8262745502289,-11.733986,487.3283850314911
2021-08-14 12:00:00,16.726701079267514,0.3312691367763709,-1.0,1.2246467991473532e-16,-0.8660254037844388,-0.4999999999999997,655.9962989207324,672.723,793.943,mixto,0.0248641730389291,10.0,3.6,15.31042,671.3067189570484,14.649628,670.6459266062793
2021-08-14 13:00:00,27.74884037708,0.2156241693635816,-0.9659258262890683,-0.2588190451025208,-0.8660254037844388,-0.4999999999999997,655.64115962292,683.39,800.532,baja_fd,0.0406046918700595,11.9,5.1,22.53426,678.1754194190626,25.061407,680.7025667121534
2021-08-14 14:00:00,26.35025334668751,0.2388063112488563,-0.8660254037844388,-0.4999999999999997,-0.8660254037844388,-0.4999999999999997,577.3837466533125,603.734,698.885,baja_fd,0.043645468611487,13.0,6.1,24.845173,602.2289195353926,26.815817,604.199563532585
2021-08-14 15:00:00,16.494422785007487,0.3518984919109958,-0.7071067811865479,-0.7071067811865471,-0.8660254037844388,-0.4999999999999997,444.9425772149925,461.437,511.189,mixto,0.0357457741468661,6.0,7.2,13.492679,458.4352558572655,14.723225,459.6658018548851
2021-08-14 16:00:00,2.1005800121675406,0.4947427029044117,-0.5000000000000004,-0.8660254037844385,-0.8660254037844388,-0.4999999999999997,238.03541998783248,240.136,270.787,mixto,0.0087474598234647,11.0,6.1,0.92467266,238.9600926510443,-0.24433213,237.79108785310882
2021-08-14 17:00:00,-4.440433871492495,0.9324617101625328,-0.25881904510252063,-0.9659258262890683,-0.8660254037844388,-0.4999999999999997,44.4454338714925,40.005,49.039,alta_fd,,10.0,5.1,-4.7854695,39.65996433947956,-4.84545,39.5999839470235
2021-08-15 08:00:00,-2.6209852205325035,1.0,-0.4999999999999998,0.8660254037844387,-0.8660254037844388,-0.4999999999999997,27.733985220532503,25.113,30.303,alta_fd,,8.0,1.0,-3.021331,24.712654148678865,-3.184334,24.549651180844393
2021-08-15 09:00:00,-8.696522768492457,0.853370535027515,-0.7071067811865475,0.7071067811865476,-0.8660254037844388,-0.4999999999999997,290.40752276849247,281.711,328.839,alta_fd,0.0308703698772588,8.0,0.0,-6.1344104,284.27311238717533,-7.0245385,283.3829842514942
2021-08-15 10:00:00,4.914423097070085,0.3537770463001953,-0.8660254037844387,0.49999999999999994,-0.8660254037844388,-0.4999999999999997,513.87657690293,518.791,601.886,mixto,0.0094728379965536,8.0,2.0,4.029215,517.9057917619388,4.629385,518.5059618974368
2021-08-15 11:00:00,-7.085795291730022,1.0,-0.9659258262890682,0.258819045102521,-0.8660254037844388,-0.4999999999999997,151.32879529173002,144.243,168.066,alta_fd,0.0491240149728584,8.0,3.0,-6.836138,144.49265752012357,-6.8461814,144.48261389906034
2021-08-15 12:00:00,-7.943322645312492,0.9965287223757052,-1.0,1.2246467991473532e-16,-0.8660254037844388,-0.4999999999999997,167.0523226453125,159.109,185.925,alta_fd,0.0499237795807433,8.0,2.5,-8.167136,158.88518645299072,-7.7271643,159.32515837681885
2021-08-15 13:00:00,-8.371252439092473,0.9963670898923852,-0.9659258262890683,-0.2588190451025208,-0.8660254037844388,-0.4999999999999997,162.90725243909247,154.536,181.921,alta_fd,0.0541702414912542,9.0,1.5,-8.528678,154.37857449872382,-8.695107,154.2121449790705
2021-08-15 14:00:00,-7.575002011679999,1.0,-0.8660254037844388,-0.4999999999999997,-0.8660254037844388,-0.4999999999999997,140.25000201168,132.675,156.136,alta_fd,0.0570944187803278,9.0,1.0,-7.8610806,132.38892136516512,-7.150782,133.09921990337313
2021-08-15 15:00:00,-5.901198484679995,1.0,-0.7071067811865479,-0.7071067811865471,-0.8660254037844388,-0.4999999999999997,102.52919848468,96.628,113.564,alta_fd,0.0610713093997598,9.0,0.5,-6.467595,96.06160338427716,-5.792833,96.73636563327008
2021-08-15 16:00:00,-4.634876360929951,0.6146666464928102,-0.5000000000000004,-0.8660254037844385,-0.8660254037844388,-0.4999999999999997,234.23787636093,229.603,264.186,mixto,0.0201864799716465,9.0,0.5,-5.0528884,229.1849879675279,-6.804507,227.43336958221295
2021-08-15 17:00:00,-1.8142998804799984,1.0,-0.25881904510252063,-0.9659258262890683,-0.8660254037844388,-0.4999999999999997,12.95729988048,11.143,14.184,alta_fd,,9.0,0.5,-4.0751014,8.882198504900167,-4.2472653,8.710034541582296
2021-08-16 08:00:00,-3.669878591729997,1.0,-0.4999999999999998,0.8660254037844387,-0.8660254037844388,-0.4999999999999997,47.25387859173,43.584,51.566,alta_fd,,7.0,0.0,-4.3820925,42.87178611583889,-3.593845,43.66003370113552
2021-08-16 09:00:00,-5.703784054932527,0.9633401150357802,-0.7071067811865475,0.7071067811865476,-0.8660254037844388,-0.4999999999999997,141.17278405493252,135.469,157.183,alta_fd,0.0421039799137258,9.0,0.5,-6.864755,134.30802890127651,-6.5820017,134.59078236883633
2021-08-16 10:00:00,-6.351467325329963,0.9746320191407633,-0.8660254037844387,0.49999999999999994,-0.8660254037844388,-0.4999999999999997,236.64946732533,230.298,267.426,alta_fd,0.0275793420929837,9.4,2.1,-5.093843,231.55562434208414,-5.4197364,231.22973093998453
2021-08-16 11:00:00,-9.919994504519993,0.7334300762077048,-0.9659258262890682,0.258819045102521,-0.8660254037844388,-0.4999999999999997,405.01999450452,395.1,470.788,alta_fd,0.0251075537952923,10.2,1.0,-8.074541,396.94545341260107,-9.046937,395.97305751568945
2021-08-16 12:00:00,-11.858435722880015,0.6049631434407056,-1.0,1.2246467991473532e-16,-0.8660254037844388,-0.4999999999999997,516.26343572288,504.405,612.944,mixto,0.023509750543472,11.0,1.0,-7.4237022,508.83973348288976,-9.147685,507.11575067191563
2021-08-16 13:00:00,-4.714670872332476,0.46102481067842,-0.9659258262890683,-0.2588190451025208,-0.8660254037844388,-0.4999999999999997,564.0026708723325,559.288,681.113,mixto,0.0084297729833868,13.0,1.5,-1.672017,562.3306538940686,-0.8690738,563.1335970641393
2021-08-16 14:00:00,5.074850314367495,0.4589245744430606,-0.8660254037844388,-0.4999999999999997,-0.8660254037844388,-0.4999999999999997,525.5401496856325,530.615,630.523,mixto,0.0095640913173722,13.0,2.5,7.5170417,533.0571913688295,5.507601,531.0477504699343
2021-08-16 15:00:00,5.8475762611674895,0.3838258551610034,-0.7071067811865479,-0.7071067811865471,-0.8660254037844388,-0.4999999999999997,415.2504237388325,421.098,491.413,mixto,0.0138864973501833,14.0,2.5,3.8208807,419.0713043903065,6.135644,421.38606769787793
2021-08-16 16:00:00,-1.1089501058125393,0.5081407285014364,-0.5000000000000004,-0.8660254037844385,-0.8660254037844388,-0.4999999999999997,233.80295010581253,232.694,269.185,mixto,0.0047657013322756,14.1,2.1,-2.9219444,230.881005726006,-2.395647,231.40730305686233
2021-08-16 17:00:00,-5.109174517280003,0.869345092948639,-0.25881904510252063,-0.9659258262890683,-0.8660254037844388,-0.4999999999999997,48.44817451728,43.339,54.104,alta_fd,,13.0,2.0,-3.8595948,44.58857969535007,-4.301677,44.14649729025974
2021-08-17 08:00:00,-3.889402012032505,1.0,-0.4999999999999998,0.8660254037844387,-0.8660254037844388,-0.4999999999999997,58.169402012032506,54.28,62.853,alta_fd,0.0716544217397292,4.0,1.0,-4.6638165,53.50558556000614,-3.8869767,54.28242529312992
2021-08-17 09:00:00,-5.357089358530004,0.9464579079040796,-0.7071067811865475,0.7071067811865476,-0.8660254037844388,-0.4999999999999997,161.32208935853,155.965,178.154,alta_fd,0.0343480226879748,6.2,1.0,-5.9733787,155.34871070023533,-6.04045,155.28163926239964
2021-08-17 10:00:00,-8.307937514930018,0.974697730868183,-0.8660254037844387,0.49999999999999994,-0.8660254037844388,-0.4999999999999997,240.04393751493,231.736,270.414,alta_fd,0.0358508713144699,8.5,1.0,-6.8594036,233.18453390470052,-7.2340097,232.8099277721932
2021-08-17 11:00:00,-12.108486302920028,0.8443998801426594,-0.9659258262890682,0.258819045102521,-0.8660254037844388,-0.4999999999999997,316.27048630292,304.162,363.932,alta_fd,0.039809332865118,11.0,0.5,-11.205295,305.0651916938502,-11.048321,305.22216553265633
2021-08-17 12:00:00,-11.136988395812525,0.836421515195679,-1.0,1.2246467991473532e-16,-0.8660254037844388,-0.4999999999999997,341.6279883958125,330.491,397.935,alta_fd,0.0336983106826283,13.0,1.0,-8.831234,332.796754417541,-10.479736,331.1482520676875
2021-08-17 13:00:00,-10.671379653919985,0.8315046387433408,-0.9659258262890683,-0.2588190451025208,-0.8660254037844388,-0.4999999999999997,332.36737965392,321.696,388.232,alta_fd,0.0331722485014423,14.0,1.0,-8.802182,323.5651974563492,-10.38246,321.9849200134171
2021-08-17 14:00:00,-5.568194314732466,0.8328109519030971,-0.8660254037844388,-0.4999999999999997,-0.8660254037844388,-0.4999999999999997,276.8291943147325,271.261,336.007,alta_fd,0.0205270728734778,25.0,2.0,-4.369571,272.45962310577863,-5.6398525,271.1893417909288
2021-08-17 15:00:00,6.146615692687476,0.4385908753656823,-0.7071067811865479,-0.7071067811865471,-0.8660254037844388,-0.4999999999999997,420.0213843073125,426.168,510.795,mixto,0.0144229873962556,20.0,2.5,5.5745597,425.5959439958806,5.7124696,425.7338538851018
2021-08-17 16:00:00,-1.1099073010325071,0.6291251498145612,-0.5000000000000004,-0.8660254037844385,-0.8660254037844388,-0.4999999999999997,198.8869073010325,197.777,228.653,mixto,0.0056119129172376,15.0,3.6,-2.5057266,196.38118072518105,-3.9624925,194.9244148350596
2021-08-17 17:00:00,-3.4227985492500004,1.0,-0.25881904510252063,-0.9659258262890683,-0.8660254037844388,-0.4999999999999997,33.17079854925,29.748,37.11,alta_fd,,14.0,2.0,-3.1762366,29.994561919763918,-3.0021513,30.168647298410768
2021-08-18 08:00:00,-7.879304781892515,0.8337087153156018,-0.4999999999999998,0.8660254037844387,-0.8660254037844388,-0.4999999999999997,131.91330478189252,124.034,142.799,alta_fd,0.063525362254644,2.0,0.0,-7.664994,124.24831101892255,-8.150127,123.76317737100385
2021-08-18 09:00:00,-1.3571862349324988,0.5262211318159769,-0.7071067811865475,0.7071067811865476,-0.8660254037844388,-0.4999999999999997,349.9221862349325,348.565,393.183,mixto,0.003893638876343,4.0,1.0,-2.762929,347.159257272225,-2.9190702,347.00311599109705
2021-08-18 10:00:00,-3.902361792632519,0.348261765533057,-0.8660254037844387,0.49999999999999994,-0.8660254037844388,-0.4999999999999997,522.6363617926326,518.734,615.427,mixto,0.0075228571727176,8.9,1.0,-3.831271,518.8050908594813,-3.670005,518.9663567095484
2021-08-18 11:00:00,-8.181191448312461,0.2451955144073695,-0.9659258262890682,0.258819045102521,-0.8660254037844388,-0.4999999999999997,628.1621914483125,619.981,767.165,baja_fd,0.0131958744676247,13.0,1.0,-8.539237,619.6229544259126,-8.567963,619.5942288018281
2021-08-18 12:00:00,4.051814345767525,0.211109056722772,-1.0,1.2246467991473532e-16,-0.8660254037844388,-0.4999999999999997,673.2251856542325,677.277,836.893,baja_fd,0.005982506929613,15.0,1.9,3.0881882,676.3133738256192,3.6297398,676.8549254155851
2021-08-18 13:00:00,13.634458361167503,0.2073766820798305,-0.9659258262890683,-0.2588190451025208,-0.8660254037844388,-0.4999999999999997,657.9095416388325,671.544,823.413,baja_fd,0.0203031496985566,17.0,2.7,11.595986,669.5055280051045,11.530271,669.4398122153095
2021-08-18 14:00:00,18.260390005879916,0.2430225510123696,-0.8660254037844388,-0.4999999999999997,-0.8660254037844388,-0.4999999999999997,576.6686099941201,594.929,717.708,baja_fd,0.0306933936753459,19.0,3.6,17.734747,594.4033569271035,18.939674,595.6082843715615
2021-08-18 15:00:00,13.008313150267613,0.3354977752416117,-0.7071067811865479,-0.7071067811865471,-0.8660254037844388,-0.4999999999999997,432.7116868497324,445.72,525.007,mixto,0.0291849437993978,19.0,4.1,10.030781,442.74246764196874,11.635517,444.34720397009374
2021-08-18 16:00:00,1.5897777493074727,0.4777419891630114,-0.5000000000000004,-0.8660254037844385,-0.8660254037844388,-0.4999999999999997,240.05322225069253,241.643,282.319,mixto,0.0065790349784908,19.0,4.1,0.23738086,240.29060311292855,2.021118,242.07434017633645
2021-08-18 17:00:00,-5.754402359332502,0.8417038374527405,-0.25881904510252063,-0.9659258262890683,-0.8660254037844388,-0.4999999999999997,51.5634023593325,45.809,58.513,alta_fd,,17.0,3.6,-4.794885,46.76851720079368,-4.9713244,46.59207791551536
2021-08-19 07:00:00,-3.696863214279999,1.0,-0.25881904510252063,0.9659258262890683,-0.8660254037844388,-0.4999999999999997,9.77686321428,6.08,10.404,alta_fd,,1.5,3.1,-3.60217,6.17469322374045,-3.2096272,6.567236062790743
2021-08-19 08:00:00,-7.811273093730023,0.8293794289606549,-0.4999999999999998,0.8660254037844387,-0.8660254037844388,-0.4999999999999997,133.02027309373003,125.209,146.234,alta_fd,0.062385875565894,6.0,0.0,-7.3358316,125.68444145157915,-8.140028,124.8802450938521
2021-08-19 09:00:00,-1.1418456677200195,0.5251257869428522,-0.7071067811865475,0.7071067811865476,-0.8660254037844388,-0.4999999999999997,345.31584566772,344.174,397.428,mixto,0.0033176406925567,10.0,1.0,-2.8031516,342.51269406020657,-2.9190702,342.39677542388455
2021-08-19 10:00:00,-3.615761433312514,0.3412961091312406,-0.8660254037844387,0.49999999999999994,-0.8660254037844388,-0.4999999999999997,519.4397614333125,515.824,622.565,mixto,0.0070096804982174,13.0,1.0,-4.40262,515.0371415945979,-4.1325054,515.3072560164424
2021-08-19 11:00:00,-18.31537990833249,0.2567901881376679,-0.9659258262890682,0.258819045102521,-0.8660254037844388,-0.4999999999999997,626.4243799083325,608.109,775.687,baja_fd,0.0301185805642285,16.0,0.5,-16.597496,609.8268838756177,-17.248293,609.1760869853589
2021-08-19 12:00:00,-10.66076179924994,0.2104034588654828,-1.0,1.2246467991473532e-16,-0.8660254037844388,-0.4999999999999997,669.15876179925,658.498,843.39,baja_fd,0.0161895127992035,18.0,1.0,-10.956878,658.2018840908149,-9.32545,659.8333118557075
2021-08-19 13:00:00,6.479497826749935,0.2022262855750739,-0.9659258262890683,-0.2588190451025208,-0.8660254037844388,-0.4999999999999997,651.27150217325,657.751,826.07,baja_fd,0.0098509889407236,20.0,2.0,5.584709,656.8562113407305,5.6180468,656.8895489338091
2021-08-19 14:00:00,14.974041425719976,0.2424370394572675,-0.8660254037844388,-0.4999999999999997,-0.8660254037844388,-0.4999999999999997,575.10695857428,590.081,722.404,baja_fd,0.0253762473723437,21.0,3.0,14.341836,589.448794549927,14.076611,589.1835691394656
2021-08-19 15:00:00,7.975367774029962,0.3339225389146785,-0.7071067811865479,-0.7071067811865471,-0.8660254037844388,-0.4999999999999997,430.63563222597,438.611,529.422,mixto,0.0181832370233075,22.0,2.5,5.742631,436.37826318452716,7.2566686,437.8923007936275
2021-08-19 16:00:00,0.9108677884299824,0.4739791846780846,-0.5000000000000004,-0.8660254037844385,-0.8660254037844388,-0.4999999999999997,240.70713221157,241.618,285.998,mixto,0.0037698672633246,21.4,3.1,-0.42991424,240.2772179755013,2.3891082,243.09624039256977
2021-08-19 17:00:00,-6.014241637920001,0.8288568820029777,-0.25881904510252063,-0.9659258262890683,-0.8660254037844388,-0.4999999999999997,52.94424163792,46.93,60.568,alta_fd,,19.0,1.5,-4.071258,48.872983569835284,-5.0039,47.94034158680306
2021-08-20 07:00:00,-3.698547310280002,1.0,-0.25881904510252063,0.9659258262890683,-0.8660254037844388,-0.4999999999999997,9.762547310280002,6.064,10.404,alta_fd,,1.9,0.5,-4.04434,5.71820717661301,-4.11642,5.646127518104709
2021-08-20 08:00:00,-7.416261306369989,0.8209011140597264,-0.4999999999999998,0.8660254037844387,-0.8660254037844388,-0.4999999999999997,139.49926130637,132.083,151.158,alta_fd,0.0561484922841697,2.0,0.5,-7.295523,132.2037381397135,-7.3054748,132.1937865482218
2021-08-20 09:00:00,1.008623886567534,0.5246148031810396,-0.7071067811865475,0.7071067811865476,-0.8660254037844388,-0.4999999999999997,345.60237611343246,346.611,401.117,mixto,0.0029099592527863,12.0,1.5,-0.88058645,344.7217896681009,-0.6515818,344.9507942896066
2021-08-20 10:00:00,6.20334367882981,0.344833184621057,-0.8660254037844387,0.49999999999999994,-0.8660254037844388,-0.4999999999999997,517.9576563211701,524.161,625.118,mixto,0.0118348058684827,14.6,2.1,5.310788,523.2684444757722,5.7710023,523.7286586138032
2021-08-20 11:00:00,-8.145874915932495,0.2781722268402213,-0.9659258262890682,0.258819045102521,-0.8660254037844388,-0.4999999999999997,613.3668749159325,605.221,768.617,baja_fd,0.013459339507275,19.0,1.0,-8.826182,604.540692550515,-9.325476,604.0413992231835
2021-08-20 12:00:00,-1.7520884173125069,0.2621800174852529,-1.0,1.2246467991473532e-16,-0.8660254037844388,-0.4999999999999997,642.4860884173125,640.734,821.595,baja_fd,0.0027345020200465,22.0,1.5,-1.4686476,641.0174408180923,-0.70625144,641.7798369748801
2021-08-20 13:00:00,-9.657627778312415,0.332180981749978,-0.9659258262890683,-0.2588190451025208,-0.8660254037844388,-0.4999999999999997,602.3046277783125,592.647,773.235,mixto,0.016295750722289,24.4,1.0,-9.389045,592.9155830166548,-7.920944,594.3836835644453
2021-08-20 14:00:00,-5.041017500129897,0.2685303118375184,-0.8660254037844388,-0.4999999999999997,-0.8660254037844388,-0.4999999999999997,545.7080175001299,540.667,694.906,baja_fd,0.009323701095369,25.0,1.0,-5.095426,540.6125914175188,-4.1485868,541.5594307500994
2021-08-20 15:00:00,15.661286452767513,0.3675318138437703,-0.7071067811865479,-0.7071067811865471,-0.8660254037844388,-0.4999999999999997,415.5997135472325,431.261,510.757,mixto,0.0363151002589325,22.5,6.1,13.281939,428.88165210008896,14.29483,429.89454386949814
2021-08-20 16:00:00,2.3976044424300085,0.4992582261166308,-0.5000000000000004,-0.8660254037844385,-0.8660254037844388,-0.4999999999999997,236.69939555757,239.097,279.402,mixto,0.0100277479116425,20.0,5.7,0.8349772,237.53437276713802,-0.6740792,236.0253163778062
2021-08-20 17:00:00,-5.795939734769995,0.8370601565544169,-0.25881904510252063,-0.9659258262890683,-0.8660254037844388,-0.4999999999999997,53.77193973477,47.976,61.038,alta_fd,,17.0,3.6,-4.9439597,48.82798002178782,-5.047727,48.72421262676829
2021-08-21 08:00:00,-2.8859579812500016,1.0,-0.4999999999999998,0.8660254037844387,-0.8660254037844388,-0.4999999999999997,33.66395798125,30.778,36.95,alta_fd,,9.0,1.5,-2.4388347,31.22512331404419,-2.799574,30.86438408293457
2021-08-21 09:00:00,-4.669947168492513,1.0,-0.7071067811865475,0.7071067811865476,-0.8660254037844388,-0.4999999999999997,82.87794716849251,78.208,91.911,alta_fd,0.059711885849178,10.0,1.5,-4.4699016,78.40804560675545,-4.416013,78.46193440451546
2021-08-21 10:00:00,-6.600570531079995,1.0,-0.8660254037844387,0.49999999999999994,-0.8660254037844388,-0.4999999999999997,126.60657053108,120.006,142.124,alta_fd,0.0550020043254503,11.6,1.5,-6.5323806,120.0741899501779,-6.326732,120.2798383724191
2021-08-21 11:00:00,-8.199754972369988,1.0,-0.9659258262890682,0.258819045102521,-0.8660254037844388,-0.4999999999999997,158.73475497236998,150.535,177.858,alta_fd,0.0544707541260835,10.0,1.5,-8.427274,150.3074812220648,-8.018724,150.71603053084166
2021-08-21 12:00:00,-7.026121472,0.9965582555568048,-1.0,1.2246467991473532e-16,-0.8660254037844388,-0.4999999999999997,172.091121472,165.065,194.72,alta_fd,0.042565786035804,12.0,5.6,-5.8877606,166.20336083280932,-6.0501575,166.04096392500293
2021-08-21 13:00:00,-6.698788864632519,0.9964104863941242,-0.9659258262890683,-0.2588190451025208,-0.8660254037844388,-0.4999999999999997,167.2627888646325,160.564,190.723,alta_fd,0.0417203661134035,14.1,6.2,-5.2001915,162.06259736682978,-5.350961,161.911827656289
2021-08-21 14:00:00,-6.145344476529999,1.0,-0.8660254037844388,-0.4999999999999997,-0.8660254037844388,-0.4999999999999997,145.17034447653,139.025,164.946,alta_fd,0.0442031611331055,14.0,5.6,-4.6901445,140.4801999376506,-4.1323786,141.03796589834397
2021-08-21 15:00:00,-4.891060516032496,1.0,-0.7071067811865479,-0.7071067811865471,-0.8660254037844388,-0.4999999999999997,107.4160605160325,102.525,121.403,alta_fd,0.0477060279544744,14.0,6.6,-2.1236744,105.2923861233323,-2.770986,104.64507443586282
2021-08-21 16:00:00,-3.639687079492497,1.0,-0.5000000000000004,-0.8660254037844385,-0.8660254037844388,-0.4999999999999997,59.240687079492496,55.601,66.511,alta_fd,0.0654608204797125,14.0,4.6,-2.536866,56.70382112986176,-2.7499256,56.490761466089175
2021-08-21 17:00:00,-2.0660740566325018,1.0,-0.25881904510252063,-0.9659258262890683,-0.8660254037844388,-0.4999999999999997,15.4320740566325,13.366,17.027,alta_fd,,11.0,3.0,-3.5846848,11.8473892078471,-3.32657,12.1055040226054
2021-08-22 07:00:00,-3.947338964892501,1.0,-0.25881904510252063,0.9659258262890683,-0.8660254037844388,-0.4999999999999997,10.5133389648925,6.566,11.351,alta_fd,,5.4,0.0,-3.999272,6.514066856814496,-3.660266,6.853073042346113
2021-08-22 08:00:00,-5.31913986559249,0.8846743435518268,-0.4999999999999998,0.8660254037844387,-0.8660254037844388,-0.4999999999999997,121.44713986559248,116.128,133.821,alta_fd,0.0458041115458157,7.0,2.5,-4.998655,116.44848502321577,-5.2372966,116.20984328432417
2021-08-22 09:00:00,-2.2112131015924774,0.8388000754788788,-0.7071067811865475,0.7071067811865476,-0.8660254037844388,-0.4999999999999997,238.9402131015925,236.729,269.021,alta_fd,0.0093406937958276,8.4,2.8,-1.9662076,236.97400547811074,-3.6531,235.28711308785958
2021-08-22 10:00:00,-4.718616301732482,0.9080397120379954,-0.8660254037844387,0.49999999999999994,-0.8660254037844388,-0.4999999999999997,264.0836163017325,259.365,300.207,alta_fd,0.0181929570363483,9.9,3.1,-3.034613,261.04900340767426,-4.599007,259.4846091720633
2021-08-22 11:00:00,0.1568777867500443,0.6348388536064838,-0.9659258262890682,0.258819045102521,-0.8660254037844388,-0.4999999999999997,492.40612221324994,492.563,583.37,mixto,0.0003184928359418,11.4,2.6,3.3272827,495.73340488041,-0.7359983,491.67012394035413
2021-08-22 12:00:00,0.4569006030001219,0.4087372881801759,-1.0,1.2246467991473532e-16,-0.8660254037844388,-0.4999999999999997,629.3510993969999,629.808,768.78,mixto,0.0007254601449967,13.0,2.0,3.1124148,632.4635142338834,1.8198396,631.1709389937482
2021-08-22 13:00:00,-3.510202323249928,0.3004065889600781,-0.9659258262890683,-0.2588190451025208,-0.8660254037844388,-0.4999999999999997,657.08020232325,653.57,812.43,mixto,0.0053708131083891,14.5,1.5,-0.6570657,656.4231366336862,-0.70070356,656.379498761944
2021-08-22 14:00:00,5.7093730080299565,0.2424512186853363,-0.8660254037844388,-0.4999999999999997,-0.8660254037844388,-0.4999999999999997,586.66262699197,592.372,721.222,baja_fd,0.0096381547541577,16.0,2.0,6.5714145,593.2340414626426,7.229324,593.8919508559532
2021-08-22 15:00:00,7.986268282830053,0.3166527701099084,-0.7071067811865479,-0.7071067811865471,-0.8660254037844388,-0.4999999999999997,446.21973171717,454.206,535.182,mixto,0.0175829211477392,15.9,2.6,6.5846705,452.8044022608407,9.17774,455.3974718142159
2021-08-22 16:00:00,0.8949452588300062,0.4926503381196767,-0.5000000000000004,-0.8660254037844385,-0.8660254037844388,-0.4999999999999997,249.75405474117,250.649,290.382,mixto,0.0035705119862038,15.9,3.1,-0.8641211,248.8899336617251,-0.99506533,248.75898940971095
2021-08-22 17:00:00,-6.367254596092508,0.7998525907673232,-0.25881904510252063,-0.9659258262890683,-0.8660254037844388,-0.4999999999999997,61.31525459609251,54.948,69.129,alta_fd,0.1158778225975924,15.0,3.0,-4.6572585,56.65799608550291,-4.9362435,56.37901106200437
2021-08-23 07:00:00,-4.1543051250000005,1.0,-0.25881904510252063,0.9659258262890683,-0.8660254037844388,-0.4999999999999997,11.615305125,7.461,12.3,alta_fd,,0.1,1.0,-3.6097798,8.005525290252686,-3.4797578,8.135547339202882
2021-08-23 08:00:00,-7.342873584332494,0.8007439134513359,-0.4999999999999998,0.8660254037844387,-0.8660254037844388,-0.4999999999999997,149.6668735843325,142.324,164.263,alta_fd,0.0515926588933173,5.0,0.5,-7.000328,142.66654552036766,-7.1559105,142.51096309238915
2021-08-23 09:00:00,-4.370676247312474,0.5035905605334928,-0.7071067811865475,0.7071067811865476,-0.8660254037844388,-0.4999999999999997,366.2786762473125,361.908,420.245,mixto,0.0120767605228745,8.5,0.5,-5.196377,361.0822994467754,-5.1861706,361.09250566930956
2021-08-23 10:00:00,-11.588893979679938,0.3468692649556381,-0.8660254037844387,0.49999999999999994,-0.8660254037844388,-0.4999999999999997,535.80489397968,524.216,641.064,mixto,0.0221070970357256,12.0,0.5,-11.538669,524.2662253471726,-10.203136,525.6017575355881
2021-08-23 11:00:00,-9.55111994092988,0.2575703784754458,-0.9659258262890682,0.258819045102521,-0.8660254037844388,-0.4999999999999997,642.2471199409299,632.696,793.814,baja_fd,0.0150959069457209,15.0,1.0,-8.430421,633.8166990653806,-9.069414,633.177705802136
2021-08-23 12:00:00,-7.838732800929961,0.204664705993217,-1.0,1.2246467991473532e-16,-0.8660254037844388,-0.4999999999999997,685.33673280093,677.498,863.514,baja_fd,0.01157011947036,17.3,1.2,-8.356379,676.9803542456322,-7.0199246,678.3168081602745
2021-08-23 13:00:00,-1.353224990092485,0.2033939721679927,-0.9659258262890683,-0.2588190451025208,-0.8660254037844388,-0.4999999999999997,663.4522249900925,662.099,842.279,baja_fd,0.0020438408607964,19.7,1.5,-0.76674473,662.6854802572358,-0.28396448,663.1682605051625
2021-08-23 14:00:00,0.9164290528300398,0.2419585209556987,-0.8660254037844388,-0.4999999999999997,-0.8660254037844388,-0.4999999999999997,584.43857094717,585.355,735.418,baja_fd,0.0015655953273313,21.0,1.5,2.4765449,586.9151158041951,2.2698493,586.7084202475545
2021-08-23 15:00:00,0.1321433963199751,0.3268944482160852,-0.7071067811865479,-0.7071067811865471,-0.8660254037844388,-0.4999999999999997,441.21985660368,441.352,541.464,mixto,0.000299405908028,21.2,1.2,-0.68117326,440.5386833386997,-0.066390194,441.1534664096812
2021-08-23 16:00:00,-2.422092499999991,0.4871192884632738,-0.5000000000000004,-0.8660254037844385,-0.8660254037844388,-0.4999999999999997,247.9980925,245.576,295.0,mixto,0.0098629039482685,21.4,1.0,-4.055701,243.94239172103883,-2.2605817,245.73751076820375
2021-08-23 17:00:00,-6.627993570120012,0.7918985222775231,-0.25881904510252063,-0.9659258262890683,-0.8660254037844388,-0.4999999999999997,61.65999357012001,55.032,70.908,alta_fd,0.1204389004600961,20.0,1.0,-5.373903,56.28609077242103,-6.2942753,55.36571828630653
2021-08-24 07:00:00,-3.8191518003199993,1.0,-0.25881904510252063,0.9659258262890683,-0.8660254037844388,-0.4999999999999997,12.42715180032,8.608,13.248,alta_fd,,1.9,0.5,-4.04434,8.382811666653009,-4.11642,8.310732008144708
2021-08-24 08:00:00,-7.301037012999984,0.7934039519383359,-0.4999999999999998,0.8660254037844387,-0.8660254037844388,-0.4999999999999997,152.68103701299998,145.38,168.94,alta_fd,0.0502203674026687,7.0,0.5,-6.9089766,145.77206045812937,-7.1322165,145.54882055944773
2021-08-24 09:00:00,-1.2777515468799834,0.5036490932779208,-0.7071067811865475,0.7071067811865476,-0.8660254037844388,-0.4999999999999997,363.83275154688,362.555,423.456,mixto,0.0035242971325177,12.0,1.0,-2.9026961,360.9300554142201,-2.8425727,360.9901788578236
2021-08-24 10:00:00,-11.31259745703244,0.3386618424905022,-0.8660254037844387,0.49999999999999994,-0.8660254037844388,-0.4999999999999997,528.8165974570325,517.504,647.347,mixto,0.0218599227388241,17.3,0.5,-12.091383,516.7252144766858,-10.850095,517.9665026618054
2021-08-24 11:00:00,-0.5938141203324676,0.2530780401065134,-0.9659258262890682,0.258819045102521,-0.8660254037844388,-0.4999999999999997,630.5848141203325,629.991,800.537,baja_fd,0.0009425755611309,21.0,1.5,-1.7102752,628.8745389471452,-2.4229236,628.1618905554216
2021-08-24 12:00:00,17.34230133443009,0.2096602450282455,-1.0,1.2246467991473532e-16,-0.8660254037844388,-0.4999999999999997,671.84369866557,689.186,864.198,baja_fd,0.0251634556337913,22.0,3.0,13.52711,685.3708087653624,14.367259,686.2109576911437
2021-08-24 13:00:00,25.664367880749975,0.2086799969125183,-0.9659258262890683,-0.2588190451025208,-0.8660254037844388,-0.4999999999999997,656.94763211925,682.612,845.89,baja_fd,0.0375972996090751,22.8,4.1,23.518,680.4656317682978,24.473875,681.4215071650264
2021-08-24 14:00:00,-15.04157149899254,0.2185662928624075,-0.8660254037844388,-0.4999999999999997,-0.8660254037844388,-0.4999999999999997,583.1825714989925,568.141,740.789,baja_fd,0.0264750678070981,23.0,0.5,-11.860511,571.3220606728817,-12.12593,571.056641666534
2021-08-24 15:00:00,18.742168679070065,0.3266120126785707,-0.7071067811865479,-0.7071067811865471,-0.8660254037844388,-0.4999999999999997,441.50083132092993,460.243,543.814,mixto,0.0407223329394908,22.0,6.6,14.283909,455.7847401649241,15.715342,457.2161728889231
2021-08-24 16:00:00,4.228652996907499,0.4766799575975974,-0.5000000000000004,-0.8660254037844385,-0.8660254037844388,-0.4999999999999997,245.3983470030925,249.627,300.479,mixto,0.0169398862979865,28.2,6.7,4.6273603,250.02570734702562,4.4808187,249.87916575156663
2021-08-24 17:00:00,-6.0187521267925135,0.8324696743937936,-0.25881904510252063,-0.9659258262890683,-0.8660254037844388,-0.4999999999999997,61.34575212679251,55.327,69.709,alta_fd,0.108785080101804,17.0,3.6,-5.088948,56.256804353812775,-5.156859,56.188893205741486
2021-08-25 08:00:00,-3.0221433993925046,1.0,-0.4999999999999998,0.8660254037844387,-0.8660254037844388,-0.4999999999999997,37.9711433993925,34.949,41.701,alta_fd,,9.0,2.0,-2.2762096,35.69493380657329,-2.3428614,35.628281985436814
2021-08-25 09:00:00,-5.015640608769985,1.0,-0.7071067811865475,0.7071067811865476,-0.8660254037844388,-0.4999999999999997,88.37364060876999,83.358,97.738,alta_fd,0.0601698770216414,9.1,1.0,-5.0987654,83.27487523554001,-4.7305436,83.64309699533615
2021-08-25 10:00:00,-7.213783422792503,1.0,-0.8660254037844387,0.49999999999999994,-0.8660254037844388,-0.4999999999999997,133.7997834227925,126.586,148.941,alta_fd,0.0569872136159804,9.2,1.0,-7.470134,126.3296496413594,-7.031428,126.76835556253249
2021-08-25 11:00:00,-11.11031913651999,0.9670058360957942,-0.9659258262890682,0.258819045102521,-0.8660254037844388,-0.4999999999999997,272.78231913652,261.672,310.612,alta_fd,0.0424589529507168,10.0,1.0,-8.819517,263.9628020008999,-9.07455,263.7077694615322
2021-08-25 12:00:00,-17.159436826769934,0.7945056236883568,-1.0,1.2246467991473532e-16,-0.8660254037844388,-0.4999999999999997,418.73643682676993,401.577,489.438,alta_fd,0.0427301285351749,11.0,0.5,-11.173423,407.5630140133544,-12.218685,406.51775167662345
2021-08-25 13:00:00,-12.490274665170034,0.6638027392261557,-0.9659258262890683,-0.2588190451025208,-0.8660254037844388,-0.4999999999999997,480.44127466517006,467.951,573.118,mixto,0.0266914156934594,13.4,1.0,-7.7350245,472.7062502129606,-9.364049,471.07722570734535
2021-08-25 14:00:00,-9.764224888992487,0.7562346760864984,-0.8660254037844388,-0.4999999999999997,-0.8660254037844388,-0.4999999999999997,383.4972248889925,373.733,455.461,alta_fd,0.0261262047745114,16.0,1.0,-5.3003564,378.19686850090045,-8.298889,375.19833572883624
2021-08-25 15:00:00,-4.555303373032501,0.8176847211711114,-0.7071067811865479,-0.7071067811865471,-0.8660254037844388,-0.4999999999999997,257.3403033730325,252.785,297.197,alta_fd,0.0180204655063888,14.0,2.0,-2.7361493,254.60415406196682,-4.451118,252.88918538063137
2021-08-25 16:00:00,-4.86002132517001,0.9491941160441958,-0.5000000000000004,-0.8660254037844385,-0.8660254037844388,-0.4999999999999997,120.01702132517,115.157,137.518,alta_fd,0.0422034381337652,17.0,1.0,-6.50332,113.51370110803744,-6.843918,113.17310347849032
2021-08-25 17:00:00,-3.279519262720008,1.0,-0.25881904510252063,-0.9659258262890683,-0.8660254037844388,-0.4999999999999997,31.115519262720007,27.836,35.072,alta_fd,,16.0,1.5,-3.5494823,27.566036917138952,-3.5109644,27.604554869104284
2021-08-26 08:00:00,-3.1800975113924963,1.0,-0.4999999999999998,0.8660254037844387,-0.8660254037844388,-0.4999999999999997,38.6850975113925,35.505,42.651,alta_fd,,10.0,0.0,-3.9815156,34.703581865411664,-3.593845,35.091252620798016
2021-08-26 09:00:00,-5.235455663232486,1.0,-0.7071067811865475,0.7071067811865476,-0.8660254037844388,-0.4999999999999997,88.92145566323249,83.686,98.693,alta_fd,0.062560711029712,10.0,0.5,-5.827072,83.0943835196778,-5.2618046,83.65965108254402
2021-08-26 10:00:00,-7.28536637981253,1.0,-0.8660254037844387,0.49999999999999994,-0.8660254037844388,-0.4999999999999997,135.00436637981252,127.719,150.895,alta_fd,0.0570421501876191,10.2,1.0,-7.470134,127.53423259837942,-7.031428,127.97293851955251
2021-08-26 11:00:00,-9.616721584492524,0.9966602107105126,-0.9659258262890682,0.258819045102521,-0.8660254037844388,-0.4999999999999997,166.26472158449252,156.648,186.489,alta_fd,0.0613906438926288,10.0,0.5,-11.499067,154.76565427797397,-10.340878,155.92384405153354
2021-08-26 12:00:00,-10.507604075079996,0.9897798174222616,-1.0,1.2246467991473532e-16,-0.8660254037844388,-0.4999999999999997,180.20660407508,169.699,203.324,alta_fd,0.0619190689107183,11.0,0.5,-11.98647,168.22013385260686,-10.78351,169.42309386695013
2021-08-26 13:00:00,-9.50286849325002,0.9892704446197826,-0.9659258262890683,-0.2588190451025208,-0.8660254037844388,-0.4999999999999997,174.69786849325,165.195,197.27,alta_fd,0.0575251581055723,11.4,1.0,-10.043352,164.65451636617482,-9.744143,164.95372596090138
2021-08-26 14:00:00,-8.189201273692504,0.9961226720630378,-0.8660254037844388,-0.4999999999999997,-0.8660254037844388,-0.4999999999999997,151.1462012736925,142.957,170.519,alta_fd,0.0572843671432144,12.0,1.0,-7.969169,143.17703213383044,-7.801595,143.34460606266344
2021-08-26 15:00:00,-5.785326873569986,1.0,-0.7071067811865479,-0.7071067811865471,-0.8660254037844388,-0.4999999999999997,112.46532687357,106.68,126.202,alta_fd,0.0542306606071427,12.0,2.0,-4.748846,107.71648081949286,-4.767443,107.69788369348578
2021-08-26 16:00:00,-3.817598665192485,1.0,-0.5000000000000004,-0.8660254037844385,-0.8660254037844388,-0.4999999999999997,63.14259866519249,59.325,70.381,alta_fd,0.0643505885409605,12.0,3.1,-3.170704,59.971894777253034,-3.3661616,59.77643708033836
2021-08-26 17:00:00,-2.15562231597,1.0,-0.25881904510252063,-0.9659258262890683,-0.8660254037844388,-0.4999999999999997,17.08062231597,14.925,18.922,alta_fd,,12.0,2.5,-3.02232,14.05830228385025,-2.945471,14.135151267614898
2021-08-27 08:00:00,-3.1673090258925,1.0,-0.4999999999999998,0.8660254037844387,-0.8660254037844388,-0.4999999999999997,39.5423090258925,36.375,43.601,alta_fd,,10.0,0.5,-3.7439501,35.7983588973372,-3.8795238,35.66278527177263
2021-08-27 09:00:00,-5.133470842530002,1.0,-0.7071067811865475,0.7071067811865476,-0.8660254037844388,-0.4999999999999997,90.52147084253,85.388,100.646,alta_fd,0.0601193474789197,10.4,1.0,-5.1884313,85.33303957956002,-4.7877827,85.73368817346261
2021-08-27 10:00:00,-7.736026368000012,1.0,-0.8660254037844387,0.49999999999999994,-0.8660254037844388,-0.4999999999999997,135.521026368,127.785,151.84,alta_fd,0.06053939326212,10.8,0.5,-8.645879,126.87514757619093,-7.5651236,127.95590280995557
2021-08-27 11:00:00,-7.682336416529978,0.9966711757091726,-0.9659258262890682,0.258819045102521,-0.8660254037844388,-0.4999999999999997,166.67333641653,158.991,188.446,alta_fd,0.0483193162916767,12.0,3.0,-6.900952,159.7723845541948,-7.1138744,159.5594619811052
2021-08-27 12:00:00,-8.888647773992517,0.9965981142790646,-1.0,1.2246467991473532e-16,-0.8660254037844388,-0.4999999999999997,179.78264777399252,170.894,204.461,alta_fd,0.0520126380914047,13.0,2.0,-8.079049,171.70359866357992,-7.970256,171.81239192224692
2021-08-27 13:00:00,-8.503821587999994,0.9964305494984136,-0.9659258262890683,-0.2588190451025208,-0.8660254037844388,-0.4999999999999997,174.616821588,166.113,198.44,alta_fd,0.0511929926495818,13.0,2.2,-8.062403,166.55441886278027,-7.612397,167.0044243940913
2021-08-27 14:00:00,-7.27891237273252,1.0,-0.8660254037844388,-0.4999999999999997,-0.8660254037844388,-0.4999999999999997,150.95291237273253,143.674,171.657,alta_fd,0.0506626973059323,14.0,2.5,-6.3621583,144.5907540742401,-6.0237503,144.92916206755675
2021-08-27 15:00:00,-5.288525747999998,1.0,-0.7071067811865479,-0.7071067811865471,-0.8660254037844388,-0.4999999999999997,112.868525748,107.58,127.16,alta_fd,0.0491590049079754,13.0,4.6,-3.3196864,109.54883933518872,-3.9224024,108.94612336610302
2021-08-27 16:00:00,-3.74592663632,1.0,-0.5000000000000004,-0.8660254037844385,-0.8660254037844388,-0.4999999999999997,63.80992663632,60.064,71.352,alta_fd,0.0623655873122003,12.8,5.1,-2.4762552,61.33367145786846,-2.4735322,61.33639443646038
2021-08-27 17:00:00,-2.208178863250001,1.0,-0.25881904510252063,-0.9659258262890683,-0.8660254037844388,-0.4999999999999997,17.941178863250002,15.733,19.87,alta_fd,,11.9,3.5,-4.060571,13.880607669554934,-3.6002529,14.340925996505007
2021-08-28 08:00:00,-3.1625786395700004,1.0,-0.4999999999999998,0.8660254037844387,-0.8660254037844388,-0.4999999999999997,41.41357863957,38.251,45.502,alta_fd,,9.0,1.5,-2.686863,38.72671569401336,-2.9008117,38.512766967359305
2021-08-28 09:00:00,-5.389864676032488,1.0,-0.7071067811865475,0.7071067811865476,-0.8660254037844388,-0.4999999999999997,92.39586467603247,87.006,102.597,alta_fd,0.0619481952512756,10.0,0.5,-5.916738,86.4791266427378,-5.3190436,87.07682103971045
2021-08-28 10:00:00,-7.1216085822925095,1.0,-0.8660254037844387,0.49999999999999994,-0.8660254037844388,-0.4999999999999997,137.4946085822925,130.373,153.791,alta_fd,0.0546248731124735,10.3,1.5,-6.424292,131.07031649473757,-6.326732,131.1678764236316
2021-08-28 11:00:00,-7.343158471032524,0.9966818369654932,-0.9659258262890682,0.258819045102521,-0.8660254037844388,-0.4999999999999997,169.0191584710325,161.676,190.403,alta_fd,0.0454189766634041,11.0,4.1,-6.4494333,162.56972514431132,-6.300038,162.71912061016215
2021-08-28 12:00:00,-8.34081163700003,0.9966095562348148,-1.0,1.2246467991473532e-16,-0.8660254037844388,-0.4999999999999997,182.171811637,173.831,206.42,alta_fd,0.0479823025639847,12.0,3.0,-7.1118283,175.05998330982104,-7.386118,174.78569370181933
2021-08-28 13:00:00,-7.640397896929983,0.9964624262096136,-0.9659258262890683,-0.2588190451025208,-0.8660254037844388,-0.4999999999999997,177.65439789693,170.014,201.414,alta_fd,0.0449398161147316,12.3,4.1,-6.595788,171.05860989491583,-6.4062557,171.2481421748841
2021-08-28 14:00:00,-6.558679715812531,1.0,-0.8660254037844388,-0.4999999999999997,-0.8660254037844388,-0.4999999999999997,153.83267971581253,147.274,173.615,alta_fd,0.0445338601233926,12.0,5.1,-4.956041,148.87663885659012,-4.290118,149.54256149834427
2021-08-28 15:00:00,-5.1640437119999945,1.0,-0.7071067811865479,-0.7071067811865471,-0.8660254037844388,-0.4999999999999997,115.114043712,109.95,129.12,alta_fd,0.046967200654843,11.8,6.1,-2.5068548,112.60718893943225,-2.7712548,112.34278893409167
2021-08-28 16:00:00,-3.838399205969999,1.0,-0.5000000000000004,-0.8660254037844385,-0.8660254037844388,-0.4999999999999997,64.96839920597,61.13,72.322,alta_fd,0.0627907607716342,11.6,3.6,-2.710289,62.25811020450516,-3.099686,61.86871329860611
2021-08-28 17:00:00,-2.2016963832500007,1.0,-0.25881904510252063,-0.9659258262890683,-0.8660254037844388,-0.4999999999999997,18.00269638325,15.801,19.87,alta_fd,,11.0,2.0,-2.9519174,15.05077897335315,-2.8324325,15.170263874781373
2021-08-29 07:00:00,-2.79027291988,1.0,-0.25881904510252063,0.9659258262890683,-0.8660254037844388,-0.4999999999999997,12.16827291988,9.378,13.244,alta_fd,,7.5,2.1,-2.5929143,9.57535857699975,-2.5316834,9.636589474903193
2021-08-29 08:00:00,-4.812794184319998,0.8949604583959346,-0.4999999999999998,0.8660254037844387,-0.8660254037844388,-0.4999999999999997,110.01179418432,105.199,122.448,alta_fd,0.0457494290280325,10.0,2.0,-5.141909,104.86988506185295,-5.200068,104.81172618734124
2021-08-29 09:00:00,-4.056102299969979,0.8769652485829296,-0.7071067811865475,0.7071067811865476,-0.8660254037844388,-0.4999999999999997,217.51710229997,213.461,246.422,alta_fd,0.0190016082561684,10.7,2.2,-3.2059553,214.31114703301748,-3.942838,213.5742643464025
2021-08-29 10:00:00,-5.683257216692539,0.8592744887887629,-0.8660254037844387,0.49999999999999994,-0.8660254037844388,-0.4999999999999997,284.23125721669254,278.548,325.919,alta_fd,0.020403152119895,11.3,2.3,-4.100715,280.13054205632267,-4.946462,279.2847950623041
2021-08-29 11:00:00,-8.255211178119964,0.9673571856555792,-0.9659258262890682,0.258819045102521,-0.8660254037844388,-0.4999999999999997,280.59821117812,272.343,322.508,alta_fd,0.0303118170032641,12.0,2.5,-6.095889,274.5023220866283,-6.6160107,273.9822005122264
2021-08-29 12:00:00,-11.561158260812505,0.9821394295877612,-1.0,1.2246467991473532e-16,-0.8660254037844388,-0.4999999999999997,245.4551582608125,233.894,280.665,alta_fd,0.0494290501714986,12.0,1.0,-9.453903,236.00125506257032,-9.581667,235.87349131440138
2021-08-29 13:00:00,-8.283524006530001,0.982293211694196,-0.9659258262890683,-0.2588190451025208,-0.8660254037844388,-0.4999999999999997,178.07152400653,169.788,202.954,alta_fd,0.0487874526263929,13.6,2.6,-7.3643584,170.70716558138963,-7.351755,170.7197688643181
2021-08-29 14:00:00,-7.678706799880018,0.9826957275207868,-0.8660254037844388,-0.4999999999999997,-0.8660254037844388,-0.4999999999999997,207.35770679988,199.679,236.756,alta_fd,0.0384552546831665,13.0,2.5,-6.1423087,201.21539808787438,-6.131108,201.22659899272057
2021-08-29 15:00:00,-6.638256138532455,0.9836972242185488,-0.7071067811865479,-0.7071067811865471,-0.8660254037844388,-0.4999999999999997,190.5452561385325,183.907,217.297,alta_fd,0.036095723047695,13.3,1.7,-5.891245,184.65401125022683,-5.8998733,184.64538288184914
2021-08-29 16:00:00,-4.955703627079998,0.938260987643444,-0.5000000000000004,-0.8660254037844385,-0.8660254037844388,-0.4999999999999997,128.36570362708,123.41,145.276,alta_fd,0.0401564186620208,13.6,1.0,-6.428601,121.93710283896354,-6.952889,121.4128146614733
2021-08-29 17:00:00,-3.0595276183124938,1.0,-0.25881904510252063,-0.9659258262890683,-0.8660254037844388,-0.4999999999999997,29.79552761831249,26.736,33.165,alta_fd,,12.8,1.7,-3.3131576,26.48237005987133,-3.2800965,26.515431087398184
2021-08-30 08:00:00,-3.210159648530002,1.0,-0.4999999999999998,0.8660254037844387,-0.8660254037844388,-0.4999999999999997,43.82815964853,40.618,48.354,alta_fd,,10.0,2.5,-2.6441658,41.18399389421176,-2.651893,41.17626674806308
2021-08-30 09:00:00,-4.805442016532481,1.0,-0.7071067811865475,0.7071067811865476,-0.8660254037844388,-0.4999999999999997,95.86344201653247,91.058,106.497,alta_fd,0.0527734193210094,10.0,3.6,-3.0584905,92.80495150177723,-3.880298,91.98314411728626
2021-08-30 10:00:00,-6.781321169249992,1.0,-0.8660254037844387,0.49999999999999994,-0.8660254037844388,-0.4999999999999997,141.34832116925,134.567,157.69,alta_fd,0.0503936416004666,9.5,2.6,-5.3552585,135.99306270443677,-5.7456155,135.60270568691968
2021-08-30 11:00:00,-8.557485232492496,0.9967023291779264,-0.9659258262890682,0.258819045102521,-0.8660254037844388,-0.4999999999999997,173.7434852324925,165.186,194.311,alta_fd,0.051805148332743,9.0,2.0,-7.7003403,166.0431449614964,-7.6254196,166.11806561579328
2021-08-30 12:00:00,-9.030311449432505,0.9966317365415464,-1.0,1.2246467991473532e-16,-0.8660254037844388,-0.4999999999999997,187.7073114494325,178.677,210.333,alta_fd,0.0505398649486643,9.0,2.3,-8.2203,179.48701172866834,-7.762014,179.94529753723157
2021-08-30 13:00:00,-8.589419753312484,0.9964737742804772,-0.9659258262890683,-0.2588190451025208,-0.8660254037844388,-0.4999999999999997,182.6094197533125,174.02,204.315,alta_fd,0.0493588079146792,8.8,2.6,-7.1872625,175.42215721821728,-7.324877,175.28454296803417
2021-08-30 14:00:00,-7.586822146432496,1.0,-0.8660254037844388,-0.4999999999999997,-0.8660254037844388,-0.4999999999999997,158.7778221464325,151.191,176.517,alta_fd,0.0501803820758675,8.0,2.5,-6.244453,152.53336919309388,-5.87744,152.90038217069397
2021-08-30 15:00:00,-5.854232968312502,1.0,-0.7071067811865479,-0.7071067811865471,-0.8660254037844388,-0.4999999999999997,118.9432329683125,113.089,132.035,alta_fd,0.0517665994775133,9.0,2.5,-4.5179677,114.42526526735425,-4.8967214,114.04651160524487
2021-08-30 16:00:00,-3.917955606992493,1.0,-0.5000000000000004,-0.8660254037844385,-0.8660254037844388,-0.4999999999999997,67.3589556069925,63.441,74.261,alta_fd,0.0617574692547799,9.0,3.1,-3.177055,64.18190072494293,-3.6302845,63.72867105918671
2021-08-30 17:00:00,-2.725364420992502,1.0,-0.25881904510252063,-0.9659258262890683,-0.8660254037844388,-0.4999999999999997,26.301364420992503,23.576,28.411,alta_fd,,5.0,2.0,-2.9206316,23.380732773882517,-2.8408115,23.46055292997993
2021-08-31 07:00:00,-3.755920461232501,1.0,-0.25881904510252063,0.9659258262890683,-0.8660254037844388,-0.4999999999999997,18.4409204612325,14.685,19.893,alta_fd,,4.9,2.6,-2.902009,15.53891145091756,-2.9168735,15.524047006184894
2021-08-31 08:00:00,-6.953142254892498,0.7647911766535505,-0.4999999999999998,0.8660254037844387,-0.8660254037844388,-0.4999999999999997,179.8651422548925,172.912,199.751,alta_fd,0.0402120284011086,7.0,0.5,-6.879041,172.98610105997673,-7.064245,172.80089703089348
2021-08-31 09:00:00,-5.881199990279924,0.5282516204769606,-0.7071067811865475,0.7071067811865476,-0.8660254037844388,-0.4999999999999997,380.8241999902799,374.943,438.804,mixto,0.0156855841828755,9.0,0.5,-5.196377,375.6278231897428,-5.262668,375.5615318574979
2021-08-31 10:00:00,-6.939906570312473,0.3972387203878731,-0.8660254037844387,0.49999999999999994,-0.8660254037844388,-0.4999999999999997,537.3079065703125,530.368,637.875,mixto,0.013085077852194,10.2,1.0,-4.4063373,532.9015693091126,-4.493678,532.814228477356
2021-08-31 11:00:00,-12.918641411492445,0.3334888351897029,-0.9659258262890682,0.258819045102521,-0.8660254037844388,-0.4999999999999997,657.1446414114924,644.226,802.961,mixto,0.0200529649711319,12.0,1.0,-8.18336,648.9612813117,-8.181163,648.963478577325
2021-08-31 12:00:00,2.3783933191874667,0.247458176902158,-1.0,1.2246467991473532e-16,-0.8660254037844388,-0.4999999999999997,716.6086066808125,718.987,889.465,baja_fd,0.0033079781959722,13.0,2.0,3.8078692,720.4164758767506,4.166226,720.7748325909993
2021-08-31 13:00:00,-13.694391826719992,0.2013500291825533,-0.9659258262890683,-0.2588190451025208,-0.8660254037844388,-0.4999999999999997,701.65939182672,687.965,873.528,baja_fd,0.0199056519251996,14.2,1.0,-8.826538,692.8328537407825,-7.835345,693.8240470353077
2021-08-31 14:00:00,-0.6812813142325922,0.2108332464212596,-0.8660254037844388,-0.4999999999999997,-0.8660254037844388,-0.4999999999999997,624.1442813142326,623.463,768.893,baja_fd,0.0010927373624939,15.0,1.5,1.7279085,625.8721898063209,1.5442556,625.6885369285133
2021-08-31 15:00:00,5.510792970367504,0.2752745004176521,-0.7071067811865479,-0.7071067811865471,-0.8660254037844388,-0.4999999999999997,479.3882070296325,484.899,578.427,baja_fd,0.0113648264285294,16.0,2.0,5.6175327,485.00573975973504,6.4592123,485.8474193327941
2021-08-31 16:00:00,-2.1426876965199995,0.4592222496342041,-0.5000000000000004,-0.8660254037844385,-0.8660254037844388,-0.4999999999999997,274.82068769652,272.678,321.012,mixto,0.007857941221954,16.1,1.0,-4.0203238,270.80036394316306,-2.217122,272.6035656185781
2021-08-31 17:00:00,-7.08843886043249,0.7706670067044413,-0.25881904510252063,-0.9659258262890683,-0.8660254037844388,-0.4999999999999997,75.8754388604325,68.787,85.717,alta_fd,0.1030491060873782,15.0,1.0,-5.8514457,70.02399318553626,-6.9095263,68.96591251231848
2021-09-01 08:00:00,-3.922136874692505,1.0,-0.4999999999999998,0.8660254037844387,-0.5000000000000004,-0.8660254037844385,67.0991368746925,63.177,74.831,alta_fd,0.062081720795424,12.0,1.5,-5.0275803,62.071556613462036,-4.3179874,62.7811494326759
2021-09-01 09:00:00,-6.195523543392511,0.9556801649582066,-0.7071067811865475,0.7071067811865476,-0.5000000000000004,-0.8660254037844385,170.93052354339252,164.735,194.149,alta_fd,0.0376090299170941,13.0,1.0,-7.7031193,163.22740426543842,-7.066101,163.86442246917377
2021-09-01 10:00:00,-8.966492465279941,0.8584186528327947,-0.8660254037844387,0.49999999999999994,-0.5000000000000004,-0.8660254037844385,296.97849246527994,288.012,344.304,alta_fd,0.0311323572117826,13.5,1.0,-9.832207,287.1462857392057,-10.050147,286.92834540870035
2021-09-01 11:00:00,-11.674236092999934,0.827374739836072,-0.9659258262890682,0.258819045102521,-0.5000000000000004,-0.8660254037844385,357.435236093,345.761,419.14,alta_fd,0.0337638891980296,14.0,1.0,-13.076001,344.35923492570265,-12.851862,344.58337413926466
2021-09-01 12:00:00,-5.010214800000085,0.8209739871298595,-1.0,1.2246467991473532e-16,-0.5000000000000004,-0.8660254037844385,381.98721480000006,376.977,451.6,alta_fd,0.013290505256289,15.0,3.1,-5.5347953,376.4524195157288,-5.610056,376.37715887653815
2021-09-01 13:00:00,-4.821194750692428,0.8155668269880995,-0.9659258262890683,-0.2588190451025208,-0.5000000000000004,-0.8660254037844385,370.1951947506925,365.374,437.969,alta_fd,0.0131952321475869,15.6,3.1,-5.3887143,364.8064804371854,-5.483985,364.7112098034879
2021-09-01 14:00:00,-5.161955999249926,0.8115079181976779,-0.8660254037844388,-0.4999999999999997,-0.5000000000000004,-0.8660254037844385,325.78395599924994,320.622,383.39,alta_fd,0.0160998184754942,16.0,2.6,-5.081048,320.70290798747016,-6.2695093,319.5144466837592
2021-09-01 15:00:00,-3.644683142312516,0.8968397417629433,-0.7071067811865479,-0.7071067811865471,-0.5000000000000004,-0.8660254037844385,247.1866831423125,243.542,287.405,alta_fd,0.0149653166283947,16.0,3.6,-2.4918296,244.69485350859972,-4.647291,242.5393919588408
2021-09-01 16:00:00,-3.8234694397924898,0.9492565638329082,-0.5000000000000004,-0.8660254037844385,-0.5000000000000004,-0.8660254037844385,142.6524694397925,138.829,162.741,alta_fd,0.0275408555834335,15.1,3.6,-4.249636,138.4028332665442,-5.212045,137.440424247074
2021-09-01 17:00:00,-3.7254616123199966,1.0,-0.25881904510252063,-0.9659258262890683,-0.5000000000000004,-0.8660254037844385,43.69346161232,39.968,48.952,alta_fd,,14.0,2.6,-4.5030274,39.19043417320257,-3.9078984,39.78556318626409
2021-09-02 08:00:00,-3.40348237317,1.0,-0.4999999999999998,0.8660254037844387,-0.5000000000000004,-0.8660254037844385,51.70148237317,48.298,56.882,alta_fd,,9.0,3.1,-3.2742085,48.42727382748519,-3.1583412,48.5431412038127
2021-09-02 09:00:00,-4.902390463520007,1.0,-0.7071067811865475,0.7071067811865476,-0.5000000000000004,-0.8660254037844385,105.84439046352,100.942,117.288,alta_fd,0.0485664090618375,9.0,4.1,-4.4865165,101.35787398784251,-4.36763,101.47676045863719
2021-09-02 10:00:00,-6.481217125000001,1.0,-0.8660254037844387,0.49999999999999994,-0.5000000000000004,-0.8660254037844385,150.900217125,144.419,168.5,alta_fd,0.0448778701209674,9.4,4.1,-7.5623727,143.33784444052125,-6.608144,144.2920733185425
2021-09-02 11:00:00,-6.99086153779254,0.980679920552086,-0.9659258262890682,0.258819045102521,-0.5000000000000004,-0.8660254037844385,243.61986153779253,236.629,275.909,alta_fd,0.0295435535703254,9.7,4.6,-8.424006,235.19585507569536,-7.8253446,235.794516975262
2021-09-02 12:00:00,-6.739719119392532,0.95954916787817,-1.0,1.2246467991473532e-16,-0.5000000000000004,-0.8660254037844385,321.3677191193925,314.628,368.549,alta_fd,0.021421231166306,10.0,4.1,-6.3886395,314.9790796693193,-7.466737,313.90098232587445
2021-09-02 13:00:00,-2.4041083839924795,0.8623436597770356,-0.9659258262890683,-0.2588190451025208,-0.5000000000000004,-0.8660254037844385,381.54910838399246,379.145,441.539,alta_fd,0.0063408679634242,10.0,5.1,-1.2397299,380.30937850270584,-2.5139868,379.03512155804947
2021-09-02 14:00:00,1.9368666257075235,0.6790643984302801,-0.8660254037844388,-0.4999999999999997,-0.5000000000000004,-0.8660254037844385,428.9731333742925,430.91,502.209,mixto,0.0044948286781637,11.0,4.1,2.5493827,431.5225160609075,0.8238108,429.79694419010366
2021-09-02 15:00:00,4.138781397367495,0.5417840965583516,-0.7071067811865479,-0.7071067811865471,-0.5000000000000004,-0.8660254037844385,391.8302186026325,395.969,456.077,mixto,0.0104522864097126,11.0,3.6,4.7979655,396.6281841292133,2.5662444,394.3964629664173
2021-09-02 16:00:00,-0.5255440229300348,0.5371528121070002,-0.5000000000000004,-0.8660254037844385,-0.5000000000000004,-0.8660254037844385,265.35454402293004,264.829,302.814,mixto,0.0019844655340994,10.8,2.1,-3.3254457,262.029098370922,-2.96798,262.38656411494054
2021-09-02 17:00:00,-6.958403707232506,0.7753742795528653,-0.25881904510252063,-0.9659258262890683,-0.5000000000000004,-0.8660254037844385,82.1904037072325,75.232,91.493,alta_fd,0.0924926056363317,11.0,2.6,-5.2836623,76.90674138804916,-6.150257,76.0401465966368
2021-09-03 07:00:00,-4.470631044369998,1.0,-0.25881904510252063,0.9659258262890683,-0.5000000000000004,-0.8660254037844385,28.56263104437,24.092,30.242,alta_fd,,-0.5,1.0,-4.4564013,24.106229696255987,-3.8418114,24.720819625836675
2021-09-03 08:00:00,-4.533747591879973,0.6620165223970496,-0.4999999999999998,0.8660254037844387,-0.5000000000000004,-0.8660254037844385,225.44274759188,220.909,249.956,mixto,0.0205231456929322,5.0,2.6,-4.333252,221.109495638755,-4.5591903,220.88355731859508
2021-09-03 09:00:00,10.759601493607477,0.3881459512170745,-0.7071067811865475,0.7071067811865476,-0.5000000000000004,-0.8660254037844385,442.3633985063925,453.123,512.349,mixto,0.0237454322415932,8.0,3.6,5.119964,447.48336262916473,8.819571,451.18296904777435
2021-09-03 10:00:00,0.0316728911075188,0.2584871643240695,-0.8660254037844387,0.49999999999999994,-0.5000000000000004,-0.8660254037844385,609.8703271088925,609.902,734.249,baja_fd,5.193111533905251e-05,10.6,1.5,-3.6914518,606.1788753209439,-2.5609398,607.3093873200742
2021-09-03 11:00:00,-13.157600499249952,0.1918455959953112,-0.9659258262890682,0.258819045102521,-0.5000000000000004,-0.8660254037844385,710.1206004992499,696.963,876.11,baja_fd,0.0188784777660362,12.0,1.0,-13.984691,696.1359098330512,-12.327918,697.7926824465766
2021-09-03 12:00:00,-15.778770145480053,0.154648038105322,-1.0,1.2246467991473532e-16,-0.5000000000000004,-0.8660254037844385,745.2337701454801,729.455,932.316,baja_fd,0.0216309027225532,13.5,1.0,-13.795679,731.4380910530729,-14.298366,730.9354045525236
2021-09-03 13:00:00,-14.010922233729955,0.1512711426603423,-0.9659258262890683,-0.2588190451025208,-0.5000000000000004,-0.8660254037844385,723.64892223373,709.638,908.234,baja_fd,0.0197437598236424,15.0,1.0,-12.1369095,711.5120127488667,-13.306607,710.3423149873311
2021-09-03 14:00:00,13.141943300320122,0.1565817664718995,-0.8660254037844388,-0.4999999999999997,-0.5000000000000004,-0.8660254037844385,647.6060566996799,660.748,805.064,baja_fd,0.0198894938771212,16.0,2.6,8.858735,656.4647917842136,9.8519745,657.4580311869846
2021-09-03 15:00:00,16.245636420919936,0.1998565576173214,-0.7071067811865479,-0.7071067811865471,-0.5000000000000004,-0.8660254037844385,511.2583635790801,527.504,623.076,baja_fd,0.0307971814828322,17.0,3.6,13.194576,524.4529398425078,14.624227,525.8825901492095
2021-09-03 16:00:00,4.960799953119988,0.3303420507917285,-0.5000000000000004,-0.8660254037844385,-0.5000000000000004,-0.8660254037844385,315.94320004688,320.904,372.344,mixto,0.0154588286625283,16.7,3.1,1.0161611,316.9593611310551,4.076442,320.01964181171155
2021-09-03 17:00:00,-9.054545048592502,0.6510473918122691,-0.25881904510252063,-0.9659258262890683,-0.5000000000000004,-0.8660254037844385,97.0335450485925,87.979,110.379,mixto,0.1029171171369588,16.0,2.1,-6.3676834,90.66586163794797,-7.6340384,89.39950660025876
2021-09-04 07:00:00,-4.817617864732497,1.0,-0.25881904510252063,0.9659258262890683,-0.5000000000000004,-0.8660254037844385,31.1706178647325,26.353,33.257,alta_fd,,1.5,0.0,-4.9024177,26.268200204972977,-3.9922798,27.178338096742387
2021-09-04 08:00:00,-9.091123445812514,0.6567365056663029,-0.4999999999999998,0.8660254037844387,-0.5000000000000004,-0.8660254037844385,229.6921234458125,220.601,254.815,mixto,0.0412107082280339,5.0,0.0,-7.5630617,222.12906173164015,-8.281562,221.41056159431105
2021-09-04 09:00:00,-1.4925459589200614,0.3877130572975016,-0.7071067811865475,0.7071067811865476,-0.5000000000000004,-0.8660254037844385,444.55754595892006,443.065,517.268,mixto,0.0033686839604122,9.0,1.0,-4.2194,440.3381460298734,-3.6563618,440.90118414060646
2021-09-04 10:00:00,-6.2940508898125245,0.2218974189074103,-0.8660254037844387,0.49999999999999994,-0.5000000000000004,-0.8660254037844385,603.7310508898125,597.437,734.145,baja_fd,0.0105350871971647,13.0,1.0,-9.585079,594.1459716966973,-8.080155,595.6508955171929
2021-09-04 11:00:00,-12.030447119250084,0.1799585743812277,-0.9659258262890682,0.258819045102521,-0.5000000000000004,-0.8660254037844385,689.5074471192501,677.477,868.19,baja_fd,0.0177577203643076,17.0,1.0,-14.228976,675.2784708695552,-13.254987,676.2524603562496
2021-09-04 12:00:00,-3.777903411892453,0.1637598678505269,-1.0,1.2246467991473532e-16,-0.5000000000000004,-0.8660254037844385,727.4189034118924,723.641,936.799,baja_fd,0.0052206873462012,20.0,1.5,-4.9908423,722.4280610695157,-3.407197,724.0117064132962
2021-09-04 13:00:00,-13.188082665169986,0.1604367017542838,-0.9659258262890683,-0.2588190451025208,-0.5000000000000004,-0.8660254037844385,703.90608266517,690.718,912.318,baja_fd,0.0190932951872833,22.2,1.0,-12.016463,691.8896193854458,-13.24273,690.6633525244839
2021-09-04 14:00:00,1.0471812920000048,0.1619544574002746,-0.8660254037844388,-0.4999999999999997,-0.5000000000000004,-0.8660254037844385,625.240818708,626.288,804.76,baja_fd,0.0016720443182689,24.0,1.5,-1.2938831,623.9469356227492,-0.49342066,624.7473980475042
2021-09-04 15:00:00,14.336452597867549,0.2090223744405982,-0.7071067811865479,-0.7071067811865471,-0.5000000000000004,-0.8660254037844385,494.6865474021325,509.023,620.927,baja_fd,0.0281646459941251,24.0,3.1,11.438599,506.125146034945,13.542311,508.22885811685416
2021-09-04 16:00:00,-6.246166124999945,0.3402905177869271,-0.5000000000000004,-0.8660254037844385,-0.5000000000000004,-0.8660254037844385,304.012166125,297.766,369.7,mixto,0.0209767606946392,24.4,0.0,-13.30199,290.71017656964113,-10.456585,293.5555811945801
2021-09-04 17:00:00,-8.75726937168001,0.6586483512397773,-0.25881904510252063,-0.9659258262890683,-0.5000000000000004,-0.8660254037844385,96.01226937168,87.255,111.864,mixto,0.1003640980079079,22.0,2.6,-5.8169136,90.19535576694368,-7.4866266,88.52564274661897
2021-09-05 07:00:00,-5.199384133732501,0.9989932050319468,-0.25881904510252063,0.9659258262890683,-0.5000000000000004,-0.8660254037844385,34.5103841337325,29.311,37.457,alta_fd,,6.0,1.5,-3.5953188,30.915065339482013,-3.3073158,31.203068307316485
2021-09-05 08:00:00,-3.9900365939699896,0.6623241187953315,-0.4999999999999998,0.8660254037844387,-0.5000000000000004,-0.8660254037844385,227.05203659397,223.062,255.822,mixto,0.0178875675550743,9.0,2.6,-4.0843096,222.9677270160281,-4.535496,222.5165403590762
2021-09-05 09:00:00,-1.735715874192579,0.4080050367778832,-0.7071067811865475,0.7071067811865476,-0.5000000000000004,-0.8660254037844385,437.17171587419256,435.436,512.469,mixto,0.0039861561152329,11.0,1.0,-4.423852,432.74786390733465,-3.7021039,433.46961202096685
2021-09-05 10:00:00,-0.0018421868799123,0.2499882553991197,-0.8660254037844387,0.49999999999999994,-0.5000000000000004,-0.8660254037844385,600.05284218688,600.051,727.856,baja_fd,3.0700505122270155e-06,12.6,1.5,-3.8346148,596.2182274331568,-2.6262279,597.4266143311976
2021-09-05 11:00:00,-13.163642020312524,0.2097833813325643,-0.9659258262890682,0.258819045102521,-0.5000000000000004,-0.8660254037844385,698.6526420203126,685.489,872.675,baja_fd,0.0192032870262141,15.0,1.0,-13.962472,684.6901700583375,-12.740627,685.9120147314942
2021-09-05 12:00:00,23.623353617007524,0.1653386685379607,-1.0,1.2246467991473532e-16,-0.5000000000000004,-0.8660254037844385,742.4196463829925,766.043,939.861,baja_fd,0.0308381561048237,16.0,3.6,16.955196,759.3748427636077,20.275623,762.6952697045257
2021-09-05 13:00:00,18.80592039240753,0.1563862679357239,-0.9659258262890683,-0.2588190451025208,-0.5000000000000004,-0.8660254037844385,724.7620796075925,743.568,917.971,baja_fd,0.0252914600848981,16.8,3.1,14.056783,738.8188623300656,15.929654,740.6917337289914
2021-09-05 14:00:00,19.58553300226754,0.2118278047068403,-0.8660254037844388,-0.4999999999999997,-0.5000000000000004,-0.8660254037844385,632.2914669977324,651.877,791.343,baja_fd,0.030044829012632,18.0,3.6,14.991768,647.2832348810332,18.395512,650.6869786249297
2021-09-05 15:00:00,6.440573086307495,0.4569057085710404,-0.7071067811865479,-0.7071067811865471,-0.5000000000000004,-0.8660254037844385,432.0194269136925,438.46,521.769,mixto,0.0146890778778166,18.0,3.1,4.8992586,436.9186855272789,7.0250926,439.0445195154686
2021-09-05 16:00:00,-3.5015186495699595,0.7875411671821845,-0.5000000000000004,-0.8660254037844385,-0.5000000000000004,-0.8660254037844385,158.15251864956997,154.651,181.702,alta_fd,0.0226414226197694,16.3,2.6,-4.9755177,153.1770008997836,-5.9468093,152.20570935773037
2021-09-05 17:00:00,-4.520583291520005,0.957999086626278,-0.25881904510252063,-0.9659258262890683,-0.5000000000000004,-0.8660254037844385,60.22358329152001,55.703,67.888,alta_fd,0.0811551135759295,15.0,2.6,-4.9363275,55.28725583409203,-5.0991697,55.12441356037987
2021-09-06 07:00:00,-1.7961904703324991,1.0,-0.25881904510252063,0.9659258262890683,-0.5000000000000004,-0.8660254037844385,10.4301904703325,8.634,11.337,alta_fd,,7.2,0.0,-4.445518,5.984672453517314,-3.825766,6.6044243837541305
2021-09-06 08:00:00,-4.019761054919982,1.0,-0.4999999999999998,0.8660254037844387,-0.5000000000000004,-0.8660254037844385,77.47876105491999,73.459,85.532,alta_fd,0.0547211513214171,9.0,2.1,-5.209589,72.26917205040338,-4.4932437,72.98551736061457
2021-09-06 09:00:00,-6.648797133792471,0.9484006098910912,-0.7071067811865475,0.7071067811865476,-0.5000000000000004,-0.8660254037844385,186.26979713379248,179.621,209.509,alta_fd,0.0370157004681661,10.0,1.0,-7.420633,178.8491642945896,-6.841333,179.4284642213474
2021-09-06 10:00:00,-8.032577281329964,0.8505419748469556,-0.8660254037844387,0.49999999999999994,-0.5000000000000004,-0.8660254037844385,315.43157728133,307.399,363.826,alta_fd,0.0261307853354433,11.6,1.5,-8.127784,307.30379350600043,-8.281841,307.14973600325385
2021-09-06 11:00:00,-19.772538386129952,0.8271993183093234,-0.9659258262890682,0.258819045102521,-0.5000000000000004,-0.8660254037844385,370.22353838613,350.451,435.006,alta_fd,0.0564202652756874,14.0,0.0,-17.59951,352.6240281932589,-17.109919,353.1136197917696
2021-09-06 12:00:00,-22.180030154119947,0.8206697196640871,-1.0,1.2246467991473532e-16,-0.5000000000000004,-0.8660254037844385,393.67803015412,371.498,466.292,alta_fd,0.0597043056870291,15.0,0.0,-19.026217,374.651813647162,-19.213469,374.46456160248425
2021-09-06 13:00:00,-20.894558919332557,0.8157725709322886,-0.9659258262890683,-0.2588190451025208,-0.5000000000000004,-0.8660254037844385,379.8735589193325,358.979,452.463,alta_fd,0.0582055187610767,16.8,0.0,-19.280222,360.59333698024557,-18.43557,361.4379891561489
2021-09-06 14:00:00,-8.39687170013002,0.8084314244676526,-0.8660254037844388,-0.4999999999999997,-0.5000000000000004,-0.8660254037844385,334.11187170013,325.715,397.094,alta_fd,0.0257798127201081,18.0,1.5,-8.508506,325.60336587890197,-9.094785,325.0170869634967
2021-09-06 15:00:00,-6.407305390879998,0.8748693821158933,-0.7071067811865479,-0.7071067811865471,-0.5000000000000004,-0.8660254037844385,253.81830539088,247.411,299.144,alta_fd,0.0258974151952823,19.0,1.5,-5.8411837,247.97712172846545,-6.4355555,247.38274993281115
2021-09-06 16:00:00,-4.8056755436800245,0.9451800826164152,-0.5000000000000004,-0.8660254037844385,-0.5000000000000004,-0.8660254037844385,148.86967554368002,144.064,172.336,alta_fd,0.0333579210884053,18.5,1.5,-6.607509,142.26216640748007,-6.843816,142.02585974015219
2021-09-06 17:00:00,-4.079326596999998,0.9953892326990758,-0.25881904510252063,-0.9659258262890683,-0.5000000000000004,-0.8660254037844385,54.805326597,50.726,62.22,alta_fd,0.0804188502345936,17.0,2.6,-4.8987184,49.906608239913815,-4.77786,50.02746643235766
2021-09-07 07:00:00,-4.144543511232499,1.0,-0.25881904510252063,0.9659258262890683,-0.5000000000000004,-0.8660254037844385,32.3065435112325,28.162,35.643,alta_fd,,10.4,0.0,-4.6171885,27.68935505755818,-3.8099332,28.496610325655105
2021-09-07 08:00:00,-6.725370759250012,0.688755587483275,-0.4999999999999998,0.8660254037844387,-0.5000000000000004,-0.8660254037844385,209.41337075925,202.688,238.21,mixto,0.0331809024670923,12.0,0.5,-7.1709924,202.24237838482983,-7.424317,201.98905387616284
2021-09-07 09:00:00,5.058426859367501,0.4914677347706863,-0.7071067811865475,0.7071067811865476,-0.5000000000000004,-0.8660254037844385,404.1665731406325,409.225,479.523,mixto,0.0123609917755941,15.0,2.6,1.0172913,405.18386444808186,2.515975,406.68254813910664
2021-09-07 10:00:00,8.713927612280031,0.3492232678655604,-0.8660254037844387,0.49999999999999994,-0.5000000000000004,-0.8660254037844385,562.77007238772,571.484,695.028,mixto,0.0152478942757453,17.9,2.6,4.6492896,567.4193619957217,6.1443253,568.9143976440677
2021-09-07 11:00:00,5.568964239807428,0.4396510282449249,-0.9659258262890682,0.258819045102521,-0.5000000000000004,-0.8660254037844385,596.9880357601926,602.557,749.381,mixto,0.0092422198062713,20.0,2.6,4.302521,601.2905569889829,3.249992,600.2380276539609
2021-09-07 12:00:00,-3.508029983249912,0.6215153708713856,-1.0,1.2246467991473532e-16,-0.5000000000000004,-0.8660254037844385,529.3920299832499,525.884,665.63,mixto,0.0066707296347671,23.0,2.1,-1.8888379,527.5031920497096,-5.9589148,523.433115226475
2021-09-07 13:00:00,-12.563594707999982,0.8340088073387002,-0.9659258262890683,-0.2588190451025208,-0.5000000000000004,-0.8660254037844385,368.781594708,356.218,454.04,alta_fd,0.0352693988175779,24.7,1.0,-15.190287,353.59130807164746,-14.370393,354.41120190862256
2021-09-07 14:00:00,-4.203708679880037,0.8450745614760323,-0.8660254037844388,-0.4999999999999997,-0.5000000000000004,-0.8660254037844385,322.91870867988,318.715,393.244,alta_fd,0.0131895539271136,24.0,3.1,-2.4673772,320.4513314940585,-3.799161,319.1195477225436
2021-09-07 15:00:00,-4.645144265480042,0.8912410154262739,-0.7071067811865479,-0.7071067811865471,-0.5000000000000004,-0.8660254037844385,249.55414426548003,244.909,297.684,alta_fd,0.0189668173300288,22.0,2.6,-2.8271184,246.727025868721,-5.160083,244.3940614484024
2021-09-07 16:00:00,-3.5471648251200065,0.9261339309629776,-0.5000000000000004,-0.8660254037844385,-0.5000000000000004,-0.8660254037844385,147.84116482512002,144.294,173.592,alta_fd,0.0245828989779201,22.0,4.1,-3.9644277,143.87673711554055,-4.9150476,142.92611717955117
2021-09-07 17:00:00,-5.675259819292506,0.8490681283354098,-0.25881904510252063,-0.9659258262890683,-0.5000000000000004,-0.8660254037844385,69.5232598192925,63.848,80.041,alta_fd,0.0888870413997698,20.0,2.1,-4.8562303,64.66702956035085,-5.4616556,64.06160420253225
2021-09-08 07:00:00,-6.002634619249996,0.98779031438118,-0.25881904510252063,0.9659258262890683,-0.5000000000000004,-0.8660254037844385,42.38163461924999,36.379,46.29,alta_fd,,7.4,0.5,-5.3418107,37.039823915972406,-5.110277,37.27135744334667
2021-09-08 08:00:00,-7.002665214592497,0.6459765622520178,-0.4999999999999998,0.8660254037844387,-0.5000000000000004,-0.8660254037844385,237.2596652145925,230.257,270.971,mixto,0.0304123879603768,12.0,0.5,-6.845929,230.4137360687795,-7.3563194,229.90334578710227
2021-09-08 09:00:00,-6.827430212679985,0.4172428747589068,-0.7071067811865475,0.7071067811865476,-0.5000000000000004,-0.8660254037844385,444.01943021268,437.192,530.236,mixto,0.0156165488222108,15.0,0.5,-7.4302344,436.58919578045953,-7.1951528,436.824277453128
2021-09-08 10:00:00,-15.993735111680053,0.2011411225422258,-0.8660254037844387,0.49999999999999994,-0.5000000000000004,-0.8660254037844385,604.71973511168,588.726,753.664,baja_fd,0.027166687239361,18.2,0.5,-17.613918,587.1058168072367,-18.243668,586.476067509141
2021-09-08 11:00:00,-25.94986833481244,0.173392593676729,-0.9659258262890682,0.258819045102521,-0.5000000000000004,-0.8660254037844385,695.2108683348124,669.261,889.495,baja_fd,0.0387739138166013,20.0,0.5,-25.266005,669.9448637724345,-26.667812,668.5430559874003
2021-09-08 12:00:00,-15.098721785132511,0.1390211682379394,-1.0,1.2246467991473532e-16,-0.5000000000000004,-0.8660254037844385,725.5667217851325,710.468,943.673,baja_fd,0.0212517971043488,22.0,1.0,-13.881738,711.6849840760871,-14.088337,711.4783848405524
2021-09-08 13:00:00,-2.731116101432576,0.1593219412245815,-0.9659258262890683,-0.2588190451025208,-0.5000000000000004,-0.8660254037844385,703.3901161014326,700.659,922.883,baja_fd,0.0038979248128298,24.6,1.5,-1.8959672,701.4941488563306,-1.8449861,701.5451300203092
2021-09-08 14:00:00,22.193995271467543,0.1627918435101444,-0.8660254037844388,-0.4999999999999997,-0.5000000000000004,-0.8660254037844385,627.5070047285325,649.701,812.097,baja_fd,0.0341603218580047,25.0,3.6,17.335136,644.8421411421067,21.735987,649.2429914381272
2021-09-08 15:00:00,15.44562764300008,0.1897111931421446,-0.7071067811865479,-0.7071067811865471,-0.5000000000000004,-0.8660254037844385,497.018372357,512.464,627.38,baja_fd,0.0301399271812265,25.1,3.3,15.499196,512.5175684095512,16.289322,513.307694256414
2021-09-08 16:00:00,5.49035078836755,0.3110006271451965,-0.5000000000000004,-0.8660254037844385,-0.5000000000000004,-0.8660254037844385,308.72864921163244,314.219,377.227,mixto,0.0174730070058384,25.3,3.1,1.9152677,310.6439169175498,6.970553,315.6992021329276
2021-09-08 17:00:00,-8.773189075832505,0.650589505130828,-0.25881904510252063,-0.9659258262890683,-0.5000000000000004,-0.8660254037844385,100.7251890758325,91.952,117.437,mixto,0.0954105302313435,22.0,2.6,-5.843861,94.88132797277464,-7.4866266,93.23856245077147
2021-09-09 07:00:00,-4.981931277169998,0.992612941935048,-0.25881904510252063,0.9659258262890683,-0.5000000000000004,-0.8660254037844385,39.40193127717,34.42,43.182,alta_fd,,8.4,0.5,-4.719323,34.68260811890584,-5.110277,34.29165410126668
2021-09-09 08:00:00,-4.763284840832483,0.7739066716574058,-0.4999999999999998,0.8660254037844387,-0.5000000000000004,-0.8660254037844385,195.1752848408325,190.412,221.563,alta_fd,0.0250156756970804,12.0,1.5,-6.353983,188.82130191541745,-6.174566,189.00071904874875
2021-09-09 09:00:00,-4.179789819192479,0.6076000429177073,-0.7071067811865475,0.7071067811865476,-0.5000000000000004,-0.8660254037844385,346.5957898191925,342.416,409.219,mixto,0.0122067596700869,16.0,1.0,-5.3565397,341.23925009293515,-6.2462544,340.34953537507016
2021-09-09 10:00:00,-5.980516158919897,0.6884577122875284,-0.8660254037844387,0.49999999999999994,-0.5000000000000004,-0.8660254037844385,426.5995161589199,420.619,516.132,mixto,0.0142183690202294,18.6,1.5,-5.8598633,420.7396528776699,-8.018459,418.58105683885157
2021-09-09 11:00:00,-9.030810215330064,0.7368802300936418,-0.9659258262890682,0.258819045102521,-0.5000000000000004,-0.8660254037844385,457.2838102153301,448.253,564.826,alta_fd,0.0201466810380076,22.0,1.5,-8.420437,448.86337335619925,-10.056711,447.2270990184307
2021-09-09 12:00:00,-13.948544806370023,0.7708627367060384,-1.0,1.2246467991473532e-16,-0.5000000000000004,-0.8660254037844385,437.25854480637,423.31,545.658,alta_fd,0.0329511346445158,25.0,1.0,-14.856253,422.40229213608194,-14.372969,422.88557613266397
2021-09-09 13:00:00,-7.887014289292495,0.8602914549896729,-0.9659258262890683,-0.2588190451025208,-0.5000000000000004,-0.8660254037844385,368.5880142892925,360.701,453.991,alta_fd,0.0218657954629804,24.8,2.1,-8.601768,359.9862467493145,-8.766955,359.82105891362113
2021-09-09 14:00:00,-1.831249197169996,0.8425589083821817,-0.8660254037844388,-0.4999999999999997,-0.5000000000000004,-0.8660254037844385,328.11224919717,326.281,399.918,alta_fd,0.0056124910649715,24.0,4.6,2.458724,330.5709732190816,-0.05392255,328.0583266482799
2021-09-09 15:00:00,-2.375989135170016,0.8917182390316095,-0.7071067811865479,-0.7071067811865471,-0.5000000000000004,-0.8660254037844385,252.61498913517,250.239,301.482,alta_fd,0.0094948794359393,22.0,5.1,0.15124704,252.7662361746073,-2.8006968,249.814292285347
2021-09-09 16:00:00,-3.565036221892484,0.9265387122538784,-0.5000000000000004,-0.8660254037844385,-0.5000000000000004,-0.8660254037844385,150.8460362218925,147.281,176.399,alta_fd,0.0242056763730045,20.9,4.1,-3.9644277,146.88160851231302,-4.9150476,145.93098857632364
2021-09-09 17:00:00,-6.58332544692,0.7546492691373423,-0.25881904510252063,-0.9659258262890683,-0.5000000000000004,-0.8660254037844385,85.72132544692,79.138,98.132,alta_fd,0.0831879179018929,18.0,6.7,-5.405782,80.3155432241722,-6.6495595,79.07176594908675
2021-09-10 07:00:00,-5.417099572000005,0.9871187965882656,-0.25881904510252063,0.9659258262890683,-0.5000000000000004,-0.8660254037844385,42.783099572000005,37.366,46.52,alta_fd,,6.2,0.0,-5.492973,37.290126721200444,-4.9967337,37.786365906533696
2021-09-10 08:00:00,-6.553131475332464,0.611255744278553,-0.4999999999999998,0.8660254037844387,-0.5000000000000004,-0.8660254037844385,216.51313147533247,209.96,247.537,mixto,0.0312113329935819,13.0,0.5,-7.1996956,209.31343588817427,-7.429057,209.08407435405562
2021-09-10 09:00:00,-6.969622677000018,0.5042354735382939,-0.7071067811865475,0.7071067811865476,-0.5000000000000004,-0.8660254037844385,390.751622677,383.782,464.62,mixto,0.0181603688474186,16.0,0.5,-7.5789056,383.172717094572,-7.6263156,383.1253070832805
2021-09-10 10:00:00,-8.141615888770048,0.4440130107378953,-0.8660254037844387,0.49999999999999994,-0.5000000000000004,-0.8660254037844385,520.74461588877,512.603,642.762,mixto,0.0158828877099237,19.4,1.0,-8.750068,511.99454817789353,-7.8596067,512.8850091459111
2021-09-10 11:00:00,-22.02173407603243,0.4982267381172313,-0.9659258262890682,0.258819045102521,-0.5000000000000004,-0.8660254037844385,574.0107340760325,551.989,724.347,mixto,0.0398952408037704,22.0,0.5,-19.865334,554.1454005189036,-18.237877,555.7728571839426
2021-09-10 12:00:00,-15.041300807680043,0.5543738979838208,-1.0,1.2246467991473532e-16,-0.5000000000000004,-0.8660254037844385,566.47030080768,551.429,720.736,mixto,0.0272769491769204,24.0,1.0,-13.988685,552.4816161534442,-13.415288,553.0550128361834
2021-09-10 13:00:00,8.727646674679931,0.6251343432010599,-0.9659258262890683,-0.2588190451025208,-0.5000000000000004,-0.8660254037844385,519.48135332532,528.209,651.348,mixto,0.0165230934623982,22.8,4.6,11.642982,531.1243348545559,6.68802,526.1693735546596
2021-09-10 14:00:00,10.67682620674998,0.6083592132017361,-0.8660254037844388,-0.4999999999999997,-0.5000000000000004,-0.8660254037844385,466.36717379325,477.044,574.33,mixto,0.0223812189373516,21.0,6.2,9.279133,475.6463066362676,8.158007,474.5251804613408
2021-09-10 15:00:00,4.056130859187533,0.7741839082552021,-0.7071067811865479,-0.7071067811865471,-0.5000000000000004,-0.8660254037844385,353.5798691408125,357.636,423.385,alta_fd,0.0113415060541655,19.0,6.2,7.2893853,360.8692544595686,2.5920327,356.1719018117872
2021-09-10 16:00:00,0.3693544846074701,0.6852906152279352,-0.5000000000000004,-0.8660254037844385,-0.5000000000000004,-0.8660254037844385,224.5546455153925,224.924,261.499,mixto,0.0016421301622213,17.2,5.7,-1.1163692,223.43827626795598,-3.2573152,221.2973303565485
2021-09-10 17:00:00,-6.684938567879996,0.7626247409790187,-0.25881904510252063,-0.9659258262890683,-0.5000000000000004,-0.8660254037844385,87.63493856788,80.95,99.556,alta_fd,0.0825810817526867,16.0,4.1,-6.3652377,81.26970085501989,-6.519833,81.11510547995886
2021-09-11 07:00:00,-2.0884821932500017,1.0,-0.25881904510252063,0.9659258262890683,-0.5000000000000004,-0.8660254037844385,14.588482193250002,12.5,16.07,alta_fd,,10.6,2.1,-3.327333,11.261149219769777,-2.8457725,11.742709688443483
2021-09-11 08:00:00,-4.5577412325200015,0.9858494322455574,-0.4999999999999998,0.8660254037844387,-0.5000000000000004,-0.8660254037844385,106.02974123252,101.472,118.412,alta_fd,0.0449162451959161,11.0,1.5,-6.6366377,99.39310354483689,-6.255115,99.77462620032395
2021-09-11 09:00:00,-10.509268343880024,0.8238925555911701,-0.7071067811865475,0.7071067811865476,-0.5000000000000004,-0.8660254037844385,274.58426834388,264.075,316.356,alta_fd,0.0397965288038626,12.8,0.0,-8.05885,266.5254180554889,-8.67216,265.9121081952594
2021-09-11 10:00:00,-10.159639614232503,0.6644072074841392,-0.8660254037844387,0.49999999999999994,-0.5000000000000004,-0.8660254037844385,450.4276396142325,440.268,537.507,mixto,0.0230760346294359,14.6,1.0,-8.540414,441.8872257577261,-9.684765,440.74287475217193
2021-09-11 11:00:00,6.176280581629953,0.398326469192534,-0.9659258262890682,0.258819045102521,-0.5000000000000004,-0.8660254037844385,659.35771941837,665.534,816.758,mixto,0.0092801879117069,14.8,2.6,5.6626635,665.0203828781479,5.4449463,664.8026657074325
2021-09-11 12:00:00,3.0637896620675065,0.2422221534746587,-1.0,1.2246467991473532e-16,-0.5000000000000004,-0.8660254037844385,751.9482103379324,755.012,948.967,baja_fd,0.0040579350554262,15.0,2.1,3.049961,754.9981714280203,4.690695,756.6389051468924
2021-09-11 13:00:00,12.520076880829947,0.1598644981069567,-0.9659258262890683,-0.2588190451025208,-0.5000000000000004,-0.8660254037844385,735.33692311917,747.857,933.782,baja_fd,0.0167412712334442,16.9,2.6,11.5416765,746.8785996404713,10.619032,745.955955025298
2021-09-11 14:00:00,21.14873545923001,0.1591188680825055,-0.8660254037844388,-0.4999999999999997,-0.5000000000000004,-0.8660254037844385,654.95326454077,676.102,823.238,baja_fd,0.0312803918036479,18.0,3.6,15.971143,670.9244073096298,19.736893,674.6901572409653
2021-09-11 15:00:00,22.84507333856743,0.1813669175913207,-0.7071067811865479,-0.7071067811865471,-0.5000000000000004,-0.8660254037844385,522.8029266614326,545.648,635.517,baja_fd,0.0418677853461708,16.0,5.7,17.994572,540.7974983472236,22.854273,545.6571995038398
2021-09-11 16:00:00,10.436515477707474,0.2934784635180348,-0.5000000000000004,-0.8660254037844385,-0.5000000000000004,-0.8660254037844385,334.12748452229255,344.564,390.559,baja_fd,0.0302890478335156,14.1,7.2,8.094162,342.22164650959724,12.187901,346.31538506550544
2021-09-11 17:00:00,-8.538000322769989,0.6447837078089299,-0.25881904510252063,-0.9659258262890683,-0.5000000000000004,-0.8660254037844385,109.14000032277,100.602,123.138,mixto,0.0848690912980854,13.5,5.9,-6.5027847,102.6372155937661,-7.72388,101.41612050862206
2021-09-12 07:00:00,-2.136859837932501,1.0,-0.25881904510252063,0.9659258262890683,-0.5000000000000004,-0.8660254037844385,15.469859837932502,13.333,17.017,alta_fd,,10.2,2.6,-3.2537508,12.216109036846076,-3.1527128,12.317147015972052
2021-09-12 08:00:00,-3.793706869250002,1.0,-0.4999999999999998,0.8660254037844387,-0.5000000000000004,-0.8660254037844385,65.35570686925,61.562,72.31,alta_fd,0.0616241653820539,10.0,3.1,-4.1285934,61.22711342442578,-3.9273274,61.428379474764526
2021-09-12 09:00:00,-5.48989021081249,1.0,-0.7071067811865475,0.7071067811865476,-0.5000000000000004,-0.8660254037844385,120.3478902108125,114.858,134.665,alta_fd,0.0477971948911916,11.0,3.6,-4.5849223,115.76296789712231,-4.8476415,115.5002487427644
2021-09-12 10:00:00,-7.369368015992535,0.9968585839659104,-0.8660254037844387,0.49999999999999994,-0.5000000000000004,-0.8660254037844385,164.90436801599253,157.535,185.661,alta_fd,0.046779242809487,11.0,3.1,-7.7384934,157.16587457345713,-7.668697,157.23567113565196
2021-09-12 11:00:00,-8.625515870312512,0.9968314372034924,-0.9659258262890682,0.258819045102521,-0.5000000000000004,-0.8660254037844385,194.2855158703125,185.66,220.525,alta_fd,0.0464586656808817,12.0,3.1,-10.107884,184.17763146326905,-9.056496,185.2290202038086
2021-09-12 12:00:00,-9.917483190370035,0.9967333511825872,-1.0,1.2246467991473532e-16,-0.5000000000000004,-0.8660254037844385,204.62348319037,194.706,233.542,alta_fd,0.0509356834939346,13.0,2.1,-11.962973,192.66051054937878,-10.033202,194.5902810190443
2021-09-12 13:00:00,-9.165288212000007,0.9965968287571014,-0.9659258262890683,-0.2588190451025208,-0.5000000000000004,-0.8660254037844385,198.330288212,189.165,226.52,alta_fd,0.0484512896783232,13.4,2.6,-10.815807,187.5144808694707,-9.46432,188.8659680291997
2021-09-12 14:00:00,-8.266088191730034,0.9781767143885516,-0.8660254037844388,-0.4999999999999997,-0.5000000000000004,-0.8660254037844385,234.18808819173003,225.922,268.434,alta_fd,0.0365882392672251,13.0,2.6,-8.019198,226.16888977406646,-7.791932,226.39615608571197
2021-09-12 15:00:00,-6.792614715132544,0.9775289066396092,-0.7071067811865479,-0.7071067811865471,-0.5000000000000004,-0.8660254037844385,221.39161471513253,214.599,254.327,alta_fd,0.0316525925802661,14.0,2.1,-5.248646,216.14296893266183,-6.069018,215.32259682801705
2021-09-12 16:00:00,-4.994960996999993,0.9437935130751064,-0.5000000000000004,-0.8660254037844385,-0.5000000000000004,-0.8660254037844385,160.03496099699998,155.04,182.22,alta_fd,0.0322172406927244,14.0,1.5,-6.843703,153.19125820387865,-6.8156962,153.21926475752855
2021-09-12 17:00:00,-7.911232717970009,0.7200603646531294,-0.25881904510252063,-0.9659258262890683,-0.5000000000000004,-0.8660254037844385,99.62723271797,91.716,112.478,alta_fd,0.0862579344713028,14.0,1.5,-7.100869,92.52636353919803,-7.8050747,91.82215802619754
2021-09-13 07:00:00,-7.0426632099700015,0.9615237413880692,-0.25881904510252063,0.9659258262890683,-0.5000000000000004,-0.8660254037844385,58.21566320997,51.173,63.378,alta_fd,0.1376245912877885,6.0,1.0,-5.8002872,52.4153759632659,-5.528681,52.6869824085784
2021-09-13 08:00:00,-8.551135020312444,0.6355886983286523,-0.4999999999999998,0.8660254037844387,-0.5000000000000004,-0.8660254037844385,254.03913502031244,245.488,287.325,mixto,0.0348332098526707,9.0,0.0,-7.2432456,246.7958894186584,-8.237388,245.80174736314692
2021-09-13 09:00:00,-7.8884888499324575,0.3763253222014097,-0.7071067811865475,0.7071067811865476,-0.5000000000000004,-0.8660254037844385,463.35948884993246,455.471,545.433,mixto,0.017319409687845,11.0,0.5,-7.125441,456.2340477755611,-6.746829,456.6126598170345
2021-09-13 10:00:00,-9.548313461092562,0.2888354382896511,-0.8660254037844387,0.49999999999999994,-0.5000000000000004,-0.8660254037844385,623.5293134610926,613.981,760.879,baja_fd,0.0155514803570347,13.0,1.0,-9.9824505,613.5468629758631,-9.191814,614.3374990384851
2021-09-13 11:00:00,-6.169573344929859,0.2764885157542999,-0.9659258262890682,0.258819045102521,-0.5000000000000004,-0.8660254037844385,693.9995733449299,687.83,861.914,baja_fd,0.0089696194480174,14.0,1.5,-6.476939,687.5226341435749,-5.7134786,688.2860947797138
2021-09-13 12:00:00,3.561938867187564,0.4380917467338257,-1.0,1.2246467991473532e-16,-0.5000000000000004,-0.8660254037844385,668.0010611328124,671.563,825.625,mixto,0.0053039534149254,14.0,2.6,5.869453,673.870514086151,4.458802,672.459863356018
2021-09-13 13:00:00,2.2400643707500194,0.5775244269660463,-0.9659258262890683,-0.2588190451025208,-0.5000000000000004,-0.8660254037844385,551.47093562925,553.711,672.49,mixto,0.0040455478954725,15.6,3.1,4.225484,555.6964195235981,0.2269079,551.6978435232653
2021-09-13 14:00:00,11.134005386679974,0.5365289539244921,-0.8660254037844388,-0.4999999999999997,-0.5000000000000004,-0.8660254037844385,516.17999461332,527.314,626.748,mixto,0.021114564351942,16.0,5.1,13.738647,529.9186420742575,8.826983,525.0069780651633
2021-09-13 15:00:00,10.492112153167511,0.5319868238789609,-0.7071067811865479,-0.7071067811865471,-0.5000000000000004,-0.8660254037844385,425.6418878468325,436.134,506.763,mixto,0.0240570837246523,15.0,6.2,8.577918,434.21980589950584,5.979846,431.6217338475039
2021-09-13 16:00:00,4.522652796907494,0.4658134330803671,-0.5000000000000004,-0.8660254037844385,-0.5000000000000004,-0.8660254037844385,284.59634720309253,289.119,329.471,mixto,0.0156428764519367,13.6,5.7,1.6982726,286.29461978896137,2.309784,286.9061311386394
2021-09-13 17:00:00,-6.626513380930007,0.7693406786930393,-0.25881904510252063,-0.9659258262890683,-0.5000000000000004,-0.8660254037844385,94.41551338093,87.789,105.686,alta_fd,0.0754822743274215,12.0,4.6,-6.589196,87.82631717579083,-6.5648384,87.85067497150617
2021-09-14 07:00:00,-3.458524129250001,1.0,-0.25881904510252063,0.9659258262890683,-0.5000000000000004,-0.8660254037844385,33.50452412925,30.046,36.09,alta_fd,,4.0,1.0,-4.3626184,29.141905682899903,-3.6880438,29.81648029647107
2021-09-14 08:00:00,-5.587690035170013,0.9940580983720178,-0.4999999999999998,0.8660254037844387,-0.5000000000000004,-0.8660254037844385,116.21969003517002,110.632,127.482,alta_fd,0.050506996485375,6.0,0.0,-7.796701,108.42298908073276,-6.887136,109.33255405265659
2021-09-14 09:00:00,-7.278410186832502,0.9881921307483524,-0.7071067811865475,0.7071067811865476,-0.5000000000000004,-0.8660254037844385,168.6284101868325,161.35,186.987,alta_fd,0.0451094526608769,7.0,1.0,-7.5766287,161.05178150183494,-6.868832,161.75957807547385
2021-09-14 10:00:00,-9.044146702920017,0.9968901341295824,-0.8660254037844387,0.49999999999999994,-0.5000000000000004,-0.8660254037844385,170.83514670292,161.791,190.532,alta_fd,0.0559001842062909,8.4,1.0,-10.455692,160.37945441166025,-9.688215,161.1469314471827
2021-09-14 11:00:00,-10.234774799999968,0.9968472342503388,-0.9659258262890682,0.258819045102521,-0.5000000000000004,-0.8660254037844385,199.9217748,189.687,224.4,alta_fd,0.0539561213999903,9.0,1.5,-12.216002,187.70577233570557,-10.9525795,188.969195301709
2021-09-14 12:00:00,-10.220535023250022,0.9967656074261212,-1.0,1.2246467991473532e-16,-0.5000000000000004,-0.8660254037844385,211.24153502325,201.021,238.43,alta_fd,0.0508431209836286,10.0,2.1,-11.789552,199.4519832883257,-10.003393,201.23814185003224
2021-09-14 13:00:00,-9.8636662057325,0.9966357164680062,-0.9659258262890683,-0.2588190451025208,-0.5000000000000004,-0.8660254037844385,204.8756662057325,195.012,231.407,alta_fd,0.0505797910166169,10.4,2.1,-11.641717,193.23394924864022,-9.841925,195.0337415383741
2021-09-14 14:00:00,-8.569538196530004,0.9963990890301578,-0.8660254037844388,-0.4999999999999997,-0.5000000000000004,-0.8660254037844385,179.44753819653,170.878,202.446,alta_fd,0.0501500380185278,11.0,2.1,-9.214987,170.23255139538253,-8.124629,171.32290917583907
2021-09-14 15:00:00,-6.4470752000000005,1.0,-0.7071067811865479,-0.7071067811865471,-0.5000000000000004,-0.8660254037844385,138.3570752,131.91,155.2,alta_fd,0.0488748025168675,11.0,2.6,-5.467323,132.8897523736145,-5.701131,132.6559443329956
2021-09-14 16:00:00,-4.661854202592494,1.0,-0.5000000000000004,-0.8660254037844385,-0.5000000000000004,-0.8660254037844385,85.85185420259249,81.19,95.579,alta_fd,0.0574190688827749,10.9,1.5,-5.4740434,80.37781083329928,-5.2873197,80.56453454240572
2021-09-14 17:00:00,-2.8371853294324936,1.0,-0.25881904510252063,-0.9659258262890683,-0.5000000000000004,-0.8660254037844385,30.94518532943249,28.108,34.083,alta_fd,,10.0,2.1,-3.6435056,27.301679756159785,-3.2226286,27.722556735987666
2021-09-15 07:00:00,-3.515625225132496,1.0,-0.25881904510252063,0.9659258262890683,-0.5000000000000004,-0.8660254037844385,35.0426252251325,31.527,38.023,alta_fd,,5.9,1.0,-4.279779,30.762846267765553,-3.6880438,31.354581392353566
2021-09-15 08:00:00,-4.7904321892499695,0.8826797391725054,-0.4999999999999998,0.8660254037844387,-0.5000000000000004,-0.8660254037844385,162.47143218924998,157.681,180.01,alta_fd,0.0303805289746384,7.0,1.5,-6.5585628,155.91286943366526,-6.5307403,155.9406919281721
2021-09-15 09:00:00,-4.989232569250021,0.7587546115587325,-0.7071067811865475,0.7071067811865476,-0.5000000000000004,-0.8660254037844385,323.17123256925004,318.182,369.19,alta_fd,0.0156804362573936,9.0,1.5,-4.0328035,319.1384290337886,-5.111014,318.0602186799373
2021-09-15 10:00:00,-16.448464416369916,0.6385690208711927,-0.8660254037844387,0.49999999999999994,-0.5000000000000004,-0.8660254037844385,476.0684644163699,459.62,560.558,mixto,0.0357870945919888,10.6,0.5,-11.078557,464.9899074019046,-11.881511,464.1869536818118
2021-09-15 11:00:00,-22.68524038548003,0.5980855347070262,-0.9659258262890682,0.258819045102521,-0.5000000000000004,-0.8660254037844385,550.5292403854801,527.844,660.316,mixto,0.0429771682267488,12.0,0.5,-18.43134,532.0979011215641,-17.392859,533.136381880231
2021-09-15 12:00:00,-17.898045573000104,0.6092310760090992,-1.0,1.2246467991473532e-16,-0.5000000000000004,-0.8660254037844385,579.4080455730001,561.51,701.26,mixto,0.031874847416787,12.9,1.0,-11.027956,568.380089564089,-12.964565,566.4434802959005
2021-09-15 13:00:00,-10.649513643532488,0.6006914170602266,-0.9659258262890683,-0.2588190451025208,-0.5000000000000004,-0.8660254037844385,560.0095136435325,549.36,678.297,mixto,0.0193853095302397,13.8,1.5,-6.8319077,553.1776058943565,-9.972252,550.0372617514427
2021-09-15 14:00:00,-9.30898715863242,0.741360942911338,-0.8660254037844388,-0.4999999999999997,-0.5000000000000004,-0.8660254037844385,447.7169871586324,438.408,532.627,alta_fd,0.0212336160805286,14.0,1.5,-4.4527574,443.26422980008135,-7.570172,440.14681532559405
2021-09-15 15:00:00,-6.482438072332457,0.7993184772864238,-0.7071067811865479,-0.7071067811865471,-0.5000000000000004,-0.8660254037844385,309.79743807233245,303.315,362.137,alta_fd,0.021371966676005,15.0,1.5,-5.642908,304.154529976019,-6.2447743,303.5526637307492
2021-09-15 16:00:00,-3.4057251578124976,0.8902336372516052,-0.5000000000000004,-0.8660254037844385,-0.5000000000000004,-0.8660254037844385,170.9187251578125,167.513,193.825,alta_fd,0.020331109572466,12.6,4.1,-4.105616,166.81310906513062,-4.84425,166.07447495563355
2021-09-15 17:00:00,-5.923158149232492,0.8148922800052832,-0.25881904510252063,-0.9659258262890683,-0.5000000000000004,-0.8660254037844385,84.1001581492325,78.177,93.643,alta_fd,0.0757659944642604,11.0,3.6,-6.1639094,77.93624871396028,-6.526577,77.57358115338289
2021-09-16 07:00:00,-5.0474987892499925,0.9855272187242838,-0.25881904510252063,0.9659258262890683,-0.5000000000000004,-0.8660254037844385,51.29949878925,46.252,56.01,alta_fd,,7.0,0.0,-5.536534,45.76296495669995,-5.092673,46.20682596439038
2021-09-16 08:00:00,-6.367837507080026,0.7028504541432264,-0.4999999999999998,0.8660254037844387,-0.5000000000000004,-0.8660254037844385,241.11983750708004,234.752,271.124,alta_fd,0.0271258072650287,8.0,0.5,-6.723544,234.39629338629146,-7.476446,233.64339135534664
2021-09-16 09:00:00,-3.736146511569928,0.407901264291137,-0.7071067811865475,0.7071067811865476,-0.5000000000000004,-0.8660254037844385,463.49314651156993,459.757,545.602,mixto,0.0081263504668116,11.0,1.0,-4.331216,459.16193065311046,-3.7021039,459.7910426583442
2021-09-16 10:00:00,-10.669390367880055,0.2806596983338634,-0.8660254037844387,0.49999999999999994,-0.5000000000000004,-0.8660254037844385,641.31939036788,630.65,779.956,baja_fd,0.0169180850993103,11.6,1.0,-9.797787,631.5216036552335,-9.290293,632.0290976280119
2021-09-16 11:00:00,28.3858915492674,0.1838222863924146,-0.9659258262890682,0.258819045102521,-0.5000000000000004,-0.8660254037844385,739.0961084507326,767.482,916.807,baja_fd,0.0369857424008216,12.0,4.6,22.245665,761.3417730472902,26.357798,765.4539060734132
2021-09-16 12:00:00,30.16896052096752,0.1835113173664302,-1.0,1.2246467991473532e-16,-0.5000000000000004,-0.8660254037844385,771.7110394790325,801.88,968.003,baja_fd,0.0376227871015208,13.0,4.6,23.89577,795.6068085982952,27.075247,798.7862862899456
2021-09-16 13:00:00,21.683365874407517,0.1724211597788509,-0.9659258262890683,-0.2588190451025208,-0.5000000000000004,-0.8660254037844385,750.6796341255925,772.363,940.579,baja_fd,0.0280740608682802,13.6,3.6,19.40893,770.0885639504216,21.235495,771.91512873924
2021-09-16 14:00:00,15.169217287767538,0.1853663570148606,-0.8660254037844388,-0.4999999999999997,-0.5000000000000004,-0.8660254037844385,669.3077827122324,684.477,823.507,baja_fd,0.0221617633430597,13.0,3.1,12.694781,682.0025640156382,14.074683,683.3824659016245
2021-09-16 15:00:00,6.314446134519926,0.2217729888625909,-0.7071067811865479,-0.7071067811865471,-0.5000000000000004,-0.8660254037844385,531.10555386548,537.42,640.684,baja_fd,0.0117495555329536,14.0,2.1,5.556075,536.6616289616104,7.0338993,538.139453172731
2021-09-16 16:00:00,5.155101306999995,0.3409736857112169,-0.5000000000000004,-0.8660254037844385,-0.5000000000000004,-0.8660254037844385,335.598898693,340.754,391.54,mixto,0.015128512965365,13.6,3.1,1.3471692,336.9460678538429,5.982039,341.580937667762
2021-09-16 17:00:00,-9.464173421092482,0.6144128619775177,-0.25881904510252063,-0.9659258262890683,-0.5000000000000004,-0.8660254037844385,123.39217342109248,113.928,138.129,mixto,0.0830715313276146,11.0,3.1,-6.663695,116.72847856254145,-7.740175,115.65199865073726
2021-09-17 07:00:00,-8.628142747569996,0.9278172537792918,-0.25881904510252063,0.9659258262890683,-0.5000000000000004,-0.8660254037844385,78.02214274757,69.394,83.698,alta_fd,0.1243355729251807,1.4,1.0,-6.8550463,71.16709647529217,-6.717023,71.30511985175701
2021-09-17 08:00:00,-3.4894720907699366,0.5694578617317356,-0.4999999999999998,0.8660254037844387,-0.5000000000000004,-0.8660254037844385,293.71447209077,290.225,328.738,mixto,0.012023333933224,5.0,1.5,-4.4791207,289.23535135941626,-2.9471548,290.7673173304093
2021-09-17 09:00:00,1.4094939517075318,0.3029496379429179,-0.7071067811865475,0.7071067811865476,-0.5000000000000004,-0.8660254037844385,505.45350604829247,506.863,593.809,mixto,0.0027808183901912,9.0,1.5,-0.8921652,504.5613408642715,-0.14315939,505.3103466587966
2021-09-17 10:00:00,-20.96365831731248,0.2072180215870283,-0.8660254037844387,0.49999999999999994,-0.5000000000000004,-0.8660254037844385,656.7706583173125,635.807,803.205,baja_fd,0.032971732486922,12.2,0.5,-17.304117,639.4665411145537,-18.217253,638.5534055859893
2021-09-17 11:00:00,-30.998809168732464,0.1611837064034231,-0.9659258262890682,0.258819045102521,-0.5000000000000004,-0.8660254037844385,742.5678091687324,711.569,930.793,baja_fd,0.0435640242460428,14.0,0.5,-26.312855,716.2549544018867,-28.416798,714.151011530793
2021-09-17 12:00:00,-19.77520618139249,0.1808311971371629,-1.0,1.2246467991473532e-16,-0.5000000000000004,-0.8660254037844385,765.1982061813925,745.423,973.099,baja_fd,0.0265288382319736,16.0,1.0,-15.987887,749.2103187988852,-14.6427555,750.5554506729696
2021-09-17 13:00:00,14.23824063430743,0.269247129278636,-0.9659258262890683,-0.2588190451025208,-0.5000000000000004,-0.8660254037844385,711.9897593656925,726.228,901.769,baja_fd,0.0196057445241817,17.3,3.1,12.5573225,724.5470818678288,12.298864,724.2886237303165
2021-09-17 14:00:00,10.311536135607524,0.3567799577285143,-0.8660254037844388,-0.4999999999999997,-0.5000000000000004,-0.8660254037844385,600.2054638643925,610.517,746.701,mixto,0.0168898427654062,18.0,3.1,10.397391,610.6028551836674,11.153852,611.3593163271611
2021-09-17 15:00:00,7.946630478107579,0.4759510707925625,-0.7071067811865479,-0.7071067811865471,-0.5000000000000004,-0.8660254037844385,432.8143695218925,440.761,522.799,mixto,0.0180293412486757,18.0,4.1,7.232752,440.047121368206,8.951267,441.76563676432414
2021-09-17 16:00:00,0.2646134240675053,0.6619753656514114,-0.5000000000000004,-0.8660254037844385,-0.5000000000000004,-0.8660254037844385,239.1763865759325,239.441,278.217,mixto,0.0011051299654925,16.4,4.6,-1.4532168,237.72316978477954,-3.7076426,235.46874402069568
2021-09-17 17:00:00,-7.360716865970005,0.7403419857450367,-0.25881904510252063,-0.9659258262890683,-0.5000000000000004,-0.8660254037844385,105.29971686597,97.939,119.922,alta_fd,0.0751561366357631,16.0,2.6,-6.138847,99.16086999173294,-7.1174564,98.18226042981277
2021-09-18 07:00:00,-9.80373766356999,0.9027340444683176,-0.25881904510252063,0.9659258262890683,-0.5000000000000004,-0.8660254037844385,81.84573766356999,72.042,88.702,alta_fd,0.136083640981233,4.0,0.0,-7.337011,74.50872680312688,-8.119863,73.72587510711247
2021-09-18 08:00:00,-4.621494608632531,0.5665925816604439,-0.4999999999999998,0.8660254037844387,-0.5000000000000004,-0.8660254037844385,292.8914946086325,288.27,333.123,mixto,0.016031826442684,9.0,1.0,-5.3439217,287.54757294725556,-4.8724184,288.019076205007
2021-09-18 09:00:00,-17.039963627592613,0.3142113821911926,-0.7071067811865475,0.7071067811865476,-0.5000000000000004,-0.8660254037844385,496.8339636275926,479.794,593.229,mixto,0.0355151661496238,13.0,0.0,-13.578045,483.2559187362352,-15.456159,481.3778049895921
2021-09-18 10:00:00,-1.9949654820924247,0.2379506588885888,-0.8660254037844387,0.49999999999999994,-0.5000000000000004,-0.8660254037844385,639.2479654820925,637.253,791.929,baja_fd,0.0031305705616017,15.6,1.5,-4.1218147,635.1261507543093,-2.8969076,636.3510579141146
2021-09-18 11:00:00,-7.911664796692548,0.4015238729519904,-0.9659258262890682,0.258819045102521,-0.5000000000000004,-0.8660254037844385,662.0436647966925,654.132,833.281,mixto,0.0120949056103241,18.0,1.5,-6.210774,655.8328908518378,-5.631767,656.4118980005804
2021-09-18 12:00:00,-16.359794264532525,0.611149948163111,-1.0,1.2246467991473532e-16,-0.5000000000000004,-0.8660254037844385,536.1397942645325,519.78,659.903,mixto,0.0314744589336498,18.2,1.0,-12.604207,523.5355872256531,-12.952235,523.1875590426697
2021-09-18 13:00:00,-11.923770689970013,0.9598695164269128,-0.9659258262890683,-0.2588190451025208,-0.5000000000000004,-0.8660254037844385,204.39177068997,192.468,238.478,alta_fd,0.0619519644302949,18.4,0.5,-15.914383,188.4773877553997,-13.45153,190.94024023342703
2021-09-18 14:00:00,-7.109768717000009,0.996401929792352,-0.8660254037844388,-0.4999999999999997,-0.5000000000000004,-0.8660254037844385,177.709768717,170.6,206.18,alta_fd,0.0416750804044549,18.0,5.1,-7.4588294,170.25093931407642,-6.030328,171.67944092006397
2021-09-18 15:00:00,-5.705064397832501,1.0,-0.7071067811865479,-0.7071067811865471,-0.5000000000000004,-0.8660254037844385,139.4600643978325,133.755,158.963,alta_fd,0.0426530925784643,15.0,6.2,-3.8203645,135.63969992258225,-3.141451,136.3186135158745
2021-09-18 16:00:00,-4.4374905958125055,1.0,-0.5000000000000004,-0.8660254037844385,-0.5000000000000004,-0.8660254037844385,86.67649059581251,82.239,98.415,alta_fd,0.0539584697748331,15.9,3.6,-3.6047,83.07179050731153,-4.263668,82.41282253550978
2021-09-18 17:00:00,-3.8668243101924986,1.0,-0.25881904510252063,-0.9659258262890683,-0.5000000000000004,-0.8660254037844385,61.5548243101925,57.688,69.131,alta_fd,0.0670299596136544,14.0,3.6,-5.7397895,55.815034824261105,-4.905614,56.649210410961544
2021-09-19 07:00:00,-9.786712630792508,0.8920760752785264,-0.25881904510252063,0.9659258262890683,-0.5000000000000004,-0.8660254037844385,85.6487126307925,75.862,92.659,alta_fd,0.1290067837757046,3.4,1.0,-7.304063,78.34464978746975,-7.6425695,78.00614308886135
2021-09-19 08:00:00,-3.007309499079952,0.566087800932749,-0.4999999999999998,0.8660254037844387,-0.5000000000000004,-0.8660254037844385,297.06630949908,294.059,338.076,mixto,0.0102268915390447,9.0,1.5,-4.143764,292.9225454800675,-2.923461,294.1428485386918
2021-09-19 09:00:00,-3.4992432000000235,0.3232374141539629,-0.7071067811865475,0.7071067811865476,-0.5000000000000004,-0.8660254037844385,498.5412432,495.042,592.8,mixto,0.0070685784236489,12.0,1.0,-4.4666886,494.0745545670349,-3.8755305,494.6657127186615
2021-09-19 10:00:00,-10.236279393280029,0.2842821170659435,-0.8660254037844387,0.49999999999999994,-0.5000000000000004,-0.8660254037844385,616.79527939328,606.559,761.696,baja_fd,0.0168759830342638,15.8,1.0,-10.340424,606.4548558092956,-9.492829,607.302450070465
2021-09-19 11:00:00,-25.99118946773251,0.4896034509689507,-0.9659258262890682,0.258819045102521,-0.5000000000000004,-0.8660254037844385,613.8861894677325,587.895,769.343,mixto,0.0442105979260454,19.0,0.5,-20.018194,593.8679952691241,-18.822216,595.063973433797
2021-09-19 12:00:00,-7.045980820312479,0.7030528430737173,-1.0,1.2246467991473532e-16,-0.5000000000000004,-0.8660254037844385,476.5099808203125,469.464,587.875,alta_fd,0.0150085647042424,21.0,2.1,-3.98442,472.525560759201,-6.3577523,470.15222849716184
2021-09-19 13:00:00,-8.873437804332468,0.9966409957944624,-0.9659258262890683,-0.2588190451025208,-0.5000000000000004,-0.8660254037844385,201.33943780433248,192.466,237.063,alta_fd,0.0461039238324299,20.7,3.1,-9.947063,191.39237435828755,-8.329995,193.009442648998
2021-09-19 14:00:00,-8.218861691520004,0.996419722399774,-0.8660254037844388,-0.4999999999999997,-0.5000000000000004,-0.8660254037844385,178.61586169152,170.397,208.112,alta_fd,0.0482336055888308,19.0,2.6,-8.407782,170.20808009056785,-8.021721,170.59414080528953
2021-09-19 15:00:00,-6.353380028532513,1.0,-0.7071067811865479,-0.7071067811865471,-0.5000000000000004,-0.8660254037844385,138.6183800285325,132.265,159.903,alta_fd,0.0480352325145164,18.0,3.1,-4.898997,133.71938319854593,-5.4783435,133.1400365417466
2021-09-19 16:00:00,-4.944120409692502,1.0,-0.5000000000000004,-0.8660254037844385,-0.5000000000000004,-0.8660254037844385,86.6861204096925,81.742,99.369,alta_fd,0.0604844560898008,18.3,1.0,-6.616969,80.06915130111096,-6.13813,80.54799022170423
2021-09-19 17:00:00,-2.9715024232500014,1.0,-0.25881904510252063,-0.9659258262890683,-0.5000000000000004,-0.8660254037844385,32.62950242325,29.658,36.93,alta_fd,,17.0,1.5,-4.405313,28.22418940826587,-3.839631,28.78987134262256
2021-09-20 07:00:00,-2.539248154812501,1.0,-0.25881904510252063,0.9659258262890683,-0.5000000000000004,-0.8660254037844385,23.2342481548125,20.695,25.545,alta_fd,,9.8,1.5,-3.4184432,19.81580495184009,-3.2646973,19.969550841503786
2021-09-20 08:00:00,-4.944532098832482,1.0,-0.4999999999999998,0.8660254037844387,-0.5000000000000004,-0.8660254037844385,102.98453209883247,98.04,115.413,alta_fd,0.0504338239374998,12.0,1.0,-7.0314283,95.9531037617353,-5.8629446,97.12158749586617
2021-09-20 09:00:00,-10.55946752443245,0.9419174711197892,-0.7071067811865475,0.7071067811865476,-0.5000000000000004,-0.8660254037844385,222.9064675244325,212.347,255.083,alta_fd,0.0497274156189277,13.0,0.0,-8.072593,214.83387478914196,-7.7286086,215.17785891618664
2021-09-20 10:00:00,-14.353737383329984,0.848906949711443,-0.8660254037844387,0.49999999999999994,-0.5000000000000004,-0.8660254037844385,347.60273738333,333.249,408.026,alta_fd,0.0430721093936665,14.6,0.5,-11.772054,335.8306836647631,-12.512794,335.0899438423754
2021-09-20 11:00:00,-6.363745983432466,0.8819634765533295,-0.9659258262890682,0.258819045102521,-0.5000000000000004,-0.8660254037844385,402.27474598343247,395.911,477.133,alta_fd,0.0160736781332988,15.0,3.1,-4.5540795,397.7206664508092,-5.092354,397.1823921626317
2021-09-20 12:00:00,-5.058933427569968,0.8779866584583932,-1.0,1.2246467991473532e-16,-0.5000000000000004,-0.8660254037844385,421.48493342757,416.426,505.902,alta_fd,0.0121484571750322,17.0,3.6,-2.763908,418.7210255181767,-3.0530963,418.43183713316694
2021-09-20 13:00:00,-4.88597586292002,0.8732257542910373,-0.9659258262890683,-0.2588190451025208,-0.5000000000000004,-0.8660254037844385,406.96397586292,402.078,487.732,alta_fd,0.0121518109991594,17.2,3.6,-2.9843695,403.9796063465473,-3.0112011,403.9527747196552
2021-09-20 14:00:00,-2.066858566930023,0.8081136056583362,-0.8660254037844388,-0.4999999999999997,-0.5000000000000004,-0.8660254037844385,361.13185856693,359.065,429.214,alta_fd,0.0057562239898904,17.0,4.6,1.2189614,362.3508199250004,-0.9044316,360.2274269854328
2021-09-20 15:00:00,-2.731561801479984,0.8075744572643991,-0.7071067811865479,-0.7071067811865471,-0.5000000000000004,-0.8660254037844385,280.28956180148,277.558,328.916,alta_fd,0.0098414090081351,17.0,4.1,-0.4223433,279.867218487786,-4.184055,276.105506949948
2021-09-20 16:00:00,-4.127717842732494,0.9402939039934296,-0.5000000000000004,-0.8660254037844385,-0.5000000000000004,-0.8660254037844385,170.2707178427325,166.143,195.257,alta_fd,0.0248443680608421,15.4,3.1,-4.6856704,165.58504746690852,-5.6463017,164.6244160963641
2021-09-20 17:00:00,-3.8228155795699976,1.0,-0.25881904510252063,-0.9659258262890683,-0.5000000000000004,-0.8660254037844385,62.32381557957,58.501,70.002,alta_fd,0.0653461578361053,14.0,4.1,-5.879956,56.4438598109848,-4.8129487,57.51086687580413
2021-09-21 07:00:00,-9.244176369279998,0.8848202734556263,-0.25881904510252063,0.9659258262890683,-0.5000000000000004,-0.8660254037844385,87.57317636927999,78.329,97.104,alta_fd,0.1180172907771068,9.8,2.1,-5.9756393,81.59753702601827,-6.2160397,81.35713671168722
2021-09-21 08:00:00,-4.065359496480028,0.512696639984092,-0.4999999999999998,0.8660254037844387,-0.5000000000000004,-0.8660254037844385,298.01735949648,293.952,343.416,mixto,0.0138300113504246,12.0,1.0,-5.3043685,292.71299100053886,-4.8724184,293.14494109285454
2021-09-21 09:00:00,0.7123100767500432,0.3350970311719628,-0.7071067811865475,0.7071067811865476,-0.5000000000000004,-0.8660254037844385,498.64468992325,499.357,595.57,mixto,0.0014264545740823,13.0,1.5,-1.174967,497.4697228726976,-0.20844766,498.43624225827386
2021-09-21 10:00:00,-21.76884063828004,0.2486888328696796,-0.8660254037844387,0.49999999999999994,-0.5000000000000004,-0.8660254037844385,647.3538406382801,625.585,798.596,baja_fd,0.0347975744915239,14.4,0.5,-17.5954,629.7584407817127,-17.506132,629.8477085124256
2021-09-21 11:00:00,-6.836089582812519,0.2091115237239772,-0.9659258262890682,0.258819045102521,-0.5000000000000004,-0.8660254037844385,739.4650895828125,732.629,935.575,baja_fd,0.0093309022476758,16.0,1.5,-5.814496,733.6505935424683,-5.160684,734.3044054740784
2021-09-21 12:00:00,11.457445380319996,0.1686785918682954,-1.0,1.2246467991473532e-16,-0.5000000000000004,-0.8660254037844385,778.04455461968,789.502,997.064,baja_fd,0.0145122436426,17.0,2.6,9.877434,787.9219883965354,10.231072,788.2756270455222
2021-09-21 13:00:00,12.125996221230023,0.157110388567786,-0.9659258262890683,-0.2588190451025208,-0.5000000000000004,-0.8660254037844385,753.41100377877,765.537,967.038,baja_fd,0.0158398564944999,18.3,2.6,12.213009,765.6240126593852,11.011597,764.4226004584575
2021-09-21 14:00:00,13.436129264430065,0.2858477777201703,-0.8660254037844388,-0.4999999999999997,-0.5000000000000004,-0.8660254037844385,643.63387073557,657.07,811.198,baja_fd,0.020448550785198,19.0,3.1,12.325995,655.9598661808215,12.033375,655.6672455219469
2021-09-21 15:00:00,4.65973651874998,0.5031395514098365,-0.7071067811865479,-0.7071067811865471,-0.5000000000000004,-0.8660254037844385,432.7722634812501,437.432,527.45,mixto,0.0106524820286352,20.0,3.1,5.245576,438.0178393860963,3.8824952,436.6547586461213
2021-09-21 16:00:00,-3.131360469279997,0.7684019022519909,-0.5000000000000004,-0.8660254037844385,-0.5000000000000004,-0.8660254037844385,181.47136046928,178.34,211.704,alta_fd,0.0175583742810362,19.2,3.1,-4.043749,177.42761161368918,-5.470893,176.00046756309104
2021-09-21 17:00:00,-3.9723694140924977,1.0,-0.25881904510252063,-0.9659258262890683,-0.5000000000000004,-0.8660254037844385,63.8963694140925,59.924,72.921,alta_fd,0.0662901243924387,18.0,2.6,-4.881682,59.0146874949946,-4.9012704,58.99509902453561
2021-09-22 07:00:00,-3.9149180155325,1.0,-0.25881904510252063,0.9659258262890683,-0.5000000000000004,-0.8660254037844385,48.7829180155325,44.868,53.447,alta_fd,,8.0,0.5,-5.3418107,43.441107312254914,-4.3468795,44.436038533263215
2021-09-22 08:00:00,-5.016195195312491,0.7529570696134892,-0.4999999999999998,0.8660254037844387,-0.5000000000000004,-0.8660254037844385,222.1461951953125,217.13,251.125,alta_fd,0.0231022668231589,10.0,1.0,-6.4358516,215.7103436213684,-6.580594,215.5656011325073
2021-09-22 09:00:00,-10.286134962312415,0.5320242225666746,-0.7071067811865475,0.7071067811865476,-0.5000000000000004,-0.8660254037844385,436.4701349623125,426.184,513.805,mixto,0.0241354320253984,12.0,0.5,-6.9277177,429.54241727661304,-7.4739904,428.99614452194385
2021-09-22 10:00:00,-21.685155159992405,0.375064412250242,-0.8660254037844387,0.49999999999999994,-0.5000000000000004,-0.8660254037844385,617.7901551599924,596.105,760.189,mixto,0.0363780796336088,15.0,0.5,-17.548052,600.242103325886,-15.520359,602.2697961206858
2021-09-22 11:00:00,15.240718829870048,0.2588300288158638,-0.9659258262890682,0.258819045102521,-0.5000000000000004,-0.8660254037844385,738.78828117013,754.029,934.594,baja_fd,0.0202123775476408,16.0,3.1,11.733671,750.5219523584844,10.668492,749.4567734873297
2021-09-22 12:00:00,23.401074620829945,0.1846358410235311,-1.0,1.2246467991473532e-16,-0.5000000000000004,-0.8660254037844385,781.8229253791701,805.224,1002.682,baja_fd,0.0290615712159969,17.0,3.6,19.224083,801.0470083259474,19.521307,801.3442323707472
2021-09-22 13:00:00,18.41837673074997,0.1507235541672299,-0.9659258262890683,-0.2588190451025208,-0.5000000000000004,-0.8660254037844385,754.38662326925,772.805,967.99,baja_fd,0.0238331490230394,18.2,3.1,15.4008,769.7874230205317,16.47653,770.8631533443232
2021-09-22 14:00:00,17.257264172429927,0.1570193776088155,-0.8660254037844388,-0.4999999999999997,-0.5000000000000004,-0.8660254037844385,675.3387358275701,692.596,856.402,baja_fd,0.0249167829043626,19.0,3.1,13.85873,689.1974661437322,15.429282,690.7680180159856
2021-09-22 15:00:00,13.896895425919864,0.1946457474744627,-0.7071067811865479,-0.7071067811865471,-0.5000000000000004,-0.8660254037844385,536.1101045740801,550.007,665.424,baja_fd,0.0252667610156231,20.0,3.1,11.580097,547.6902017725664,14.419022,550.5291261805254
2021-09-22 16:00:00,8.654042273719995,0.3131754649186419,-0.5000000000000004,-0.8660254037844385,-0.5000000000000004,-0.8660254037844385,342.80095772628,351.455,409.404,mixto,0.0246234717779516,18.8,4.6,6.7566247,349.5575824249189,10.537528,353.3384857643049
2021-09-22 17:00:00,-10.796714842292474,0.5170251701881656,-0.25881904510252063,-0.9659258262890683,-0.5000000000000004,-0.8660254037844385,130.71771484229248,119.921,149.409,mixto,0.0900318946831036,16.0,3.1,-6.662248,124.05546670767944,-6.934766,123.78294902655762
2021-09-23 07:00:00,-3.945360938232497,1.0,-0.25881904510252063,0.9659258262890683,-0.5000000000000004,-0.8660254037844385,50.2863609382325,46.341,55.357,alta_fd,,9.2,0.5,-5.388921,44.897440154235916,-4.327955,45.95840616909798
2021-09-23 08:00:00,-5.179258481249946,0.8025778804666367,-0.4999999999999998,0.8660254037844387,-0.5000000000000004,-0.8660254037844385,208.24625848124995,203.067,234.95,alta_fd,0.0255051706148706,10.0,1.0,-6.803582,201.44267628978267,-6.8218546,201.42440388988032
2021-09-23 09:00:00,-1.2738519956799903,0.6282655303917498,-0.7071067811865475,0.7071067811865476,-0.5000000000000004,-0.8660254037844385,401.04085199568,399.767,469.464,mixto,0.0031864861173633,12.0,2.1,-1.1190557,399.92179624769415,-2.3410404,398.6998116228315
2021-09-23 10:00:00,-0.3923171732499213,0.4696980407341828,-0.8660254037844387,0.49999999999999994,-0.5000000000000004,-0.8660254037844385,578.8253171732499,578.433,701.77,mixto,0.0006782413403971,13.3,2.1,1.3388524,580.164169578798,0.86501443,579.6903316071107
2021-09-23 11:00:00,-10.039541766192428,0.4444933809519735,-0.9659258262890682,0.258819045102521,-0.5000000000000004,-0.8660254037844385,670.6345417661925,660.595,833.269,mixto,0.0151977259382714,15.0,1.5,-6.40714,664.2274019880552,-6.1337147,664.5008270902891
2021-09-23 12:00:00,-1.6307176468800435,0.3881120954058455,-1.0,1.2246467991473532e-16,-0.5000000000000004,-0.8660254037844385,710.28171764688,708.651,893.544,mixto,0.0023011576176143,16.0,2.1,1.9409617,712.2226793654393,2.6576085,712.9393261559437
2021-09-23 13:00:00,8.830822874067621,0.3200820731812326,-0.9659258262890683,-0.2588190451025208,-0.5000000000000004,-0.8660254037844385,711.7411771259324,720.572,882.617,mixto,0.0122552956180196,13.0,2.9,11.58637,723.327547594072,9.974276,721.7154527149216
2021-09-23 14:00:00,15.2056944062075,0.2889380505158062,-0.8660254037844388,-0.4999999999999997,-0.5000000000000004,-0.8660254037844385,651.0393055937925,666.245,787.259,baja_fd,0.0228229771423537,10.0,3.8,15.070147,666.1094521544615,16.943079,667.9823845885435
2021-09-23 15:00:00,14.76152832830752,0.3133632633547041,-0.7071067811865479,-0.7071067811865471,-0.5000000000000004,-0.8660254037844385,508.4244716716925,523.186,610.969,mixto,0.0282146852712181,14.0,4.6,15.296825,523.7212970806281,16.417591,524.8420627666633
2021-09-23 16:00:00,5.667754057080003,0.3905664889340129,-0.5000000000000004,-0.8660254037844385,-0.5000000000000004,-0.8660254037844385,329.44024594292,335.108,383.668,mixto,0.0169132162081478,13.4,4.1,4.222419,333.6626647280152,6.660646,336.1008919046815
2021-09-23 17:00:00,-8.596621025570002,0.6365585198491851,-0.25881904510252063,-0.9659258262890683,-0.5000000000000004,-0.8660254037844385,124.38062102557,115.784,139.802,mixto,0.0742470550816175,12.0,4.6,-7.009205,117.37141616106804,-7.7250156,116.6556053853112
2021-09-24 07:00:00,-7.899506058930001,0.9085984302297652,-0.25881904510252063,0.9659258262890683,-0.5000000000000004,-0.8660254037844385,87.85650605893,79.957,96.014,alta_fd,0.0987969290860087,6.0,1.0,-6.993645,80.86286086773737,-7.251702,80.60480422711237
2021-09-24 08:00:00,-4.522821013320026,0.6287886633199795,-0.4999999999999998,0.8660254037844387,-0.5000000000000004,-0.8660254037844385,273.76082101332,269.238,309.252,mixto,0.016798598315691,8.0,1.0,-5.3439217,268.4168993519431,-6.0345316,267.7262894199973
2021-09-24 09:00:00,-6.184112854192449,0.5102942284417482,-0.7071067811865475,0.7071067811865476,-0.5000000000000004,-0.8660254037844385,450.9541128541924,444.77,529.781,mixto,0.0139040691912504,11.0,1.0,-4.423852,446.53026088733446,-4.565243,446.3888700868584
2021-09-24 10:00:00,-12.443147658129988,0.4419657182861692,-0.8660254037844387,0.49999999999999994,-0.5000000000000004,-0.8660254037844385,582.09114765813,569.648,707.106,mixto,0.0218435729751179,13.6,1.0,-9.135733,572.9554150073732,-8.078536,574.0126116244996
2021-09-24 11:00:00,-15.251087306770046,0.5855452865081475,-0.9659258262890682,0.258819045102521,-0.5000000000000004,-0.8660254037844385,599.33408730677,584.083,732.638,mixto,0.0261111645207445,14.3,1.2,-10.747639,588.5864486043774,-12.1263895,587.207697803291
2021-09-24 12:00:00,-12.852296833480068,0.6561430617681672,-1.0,1.2246467991473532e-16,-0.5000000000000004,-0.8660254037844385,553.3282968334801,540.476,673.116,mixto,0.023779588424796,15.0,1.5,-7.805779,545.5225178532249,-10.219727,543.1085702709801
2021-09-24 13:00:00,-7.415446934129932,0.8102332612338198,-0.9659258262890683,-0.2588190451025208,-0.5000000000000004,-0.8660254037844385,415.7454469341299,408.33,497.006,alta_fd,0.0181604264544117,16.3,2.6,-5.420327,410.32511974754544,-6.6643233,409.0811236042044
2021-09-24 14:00:00,-12.77124586963248,0.7731608259830072,-0.8660254037844388,-0.4999999999999997,-0.5000000000000004,-0.8660254037844385,396.8672458696325,384.096,474.427,alta_fd,0.0332501402504386,17.0,1.0,-8.437267,388.4299785661657,-9.722865,387.1443807649572
2021-09-24 15:00:00,-1.4141890539700055,0.7298623373423369,-0.7071067811865479,-0.7071067811865471,-0.5000000000000004,-0.8660254037844385,328.43318905397,327.019,388.322,alta_fd,0.0043244858982811,17.0,3.6,2.5965748,331.0297638372952,-0.21459247,328.2185965822512
2021-09-24 16:00:00,-2.027760366832496,0.8420044414136084,-0.5000000000000004,-0.8660254037844385,-0.5000000000000004,-0.8660254037844385,213.4977603668325,211.47,246.987,alta_fd,0.0095888795896935,16.0,4.6,-2.486036,211.0117243045919,-4.347368,209.1503926033132
2021-09-24 17:00:00,-4.66087966277,0.9279832649431864,-0.25881904510252063,-0.9659258262890683,-0.5000000000000004,-0.8660254037844385,85.86587966277,81.205,97.138,alta_fd,0.0573964615820454,15.0,4.1,-6.340238,79.52564156844016,-6.367449,79.4984308560073
2021-09-25 07:00:00,-2.730341540679998,1.0,-0.25881904510252063,0.9659258262890683,-0.5000000000000004,-0.8660254037844385,28.39134154068,25.661,31.236,alta_fd,,9.8,2.1,-3.2941914,25.097150180206366,-2.8541515,25.537190053329535
2021-09-25 08:00:00,-4.699129248092504,1.0,-0.4999999999999998,0.8660254037844387,-0.5000000000000004,-0.8660254037844385,113.0921292480925,108.393,125.929,alta_fd,0.0433527003412813,10.0,2.6,-5.305614,107.78651525349412,-5.4371786,107.65495063633713
2021-09-25 09:00:00,-8.682665742880005,0.9692982538779266,-0.7071067811865475,0.7071067811865476,-0.5000000000000004,-0.8660254037844385,227.91266574288,219.23,259.944,alta_fd,0.0396052809509647,12.0,1.0,-6.6541886,221.2584771099149,-6.5422525,221.37041320229162
2021-09-25 10:00:00,-15.450463327992509,0.849816535428241,-0.8660254037844387,0.49999999999999994,-0.5000000000000004,-0.8660254037844385,361.7614633279925,346.311,422.339,alta_fd,0.0446144168911542,12.8,0.5,-11.347886,350.41357724248223,-11.933015,349.82844845830255
2021-09-25 11:00:00,-16.78914130731249,0.7864073057557839,-0.9659258262890682,0.258819045102521,-0.5000000000000004,-0.8660254037844385,474.3561413073125,457.567,566.795,alta_fd,0.0366922031250341,14.0,1.0,-12.266197,462.08994410272265,-12.652363,461.70377848382617
2021-09-25 12:00:00,2.26485721016752,0.7144495930240513,-1.0,1.2246467991473532e-16,-0.5000000000000004,-0.8660254037844385,542.4511427898325,544.716,658.637,alta_fd,0.0041578679718743,15.0,4.1,6.7454624,549.196605207435,3.2184145,545.6695573348917
2021-09-25 13:00:00,0.853329548407487,0.6270674801756272,-0.9659258262890683,-0.2588190451025208,-0.5000000000000004,-0.8660254037844385,570.4386704515925,571.292,699.571,mixto,0.0014936837001174,16.1,3.1,6.674465,577.1131356310359,-0.38351008,570.0551603686324
2021-09-25 14:00:00,14.632078382067448,0.3977609793211619,-0.8660254037844388,-0.4999999999999997,-0.5000000000000004,-0.8660254037844385,612.8299216179325,627.462,756.967,mixto,0.0233194653733093,16.0,4.1,15.005924,627.8358458427861,14.671582,627.5015038399174
2021-09-25 15:00:00,19.29737673675004,0.2434121574318697,-0.7071067811865479,-0.7071067811865471,-0.5000000000000004,-0.8660254037844385,530.49562326325,549.793,645.73,baja_fd,0.0350993496402283,16.0,5.1,17.07411,547.5697332943779,19.79333,550.2889525021416
2021-09-25 16:00:00,10.616202688067515,0.297223731389765,-0.5000000000000004,-0.8660254037844385,-0.5000000000000004,-0.8660254037844385,352.4387973119325,363.055,415.433,baja_fd,0.0292413069316426,15.4,6.2,8.244819,360.68361599937145,12.153585,364.59238274589245
2021-09-25 17:00:00,-11.063410158880032,0.5138529628157041,-0.25881904510252063,-0.9659258262890683,-0.5000000000000004,-0.8660254037844385,135.42041015888003,124.357,153.656,mixto,0.0889649168030752,14.0,2.6,-6.176456,129.24395418430117,-6.18798,129.23242998386172
2021-09-25 18:00:00,-3.6099876670325,1.0,-1.8369701987210297e-16,-1.0,-0.5000000000000004,-0.8660254037844385,9.3589876670325,5.749,10.397,alta_fd,,13.0,2.6,-4.0872407,5.27174697107913,-4.181019,5.177968837686796
2021-09-26 07:00:00,-11.610684190279995,0.8301819026570361,-0.25881904510252063,0.9659258262890683,-0.5000000000000004,-0.8660254037844385,113.21668419028,101.606,123.196,alta_fd,0.1142716393744463,4.0,0.0,-8.827806,104.38887771750169,-9.47301,103.74367412710862
2021-09-26 08:00:00,-9.225502881919963,0.4639884118201193,-0.4999999999999998,0.8660254037844387,-0.5000000000000004,-0.8660254037844385,331.75350288192,322.528,376.368,mixto,0.0286037270622084,7.0,0.0,-7.202152,324.5513511065599,-8.094696,323.6588068369981
2021-09-26 09:00:00,-11.545030092292563,0.2963747679933641,-0.7071067811865475,0.7071067811865476,-0.5000000000000004,-0.8660254037844385,530.2600300922926,518.715,633.841,baja_fd,0.0222569813718372,12.0,0.5,-11.181957,519.0780728474195,-11.199651,519.0603793278273
2021-09-26 10:00:00,-12.358249607132509,0.2130214159794262,-0.8660254037844387,0.49999999999999994,-0.5000000000000004,-0.8660254037844385,672.6392496071325,660.281,836.073,baja_fd,0.0187166518605449,15.0,1.0,-11.858464,660.7807853661046,-11.421859,661.2173908195958
2021-09-26 11:00:00,-18.851937452770017,0.1608877408658831,-0.9659258262890682,0.258819045102521,-0.5000000000000004,-0.8660254037844385,756.78393745277,737.932,965.638,baja_fd,0.0255469846175122,17.0,1.0,-15.136742,741.6471958145864,-15.975389,740.8085489258535
2021-09-26 12:00:00,3.7816801342701183,0.1551202964159187,-1.0,1.2246467991473532e-16,-0.5000000000000004,-0.8660254037844385,784.4473198657299,788.229,1017.034,baja_fd,0.0047976922116163,19.0,2.1,4.2799816,788.7273014788891,2.5884078,787.035727620628
2021-09-26 13:00:00,12.299027376749905,0.1506509666724592,-0.9659258262890683,-0.2588190451025208,-0.5000000000000004,-0.8660254037844385,757.17397262325,769.473,980.13,baja_fd,0.0159837023219137,19.8,2.6,13.112543,770.2865157293292,11.745741,768.919713513753
2021-09-26 14:00:00,24.982791953079985,0.161471385276651,-0.8660254037844388,-0.4999999999999997,-0.5000000000000004,-0.8660254037844385,677.56120804692,702.544,863.868,baja_fd,0.0355604658969117,20.0,4.1,21.32839,698.88959816838,25.100481,702.6616890802452
2021-09-26 15:00:00,18.319359570749956,0.2004472057989494,-0.7071067811865479,-0.7071067811865471,-0.5000000000000004,-0.8660254037844385,539.16664042925,557.486,669.59,baja_fd,0.0328606629955729,20.0,4.1,16.862757,556.029397158376,19.948774,559.1154147670186
2021-09-26 16:00:00,9.301844631480035,0.3171088824715216,-0.5000000000000004,-0.8660254037844385,-0.5000000000000004,-0.8660254037844385,347.04015536851995,356.342,414.212,mixto,0.0261036999048106,18.5,5.1,7.562513,354.6026682431232,11.228414,358.2685689503681
2021-09-26 17:00:00,-10.74661801519251,0.5106998820817975,-0.25881904510252063,-0.9659258262890683,-0.5000000000000004,-0.8660254037844385,135.5116180151925,124.765,155.619,mixto,0.0861348776916002,17.0,3.6,-6.942311,128.5693072051034,-7.4544697,128.05714833440638
2021-09-26 18:00:00,-3.9021585798125,1.0,-1.8369701987210297e-16,-1.0,-0.5000000000000004,-0.8660254037844385,10.1721585798125,6.27,11.345,alta_fd,,14.0,3.6,-5.023744,5.148414473519775,-4.449486,5.722672801003906
2021-09-27 07:00:00,-2.8000410091699948,1.0,-0.25881904510252063,0.9659258262890683,-0.5000000000000004,-0.8660254037844385,31.16704100917,28.367,34.082,alta_fd,,8.1,3.1,-3.8747044,27.292336648208085,-3.3576543,27.809386676055375
2021-09-27 08:00:00,-4.615165445570014,1.0,-0.4999999999999998,0.8660254037844387,-0.5000000000000004,-0.8660254037844385,88.35216544557001,83.737,97.302,alta_fd,0.0551150082468922,8.0,2.1,-5.2863727,83.06579278397943,-4.7600865,83.59207890916254
2021-09-27 09:00:00,-7.224688319932483,1.0,-0.7071067811865475,0.7071067811865476,-0.5000000000000004,-0.8660254037844385,144.15368831993248,136.929,160.567,alta_fd,0.0527622952035907,9.0,1.5,-6.8271613,137.3265270078292,-5.8587413,138.29494703651574
2021-09-27 10:00:00,-9.57500880589248,0.996931321948694,-0.8660254037844387,0.49999999999999994,-0.5000000000000004,-0.8660254037844385,188.2260088058925,178.651,211.599,alta_fd,0.0535961668610446,9.8,1.5,-9.27972,178.946288499496,-8.918002,179.30800667729142
2021-09-27 11:00:00,-12.0018098922325,0.996888566343564,-0.9659258262890682,0.258819045102521,-0.5000000000000004,-0.8660254037844385,216.4538098922325,204.452,244.493,alta_fd,0.0587023354735219,10.0,1.0,-13.533173,202.92063728481062,-12.032944,204.42086616664656
2021-09-27 12:00:00,-11.083202832000012,0.9936257350958436,-1.0,1.2246467991473532e-16,-0.5000000000000004,-0.8660254037844385,227.626202832,216.543,257.52,alta_fd,0.0511824572117316,10.0,2.1,-11.669259,215.9569437606499,-10.004124,217.62207914425585
2021-09-27 13:00:00,-14.52587896832,0.9933710427391814,-0.9659258262890683,-0.2588190451025208,-0.5000000000000004,-0.8660254037844385,219.16587896832,204.64,248.448,alta_fd,0.0709825985551211,10.8,0.0,-15.78419,203.3816887904025,-12.485017,206.68086214550505
2021-09-27 14:00:00,-13.234428194929931,0.9566712254466287,-0.8660254037844388,-0.4999999999999997,-0.5000000000000004,-0.8660254037844385,315.01042819492994,301.776,362.414,alta_fd,0.0438551382314363,11.0,1.0,-10.179041,304.83138728611647,-9.681865,305.3285634564656
2021-09-27 15:00:00,-9.146763825279947,0.7557985233624347,-0.7071067811865479,-0.7071067811865471,-0.5000000000000004,-0.8660254037844385,338.3807638252799,329.234,392.304,alta_fd,0.0277819539454611,12.0,1.0,-5.685928,332.6948359573905,-7.1016903,331.27907353292153
2021-09-27 16:00:00,-8.233129215092447,0.6822570520006386,-0.5000000000000004,-0.8660254037844385,-0.5000000000000004,-0.8660254037844385,256.89612921509246,248.663,293.279,mixto,0.0331095869312782,11.2,0.0,-6.777741,250.11838825973967,-8.59222,248.30390890869597
2021-09-27 17:00:00,-6.394594281232514,0.8224358370965469,-0.25881904510252063,-0.9659258262890683,-0.5000000000000004,-0.8660254037844385,98.47659428123252,92.082,110.293,alta_fd,0.0694445633373788,12.0,1.0,-7.283095,91.19349939826743,-7.7441974,90.7323969126107
2021-09-28 07:00:00,-6.360922538529977,0.9355658174479816,-0.25881904510252063,0.9659258262890683,-0.5000000000000004,-0.8660254037844385,85.27892253852998,78.918,92.954,alta_fd,0.0806016693090293,5.4,1.0,-7.0276127,78.25130985237276,-7.2030535,78.07586906410371
2021-09-28 08:00:00,-4.998860325432503,0.8921422406313886,-0.4999999999999998,0.8660254037844387,-0.5000000000000004,-0.8660254037844385,198.2458603254325,193.247,222.467,alta_fd,0.0258677253744301,9.0,1.5,-6.275907,191.96995328579015,-6.2787995,191.9670607915885
2021-09-28 09:00:00,-6.684225202432486,0.967677643968626,-0.7071067811865475,0.7071067811865476,-0.5000000000000004,-0.8660254037844385,237.71222520243248,231.028,269.317,alta_fd,0.0289325328636896,10.0,2.6,-3.9707682,233.74145698916038,-5.1215115,232.5907137430819
2021-09-28 10:00:00,-9.509304762632496,0.9815852833654756,-0.8660254037844387,0.49999999999999994,-0.5000000000000004,-0.8660254037844385,188.9333047626325,179.424,213.773,alta_fd,0.0529990679208606,11.4,1.5,-9.387809,179.54549596288885,-8.918002,180.01530263403143
2021-09-28 11:00:00,-12.556930248370008,0.9766943136692606,-0.9659258262890682,0.258819045102521,-0.5000000000000004,-0.8660254037844385,288.98293024837,276.426,332.558,alta_fd,0.0454260100293388,12.0,1.5,-11.710428,277.27250201045496,-10.597265,278.3856650048397
2021-09-28 12:00:00,-14.32300709453,0.957013645048562,-1.0,1.2246467991473532e-16,-0.5000000000000004,-0.8660254037844385,369.09200709453,354.769,431.754,alta_fd,0.040372769589592,13.0,1.5,-10.673212,358.4187950431384,-11.363281,357.72872584453
2021-09-28 13:00:00,-16.578391724929986,0.8396802109588722,-0.9659258262890683,-0.2588190451025208,-0.5000000000000004,-0.8660254037844385,426.99239172493,410.414,506.486,alta_fd,0.0403943133638959,14.1,1.0,-12.338996,414.65339579139726,-12.949943,414.0424491361238
2021-09-28 14:00:00,-1.0672419252924783,0.843768405096265,-0.8660254037844388,-0.4999999999999997,-0.5000000000000004,-0.8660254037844385,366.3622419252925,365.295,439.609,alta_fd,0.0029215891958348,19.0,5.7,2.5566869,368.91892880349684,-0.3287042,366.0335377171569
2021-09-28 15:00:00,-8.971766944769968,0.8086818302431678,-0.7071067811865479,-0.7071067811865471,-0.5000000000000004,-0.8660254037844385,293.75276694477,284.781,342.538,alta_fd,0.0315040924245998,15.0,1.0,-6.705235,287.0475319403449,-7.4413533,286.31141362369453
2021-09-28 16:00:00,-6.025089584530008,0.9393611464877312,-0.5000000000000004,-0.8660254037844385,-0.5000000000000004,-0.8660254037844385,181.01208958453,174.987,207.646,alta_fd,0.034431641119226,15.1,1.0,-7.0569158,173.95517382448972,-7.5962324,173.4158571702844
2021-09-28 17:00:00,-4.249642820529985,0.9958054992000734,-0.25881904510252063,-0.9659258262890683,-0.5000000000000004,-0.8660254037844385,71.43764282052999,67.188,80.654,alta_fd,0.0632500270960585,15.0,1.0,-6.3633394,65.07430339639669,-6.1932874,65.24435544794088
2021-09-29 07:00:00,-3.848195439569999,1.0,-0.25881904510252063,0.9659258262890683,-0.5000000000000004,-0.8660254037844385,63.30219543957,59.454,69.698,alta_fd,0.0647255935609042,8.8,3.6,-5.8782196,57.42397583507781,-4.4331255,58.869069943659355
2021-09-29 08:00:00,-6.446865552092532,0.9282883551447604,-0.4999999999999998,0.8660254037844387,-0.5000000000000004,-0.8660254037844385,177.61086555209252,171.164,199.529,alta_fd,0.0376648451315261,10.0,0.5,-7.8069243,169.8039412089834,-7.836973,169.7738923617849
2021-09-29 09:00:00,-3.655601696692543,0.8472401962522841,-0.7071067811865475,0.7071067811865476,-0.5000000000000004,-0.8660254037844385,286.3126016966925,282.657,330.719,alta_fd,0.012932995456304,13.0,3.6,-0.69657797,285.6160237304793,-3.9366112,282.3759905211554
2021-09-29 10:00:00,-1.1243651173924718,0.832679684793225,-0.8660254037844387,0.49999999999999994,-0.5000000000000004,-0.8660254037844385,369.9003651173925,368.776,435.349,alta_fd,0.0030489107680339,14.4,5.7,2.2148142,372.1151793034887,-0.48472446,369.41564065536016
2021-09-29 11:00:00,-6.766379783680009,0.8832249082182839,-0.9659258262890682,0.258819045102521,-0.5000000000000004,-0.8660254037844385,419.90837978368,413.142,501.664,alta_fd,0.0163778550321197,16.0,3.1,-3.9852965,415.9230832958718,-5.092354,414.8160259628792
2021-09-29 12:00:00,-14.294979796530017,0.8806946614356215,-1.0,1.2246467991473532e-16,-0.5000000000000004,-0.8660254037844385,437.90897979653,423.614,527.054,alta_fd,0.0337452959452001,17.0,1.5,-9.626426,428.28255405342696,-11.289511,426.6194690696013
2021-09-29 13:00:00,-10.358278357280028,0.8761359148414586,-0.9659258262890683,-0.2588190451025208,-0.5000000000000004,-0.8660254037844385,420.90827835728,410.55,506.504,alta_fd,0.0252302480995738,17.6,2.1,-7.3393,413.56897820164033,-8.487217,412.4210614078171
2021-09-29 14:00:00,-11.179846798919982,0.9590025629151252,-0.8660254037844388,-0.4999999999999997,-0.5000000000000004,-0.8660254037844385,309.38884679892,298.209,366.268,alta_fd,0.0374899711240102,18.0,1.5,-9.139573,300.249273701691,-8.9438715,300.4449753008121
2021-09-29 15:00:00,-8.714378841692508,0.9793757880316502,-0.7071067811865479,-0.7071067811865471,-0.5000000000000004,-0.8660254037844385,196.0033788416925,187.289,228.969,alta_fd,0.0465290478442007,19.0,1.0,-8.04455,187.9588288996759,-7.676262,188.32711693983703
2021-09-29 16:00:00,-4.772898953569992,1.0,-0.5000000000000004,-0.8660254037844385,-0.5000000000000004,-0.8660254037844385,93.80489895357,89.032,107.898,alta_fd,0.0536088030547442,18.9,3.1,-4.5288486,89.27605030549871,-5.0590324,88.74586651338446
2021-09-29 17:00:00,-3.52761553733,1.0,-0.25881904510252063,-0.9659258262890683,-0.5000000000000004,-0.8660254037844385,50.21661553733,46.689,56.974,alta_fd,,17.0,2.6,-4.804792,45.411823609992354,-4.1101036,46.106511930152266
2021-09-30 07:00:00,-4.124515963312497,1.0,-0.25881904510252063,0.9659258262890683,-0.5000000000000004,-0.8660254037844385,66.0335159633125,61.909,72.565,alta_fd,0.0666222352697103,8.2,1.0,-6.1361604,59.89735558962475,-4.859559,61.17395690416943
2021-09-30 08:00:00,-5.223084371592506,0.7916275371737636,-0.4999999999999998,0.8660254037844387,-0.5000000000000004,-0.8660254037844385,226.9660843715925,221.743,258.829,alta_fd,0.0235546753295143,12.0,1.0,-6.3563366,220.60974777796457,-6.6851497,220.28093470194528
2021-09-30 09:00:00,1.984338199480021,0.6282128481784497,-0.7071067811865475,0.7071067811865476,-0.5000000000000004,-0.8660254037844385,419.03066180052,421.015,496.188,mixto,0.0047132244682018,14.0,3.1,2.7973762,421.8280379563733,0.5652481,419.5959098726674
2021-09-30 10:00:00,10.006943087999955,0.4724622044235884,-0.8660254037844387,0.49999999999999994,-0.5000000000000004,-0.8660254037844385,590.452056912,600.459,728.08,mixto,0.0166654893806237,16.5,3.6,11.05253,601.5045872006963,10.274599,600.7266559873174
2021-09-30 11:00:00,16.075871454830008,0.4719706261902052,-0.9659258262890682,0.258819045102521,-0.5000000000000004,-0.8660254037844385,644.49612854517,660.572,808.482,mixto,0.0243362895412309,18.0,4.6,16.380058,660.8761868337442,14.046973,658.5431017736246
2021-09-30 12:00:00,9.895839782879987,0.567548314302808,-1.0,1.2246467991473532e-16,-0.5000000000000004,-0.8660254037844385,633.33716021712,643.233,792.808,mixto,0.0153845337270942,18.0,4.1,14.134844,647.4720040434139,10.6930485,644.0302086942928
2021-09-30 13:00:00,10.37321709247999,0.6232655398464426,-0.9659258262890683,-0.2588190451025208,-0.5000000000000004,-0.8660254037844385,577.22478290752,587.598,715.088,mixto,0.0176535949619978,18.0,5.1,16.141884,593.3666667576176,9.07128,586.2960624332768
2021-09-30 14:00:00,2.701699366307537,0.7467343739079729,-0.8660254037844388,-0.4999999999999997,-0.5000000000000004,-0.8660254037844385,465.55530063369247,468.257,565.481,alta_fd,0.0057696934937599,18.0,4.6,3.3804588,468.9357594654796,2.4384937,467.99379436233016
2021-09-30 15:00:00,-2.21978951973,0.8001111770345902,-0.7071067811865479,-0.7071067811865471,-0.5000000000000004,-0.8660254037844385,327.78878951973,325.569,390.866,alta_fd,0.0068181845314818,19.0,3.6,3.378868,331.16765762275736,-0.421188,327.3676015228657
2021-09-30 16:00:00,-3.885115138492495,0.883728602050001,-0.5000000000000004,-0.8660254037844385,-0.5000000000000004,-0.8660254037844385,186.91811513849248,183.033,217.161,alta_fd,0.0212263096736244,18.0,3.1,-4.0376034,182.88051176019658,-5.4823604,181.4357547754859
2021-09-30 17:00:00,-4.073049253320008,0.9918178235227948,-0.25881904510252063,-0.9659258262890683,-0.5000000000000004,-0.8660254037844385,73.57404925332001,69.501,83.748,alta_fd,0.0586041820019856,17.0,2.6,-5.2822156,68.29183365807465,-5.607107,67.96694209084443
2021-10-01 07:00:00,-3.0743953477199994,1.0,-0.25881904510252063,0.9659258262890683,-1.8369701987210297e-16,-1.0,35.15339534772,32.079,38.828,alta_fd,,10.6,0.0,-4.7311463,30.422249012118193,-3.7685874,31.384807996874663
2021-10-01 08:00:00,-5.277841007812526,1.0,-0.4999999999999998,0.8660254037844387,-1.8369701987210297e-16,-1.0,92.31584100781252,87.038,103.025,alta_fd,0.0606383534526589,11.3,0.5,-7.1688724,85.14696865139773,-6.3237343,85.99210672436526
2021-10-01 09:00:00,-7.813059506992488,1.0,-0.7071067811865475,0.7071067811865476,-1.8369701987210297e-16,-1.0,147.44805950699248,139.635,166.261,alta_fd,0.0559534465355569,12.0,1.0,-8.160938,139.28712124405303,-6.932968,140.51509136734404
2021-10-01 10:00:00,-8.038320276232525,0.9969375568257692,-0.8660254037844387,0.49999999999999994,-1.8369701987210297e-16,-1.0,191.8873202762325,183.849,217.293,alta_fd,0.0437224041263891,11.5,4.1,-7.715009,184.1723110637386,-7.0944805,184.79283976170612
2021-10-01 11:00:00,-8.646408514812492,0.9938186205343232,-0.9659258262890682,0.258819045102521,-1.8369701987210297e-16,-1.0,221.29940851481248,212.653,251.145,alta_fd,0.0406597062576709,11.0,5.1,-8.760205,212.53920324595262,-7.540255,213.75915344507982
2021-10-01 12:00:00,-9.1969189375925,0.9936601796633944,-1.0,1.2246467991473532e-16,-1.8369701987210297e-16,-1.0,230.69991893759249,221.503,263.229,alta_fd,0.041520516370399,12.0,4.6,-9.560808,221.1391107558298,-7.815868,222.8840510367441
2021-10-01 13:00:00,-8.879571631249945,0.9933968920371856,-0.9659258262890683,-0.2588190451025208,-1.8369701987210297e-16,-1.0,221.96657163124996,213.087,253.15,alta_fd,0.041671109130308,12.2,4.6,-9.865386,212.10118562203365,-8.169435,213.79713708382565
2021-10-01 14:00:00,-8.352321874529991,0.9964730090098994,-0.8660254037844388,-0.4999999999999997,-1.8369701987210297e-16,-1.0,194.14932187453,185.797,221.254,alta_fd,0.0449540190343761,13.0,3.6,-8.452372,185.69695027723995,-7.513108,186.63621409788814
2021-10-01 15:00:00,-6.709959942370006,1.0,-0.7071067811865479,-0.7071067811865471,-1.8369701987210297e-16,-1.0,151.68695994237,144.977,171.142,alta_fd,0.0462829272392862,12.0,3.6,-5.361585,146.32537480214174,-5.3387966,146.34816332676942
2021-10-01 16:00:00,-4.696112420479992,1.0,-0.5000000000000004,-0.8660254037844385,-1.8369701987210297e-16,-1.0,97.17511242048,92.479,108.816,alta_fd,0.0507803114272428,12.0,4.1,-4.461577,92.71353548185085,-4.2842274,92.89088504926418
2021-10-01 17:00:00,-3.076157082812493,1.0,-0.25881904510252063,-0.9659258262890683,-1.8369701987210297e-16,-1.0,39.069157082812495,35.993,43.575,alta_fd,,13.0,3.1,-4.5284157,34.540741402880855,-3.5711122,35.49804492689819
2021-10-02 07:00:00,-3.0587253821325007,1.0,-0.25881904510252063,0.9659258262890683,-1.8369701987210297e-16,-1.0,36.1727253821325,33.114,39.777,alta_fd,,9.4,0.5,-4.546716,31.62600916890618,-4.2972145,31.875510874075857
2021-10-02 08:00:00,-4.774359650792505,1.0,-0.4999999999999998,0.8660254037844387,-1.8369701987210297e-16,-1.0,94.48035965079252,89.706,104.941,alta_fd,0.0532223000779491,10.0,2.6,-5.0514555,89.42890415305082,-4.924679,89.55568084830229
2021-10-02 09:00:00,-7.935801150079982,1.0,-0.7071067811865475,0.7071067811865476,-1.8369701987210297e-16,-1.0,150.26880115007998,142.333,168.176,alta_fd,0.0557551737831703,10.0,1.0,-8.082862,142.1859392497504,-6.932968,143.33583301043154
2021-10-02 10:00:00,-8.92459023783249,0.9969463505075998,-0.8660254037844387,0.49999999999999994,-1.8369701987210297e-16,-1.0,193.5375902378325,184.613,219.213,alta_fd,0.0483421548744264,11.5,2.6,-8.349907,185.18768331644577,-8.150141,185.3874494755034
2021-10-02 11:00:00,-9.758153923250036,0.9938368059941318,-0.9659258262890682,0.258819045102521,-1.8369701987210297e-16,-1.0,221.20215392325,211.444,253.07,alta_fd,0.0461500630107737,13.0,3.1,-10.384792,210.81736159536914,-9.193377,212.0087773821123
2021-10-02 12:00:00,-11.193012151880026,0.9936810343812608,-1.0,1.2246467991473532e-16,-1.8369701987210297e-16,-1.0,230.69201215188,219.499,265.156,alta_fd,0.0509934539650751,13.8,2.1,-12.393272,218.29873975197765,-10.206672,220.48534043709728
2021-10-02 13:00:00,-10.696336238132488,0.9934228485524288,-0.9659258262890683,-0.2588190451025208,-1.8369701987210297e-16,-1.0,221.4063362381325,210.71,255.073,alta_fd,0.0507633061465164,14.7,2.1,-12.133142,209.27319376681902,-10.304362,211.1019739410744
2021-10-02 14:00:00,-9.153503370880005,0.9762780449492962,-0.8660254037844388,-0.4999999999999997,-1.8369701987210297e-16,-1.0,258.76450337088,249.611,300.144,alta_fd,0.036671073674157,15.0,2.6,-8.067095,250.69740856802355,-8.065282,250.69922150289904
2021-10-02 15:00:00,-6.332082225479951,0.9615017904186683,-0.7071067811865479,-0.7071067811865471,-1.8369701987210297e-16,-1.0,245.45408222548,239.122,285.316,alta_fd,0.0264805506205198,16.0,3.1,-3.5771885,241.8768937336587,-5.7038264,239.75025579802028
2021-10-02 16:00:00,-3.663941962492487,0.9420412823373512,-0.5000000000000004,-0.8660254037844385,-1.8369701987210297e-16,-1.0,184.1479419624925,180.484,211.511,alta_fd,0.0203006469409614,15.3,4.6,-3.804035,180.3439070141435,-4.739524,179.40841807485822
2021-10-02 17:00:00,-3.9271977246325065,0.9958820078238036,-0.25881904510252063,-0.9659258262890683,-1.8369701987210297e-16,-1.0,74.9441977246325,71.017,84.323,alta_fd,0.0552994033067083,14.0,3.6,-6.257498,68.68669993715692,-5.9941397,68.95005805330682
2021-10-03 07:00:00,-3.12657005933,1.0,-0.25881904510252063,0.9659258262890683,-1.8369701987210297e-16,-1.0,37.01757005933,33.891,40.726,alta_fd,,9.5,0.0,-4.727409,32.29016117337419,-3.7924948,33.22507528546525
2021-10-03 08:00:00,-5.667626593480023,1.0,-0.4999999999999998,0.8660254037844387,-1.8369701987210297e-16,-1.0,95.31862659348002,89.651,105.884,alta_fd,0.0632187771857539,10.0,0.0,-7.093169,88.22545738113871,-5.927333,89.39129371536723
2021-10-03 09:00:00,-9.097288464232491,1.0,-0.7071067811865475,0.7071067811865476,-1.8369701987210297e-16,-1.0,149.9202884642325,140.823,169.107,alta_fd,0.0646008710525446,12.0,0.0,-9.423459,140.49682941119295,-7.0507817,142.86950673739534
2021-10-03 10:00:00,-10.53188325299996,0.9969418447473344,-0.8660254037844387,0.49999999999999994,-1.8369701987210297e-16,-1.0,193.27388325299995,182.742,220.14,alta_fd,0.0576325270217025,12.9,1.0,-11.106931,182.1669525202729,-10.578959,182.6949237879731
2021-10-03 11:00:00,-12.303360309032511,0.9938316222777288,-0.9659258262890682,0.258819045102521,-1.8369701987210297e-16,-1.0,221.1133603090325,208.81,253.997,alta_fd,0.0589213175088957,14.0,1.0,-14.539396,206.57396402302174,-12.810804,208.30255594196706
2021-10-03 12:00:00,-10.133992848312433,0.993655760275864,-1.0,1.2246467991473532e-16,-1.8369701987210297e-16,-1.0,229.53799284831243,219.404,265.085,alta_fd,0.0461887333335419,15.0,3.1,-10.802242,218.7357505692597,-9.176074,220.3619188202973
2021-10-03 13:00:00,-9.401933025570033,0.9933988757716448,-0.9659258262890683,-0.2588190451025208,-1.8369701987210297e-16,-1.0,221.25893302557003,211.857,255.002,alta_fd,0.0443786753591811,14.8,3.6,-10.424759,210.83417411443722,-8.768162,212.4907712518884
2021-10-03 14:00:00,-8.102748386119998,0.996478299172922,-0.8660254037844388,-0.4999999999999997,-1.8369701987210297e-16,-1.0,194.19674838612,186.094,223.108,alta_fd,0.0435411586946381,15.0,4.1,-8.374009,185.82273925373474,-7.0482817,187.1484667165033
2021-10-03 15:00:00,-7.341404539249993,1.0,-0.7071067811865479,-0.7071067811865471,-1.8369701987210297e-16,-1.0,151.52240453925,144.181,173.01,alta_fd,0.0509179749013392,15.0,2.1,-6.930933,144.59147154059278,-6.2774653,145.24493919577466
2021-10-03 16:00:00,-5.2092353143324885,1.0,-0.5000000000000004,-0.8660254037844385,-1.8369701987210297e-16,-1.0,96.85423531433248,91.645,109.737,alta_fd,0.0568414568643405,15.0,1.5,-6.9604764,89.89375891586447,-6.149163,90.70507254501486
2021-10-03 17:00:00,-3.120209870312493,1.0,-0.25881904510252063,-0.9659258262890683,-1.8369701987210297e-16,-1.0,39.763209870312494,36.643,44.525,alta_fd,,14.0,2.6,-4.0148926,35.748317292187494,-3.4844005,36.27880935952453
2021-10-04 06:00:00,-3.9713729798125,1.0,6.123233995736766e-17,1.0,-1.8369701987210297e-16,-1.0,10.4843729798125,6.513,11.345,alta_fd,,6.0,1.0,-3.8137016,6.670671350173828,-3.6460645,6.838308459930298
2021-10-04 07:00:00,-10.572993394769997,0.803721586036779,-0.25881904510252063,0.9659258262890683,-1.8369701987210297e-16,-1.0,126.97899339477,116.406,141.438,alta_fd,0.0908285947010462,9.6,0.5,-9.230607,117.74838636199412,-10.230303,116.74869058410106
2021-10-04 08:00:00,-2.9891362781324915,0.4898862795291247,-0.4999999999999998,0.8660254037844387,-1.8369701987210297e-16,-1.0,339.2141362781325,336.225,394.977,mixto,0.0088902856067588,13.0,1.0,-5.221509,333.99262729833515,-5.433891,333.78024545858295
2021-10-04 09:00:00,-6.305494116929936,0.3149596131536369,-0.7071067811865475,0.7071067811865476,-1.8369701987210297e-16,-1.0,540.62649411693,534.321,656.214,mixto,0.0118009475894264,15.0,1.0,-5.9902334,534.6362606956043,-6.028682,534.5978118850269
2021-10-04 10:00:00,-4.676099244680017,0.2249569682671247,-0.8660254037844387,0.49999999999999994,-1.8369701987210297e-16,-1.0,682.70709924468,678.031,859.764,baja_fd,0.006896586210188,17.3,1.5,-5.4459953,677.2611039138694,-4.722264,677.9848354316612
2021-10-04 11:00:00,-9.371111322532329,0.2722737569146414,-0.9659258262890682,0.258819045102521,-1.8369701987210297e-16,-1.0,737.6351113225323,728.264,951.953,baja_fd,0.0128677393397618,20.0,1.5,-6.6293826,731.0057287122113,-6.2208962,731.4142150784833
2021-10-04 12:00:00,12.079197887630016,0.4369547920366056,-1.0,1.2246467991473532e-16,-1.8369701987210297e-16,-1.0,669.8988021123699,681.978,861.358,mixto,0.0177120052078366,22.0,3.6,13.7478485,683.6466506231121,12.498676,682.3974784124188
2021-10-04 13:00:00,-4.851991672320025,0.7889881646754981,-0.9659258262890683,-0.2588190451025208,-1.8369701987210297e-16,-1.0,428.30199167232,423.45,529.952,alta_fd,0.0114582398685087,23.5,3.1,-3.3648045,424.93718716601813,-3.3455815,424.95641014079536
2021-10-04 14:00:00,-5.309957727492531,0.9593739649269218,-0.8660254037844388,-0.4999999999999997,-1.8369701987210297e-16,-1.0,310.3079577274925,304.998,375.439,alta_fd,0.0174098116298878,23.0,4.6,-2.0341039,308.2738538571007,-4.5166173,305.7913404293663
2021-10-04 15:00:00,-6.05788920492995,0.9795850712992168,-0.7071067811865479,-0.7071067811865471,-1.8369701987210297e-16,-1.0,198.92788920492995,192.87,235.414,alta_fd,0.0314091834133351,22.0,4.1,-3.197761,195.73012814612258,-4.432611,194.495278216313
2021-10-04 16:00:00,-4.752566350880002,1.0,-0.5000000000000004,-0.8660254037844385,-1.8369701987210297e-16,-1.0,96.33556635088,91.583,111.656,alta_fd,0.0518935430252339,20.7,4.1,-4.3712707,91.96429569429431,-4.547325,91.78824121660266
2021-10-04 17:00:00,-3.2583626203125107,1.0,-0.25881904510252063,-0.9659258262890683,-1.8369701987210297e-16,-1.0,39.66836262031251,36.41,45.475,alta_fd,,20.0,1.0,-5.3201003,34.34826231284791,-4.3170342,35.351328375775154
2021-10-05 06:00:00,-3.944292579812501,1.0,6.123233995736766e-17,1.0,-1.8369701987210297e-16,-1.0,10.3672925798125,6.423,11.345,alta_fd,,9.0,2.1,-2.840155,7.527137693566772,-2.724836,7.642456468743774
2021-10-05 07:00:00,-11.547288411569994,0.7705930985993309,-0.25881904510252063,0.9659258262890683,-1.8369701987210297e-16,-1.0,136.52128841157,124.974,153.102,alta_fd,0.0923975259779633,11.0,0.5,-9.473348,127.0479407476906,-10.36979,126.15149833436053
2021-10-05 08:00:00,-2.653858458592481,0.4723714770337932,-0.4999999999999998,0.8660254037844387,-1.8369701987210297e-16,-1.0,342.7068584585925,340.053,404.379,mixto,0.0078042495099072,16.0,1.0,-5.452939,337.2539194250842,-5.283674,337.42318469531733
2021-10-05 09:00:00,-13.342230201932466,0.3225704131655316,-0.7071067811865475,0.7071067811865476,-1.8369701987210297e-16,-1.0,531.5622302019325,518.22,656.167,mixto,0.0257462664542712,19.0,0.5,-12.410077,519.1521531069008,-11.443956,520.1182738268104
2021-10-05 10:00:00,-4.388576087680008,0.2436161063126913,-0.8660254037844387,0.49999999999999994,-1.8369701987210297e-16,-1.0,668.60557608768,664.217,856.464,baja_fd,0.0066071420750748,21.3,1.5,-5.0642824,663.5412936703826,-4.6414924,663.9640837208892
2021-10-05 11:00:00,-7.896985749892451,0.1962314210797401,-0.9659258262890682,0.258819045102521,-1.8369701987210297e-16,-1.0,747.6119857498925,739.715,982.001,baja_fd,0.0106757139572571,23.0,1.5,-8.623734,738.9882512757104,-6.6866,740.92538554161
2021-10-05 12:00:00,-8.76737108573002,0.1916272727955069,-1.0,1.2246467991473532e-16,-1.8369701987210297e-16,-1.0,762.79237108573,754.025,1027.034,baja_fd,0.0116274275862604,27.0,1.5,-6.1185627,756.6738083873657,-9.609503,753.1828682933716
2021-10-05 13:00:00,24.655161114187425,0.1786946575549161,-0.9659258262890683,-0.2588190451025208,-1.8369701987210297e-16,-1.0,738.6738388858125,763.329,991.265,baja_fd,0.0322995210639022,27.4,3.6,24.54579,763.2196286044405,23.403688,762.0775273165987
2021-10-05 14:00:00,25.53867845066759,0.183675125636913,-0.8660254037844388,-0.4999999999999997,-1.8369701987210297e-16,-1.0,654.0293215493324,679.568,868.737,baja_fd,0.0375807549070403,29.0,4.1,24.819557,678.8488787392738,25.903893,679.9332140664222
2021-10-05 15:00:00,13.014043480750049,0.2595211242368356,-0.7071067811865479,-0.7071067811865471,-1.8369701987210297e-16,-1.0,522.01495651925,535.029,674.69,baja_fd,0.0243239964202875,29.0,3.1,14.019053,536.0340099784174,13.481756,535.4967127295771
2021-10-05 16:00:00,9.544027742207504,0.3297050823115962,-0.5000000000000004,-0.8660254037844385,-1.8369701987210297e-16,-1.0,338.17097225779247,347.715,421.691,mixto,0.0274478459146355,28.7,5.1,9.789885,347.9608568250532,9.4621525,347.6331247388716
2021-10-05 17:00:00,-10.169461764369998,0.5149711736006758,-0.25881904510252063,-0.9659258262890683,-1.8369701987210297e-16,-1.0,138.85346176437,128.684,166.242,mixto,0.0790266215253644,27.0,4.1,-8.185263,130.66819908431629,-8.594954,130.2585082273827
2021-10-05 18:00:00,-3.6521833708325016,1.0,-1.8369701987210297e-16,-1.0,-1.8369701987210297e-16,-1.0,12.1791833708325,8.527,14.187,alta_fd,,25.0,3.1,-4.2178173,7.961366064313946,-4.1883082,7.9908751318493465
2021-10-06 06:00:00,-4.560746341292499,1.0,6.123233995736766e-17,1.0,-1.8369701987210297e-16,-1.0,12.1427463412925,7.582,13.241,alta_fd,,8.0,1.0,-3.7502725,8.392473828856588,-3.6223707,8.520375621382833
2021-10-06 07:00:00,-10.542983303312525,0.7973316747778287,-0.25881904510252063,0.9659258262890683,-1.8369701987210297e-16,-1.0,140.29698330331252,129.754,158.165,alta_fd,0.0812536284300486,12.2,1.0,-9.039296,131.257687153105,-9.776347,130.52063614297316
2021-10-06 08:00:00,-2.235289480319977,0.435407768791558,-0.4999999999999998,0.8660254037844387,-1.8369701987210297e-16,-1.0,352.48128948032,350.246,418.352,mixto,0.0063820556989087,17.0,1.0,-5.6023817,346.8789077740822,-5.2367697,347.2445198041115
2021-10-06 09:00:00,-23.716684996532532,0.2931218463240435,-0.7071067811865475,0.7071067811865476,-1.8369701987210297e-16,-1.0,539.5306849965325,515.814,673.247,baja_fd,0.0459791416993965,21.0,0.0,-18.734552,520.7961326131096,-20.163538,519.3671470174065
2021-10-06 10:00:00,-3.7879157492500326,0.2199820870603867,-0.8660254037844387,0.49999999999999994,-1.8369701987210297e-16,-1.0,670.20291574925,666.415,868.79,baja_fd,0.0056840193411763,23.6,1.5,-4.975527,665.2273889395576,-5.2483897,664.9545260283332
2021-10-06 11:00:00,19.18020621666756,0.1903305961399992,-0.9659258262890682,0.258819045102521,-1.8369701987210297e-16,-1.0,752.2427937833324,771.423,1003.887,baja_fd,0.0248634098499364,25.8,3.1,15.192337,767.4351308194653,14.503184,766.7459781018749
2021-10-06 12:00:00,36.53967585696751,0.1590557239699619,-1.0,1.2246467991473532e-16,-1.8369701987210297e-16,-1.0,769.2393241430325,805.779,1042.947,baja_fd,0.0453470192906088,28.0,4.6,32.9279,802.1672225500149,33.265972,802.5052962804837
2021-10-06 13:00:00,48.5716496828677,0.146837160454881,-0.9659258262890683,-0.2588190451025208,-1.8369701987210297e-16,-1.0,746.9223503171323,795.494,1009.127,baja_fd,0.0610584739581539,28.3,6.7,47.663975,794.5863250790952,46.16034,793.0826896726011
2021-10-06 14:00:00,42.16893523631995,0.1493315865134745,-0.8660254037844388,-0.4999999999999997,-1.8369701987210297e-16,-1.0,668.86706476368,711.036,886.664,baja_fd,0.0593063294071185,28.0,7.2,41.52777,710.3948357597737,41.73501,710.6020730034261
2021-10-06 15:00:00,29.43078124171996,0.2015925971634624,-0.7071067811865479,-0.7071067811865471,-1.8369701987210297e-16,-1.0,532.2942187582801,561.725,686.004,baja_fd,0.0523935755782989,28.0,7.7,28.374098,560.6683165823767,29.611984,561.9062030112098
2021-10-06 16:00:00,12.286568315867498,0.3081824859326561,-0.5000000000000004,-0.8660254037844385,-1.8369701987210297e-16,-1.0,347.5344316841325,359.821,429.777,mixto,0.0341463347494101,26.5,7.2,11.488447,359.0228788734636,12.995128,360.52955936205
2021-10-06 17:00:00,-10.19313138452003,0.4994659786266829,-0.25881904510252063,-0.9659258262890683,-1.8369701987210297e-16,-1.0,143.10313138452003,132.91,170.012,mixto,0.0766919824281094,25.0,5.7,-7.357934,135.74519738641212,-7.4691553,135.63397607293555
2021-10-06 18:00:00,-3.6035395658124982,1.0,-1.8369701987210297e-16,-1.0,-1.8369701987210297e-16,-1.0,13.043539565812498,9.44,15.135,alta_fd,,24.0,5.1,-5.2743497,7.769189876328856,-4.174934,8.868605655442625
2021-10-07 06:00:00,-4.173669989992501,1.0,6.123233995736766e-17,1.0,-1.8369701987210297e-16,-1.0,13.0106699899925,8.837,14.189,alta_fd,,8.0,2.1,-2.840155,10.170515103746773,-2.7531242,10.257545752931954
2021-10-07 07:00:00,-10.57373080733248,0.7933469717036409,-0.25881904510252063,0.9659258262890683,-1.8369701987210297e-16,-1.0,144.13373080733248,133.56,162.513,alta_fd,0.079168394783861,12.1,1.0,-9.039296,135.09443465712496,-9.776347,134.35738364699313
2021-10-07 08:00:00,0.114657617187504,0.4393108655104696,-0.4999999999999998,0.8660254037844387,-1.8369701987210297e-16,-1.0,354.0943423828125,354.209,420.375,mixto,0.0003237004626858,17.0,1.5,-3.5244176,350.5699247440338,-1.8446198,352.24972263183594
2021-10-07 09:00:00,-24.19552679168009,0.2922639637619214,-0.7071067811865475,0.7071067811865476,-1.8369701987210297e-16,-1.0,544.4945267916801,520.299,676.864,baja_fd,0.0465031199208149,20.0,0.0,-18.32745,526.1670769930961,-20.523613,523.9709138156059
2021-10-07 10:00:00,5.211074762999942,0.2041721781805387,-0.8660254037844387,0.49999999999999994,-1.8369701987210297e-16,-1.0,680.164925237,685.376,876.82,baja_fd,0.0076032349586211,22.1,2.1,2.860819,683.0257443383337,2.3795393,682.5444644883275
2021-10-07 11:00:00,24.654162702719876,0.1702760545214163,-0.9659258262890682,0.258819045102521,-1.8369701987210297e-16,-1.0,759.2468372972801,783.901,1005.104,baja_fd,0.0314506075419215,24.0,3.6,20.312607,779.5594441088035,22.286259,781.5330959947898
2021-10-07 12:00:00,31.22507733426994,0.1439952687457647,-1.0,1.2246467991473532e-16,-1.8369701987210297e-16,-1.0,778.78592266573,810.011,1041.034,baja_fd,0.0385489546861338,25.0,4.1,25.484735,804.2706581546216,28.151741,806.9376636935621
2021-10-07 13:00:00,34.535903036207515,0.1533834196635495,-0.9659258262890683,-0.2588190451025208,-1.8369701987210297e-16,-1.0,752.2510969637925,786.787,1006.059,baja_fd,0.0438948572310009,26.2,4.6,33.135,785.3860952853257,33.825775,786.0768721102769
2021-10-07 14:00:00,30.236011684320037,0.1417886268511126,-0.8660254037844388,-0.4999999999999997,-1.8369701987210297e-16,-1.0,673.15698831568,703.393,888.536,baja_fd,0.0429859433976738,27.0,4.6,28.036835,701.1938230324769,30.761751,703.9187394906068
2021-10-07 15:00:00,26.069773557607505,0.199943031398595,-0.7071067811865479,-0.7071067811865471,-1.8369701987210297e-16,-1.0,539.4922264423925,565.562,689.501,baja_fd,0.0460953415498345,26.0,6.2,25.704353,565.196579774912,28.483824,567.9760502186376
2021-10-07 16:00:00,11.78644641900746,0.3064658935907643,-0.5000000000000004,-0.8660254037844385,-1.8369701987210297e-16,-1.0,350.4305535809925,362.217,430.661,mixto,0.0325397383861261,25.0,6.7,8.907601,359.33815493749887,12.621672,363.05222525762827
2021-10-07 17:00:00,-10.264982204680024,0.498455926217946,-0.25881904510252063,-0.9659258262890683,-1.8369701987210297e-16,-1.0,145.45498220468002,135.19,171.436,mixto,0.0759300407181006,23.0,5.7,-7.2287645,138.22621767068344,-7.245424,138.2095584108873
2021-10-07 18:00:00,-3.3878622597299994,1.0,-1.8369701987210297e-16,-1.0,-1.8369701987210297e-16,-1.0,13.19886225973,9.811,15.134,alta_fd,,21.0,5.7,-5.3036933,7.895168965204853,-4.0664244,9.132437889917988
2021-10-08 06:00:00,-4.292471697332498,1.0,6.123233995736766e-17,1.0,-1.8369701987210297e-16,-1.0,13.930471697332498,9.638,15.137,alta_fd,,7.0,0.0,-4.2295957,9.700876036169168,-3.8892272,10.04124454546177
2021-10-08 07:00:00,-11.488272846432494,0.7924415891052908,-0.25881904510252063,0.9659258262890683,-1.8369701987210297e-16,-1.0,145.6492728464325,134.161,164.517,alta_fd,0.0856304950502194,12.5,0.0,-9.944045,135.705227779599,-10.964287,134.68498604223328
2021-10-08 08:00:00,-5.541009413170002,0.4774811452645471,-0.4999999999999998,0.8660254037844387,-1.8369701987210297e-16,-1.0,350.12600941317,344.585,413.618,mixto,0.0160802397468549,16.0,0.5,-7.4844046,342.6416048492662,-7.72795,342.3980593170396
2021-10-08 09:00:00,6.445085994007513,0.3702691219345873,-0.7071067811865475,0.7071067811865476,-1.8369701987210297e-16,-1.0,513.3739140059924,519.819,631.661,mixto,0.0123987118477922,19.0,2.6,5.203238,518.5771520163989,6.5787644,519.9526784446216
2021-10-08 10:00:00,10.504521781807512,0.4737868729856165,-0.8660254037844387,0.49999999999999994,-1.8369701987210297e-16,-1.0,600.1904782181925,610.695,754.219,mixto,0.0172009297305651,20.1,3.6,11.334823,611.5253008729167,10.890661,611.0811394578166
2021-10-08 11:00:00,13.288498830267486,0.5106122273858561,-0.9659258262890682,0.258819045102521,-1.8369701987210297e-16,-1.0,650.4735011697325,663.762,829.007,mixto,0.0200199752776861,21.0,4.1,16.04444,666.5179404855284,12.329035,662.8025359750303
2021-10-08 12:00:00,18.64847753106756,0.5654173174381774,-1.0,1.2246467991473532e-16,-1.8369701987210297e-16,-1.0,633.8805224689324,652.529,813.233,mixto,0.0285787720255614,23.0,5.7,21.25292,655.1334426196893,17.708235,651.5887572559197
2021-10-08 13:00:00,7.37980131230745,0.6301733631075707,-0.9659258262890683,-0.2588190451025208,-1.8369701987210297e-16,-1.0,579.7371986876925,587.117,736.281,mixto,0.012569558218051,23.1,4.1,12.928622,592.6658209334811,6.62414,586.3613384734591
2021-10-08 14:00:00,8.237213856829896,0.5983069010596087,-0.8660254037844388,-0.4999999999999997,-1.8369701987210297e-16,-1.0,511.5567861431701,519.794,644.118,mixto,0.0158470737577384,24.0,4.6,13.680676,525.2374626034361,8.320536,519.8773218029601
2021-10-08 15:00:00,6.268406064830003,0.5783019018342717,-0.7071067811865479,-0.7071067811865471,-1.8369701987210297e-16,-1.0,402.56259393517,408.831,496.982,mixto,0.0153325116364219,24.0,5.1,8.695178,411.2577719670914,4.5006104,407.0632042867325
2021-10-08 16:00:00,0.5001591335075091,0.6838514577802111,-0.5000000000000004,-0.8660254037844385,-1.8369701987210297e-16,-1.0,258.3708408664925,258.871,309.961,mixto,0.0019320786550347,23.0,4.6,-0.82903844,257.5418024253113,-4.033236,254.33760483972856
2021-10-08 17:00:00,-5.647523263250008,0.8147909565947141,-0.25881904510252063,-0.9659258262890683,-1.8369701987210297e-16,-1.0,107.34552326325,101.698,124.77,alta_fd,0.0555322942756987,21.0,4.6,-7.39985,99.9456733715874,-7.362718,99.98280515793384
2021-10-08 18:00:00,-2.9109503614925,1.0,-1.8369701987210297e-16,-1.0,-1.8369701987210297e-16,-1.0,10.8059503614925,7.895,12.289,alta_fd,,19.0,2.6,-3.8949404,6.911009985210761,-3.9527507,6.853199678661689
2021-10-09 07:00:00,-3.33104657533,1.0,-0.25881904510252063,0.9659258262890683,-1.8369701987210297e-16,-1.0,43.88604657533,40.555,48.326,alta_fd,,9.5,0.5,-5.4058456,38.480200933240155,-4.4434204,39.44262616517375
2021-10-09 08:00:00,-6.100542211632501,0.9929134908076128,-0.4999999999999998,0.8660254037844387,-1.8369701987210297e-16,-1.0,135.6945422116325,129.594,153.973,alta_fd,0.0470742643303895,14.0,1.0,-8.216677,127.47786549959636,-7.97908,127.71546201143718
2021-10-09 09:00:00,-11.26049564749249,0.950885418576266,-0.7071067811865475,0.7071067811865476,-1.8369701987210297e-16,-1.0,252.7194956474925,241.459,295.311,alta_fd,0.046635228537733,17.0,0.5,-8.582812,244.13668333822736,-8.884735,243.83476054007062
2021-10-09 10:00:00,-10.90060700557001,0.8292485784041632,-0.8660254037844387,0.49999999999999994,-1.8369701987210297e-16,-1.0,381.16560700557,370.265,459.702,alta_fd,0.0294400145991924,19.6,1.5,-7.719162,373.4464450182653,-9.390835,371.7747721972204
2021-10-09 11:00:00,-8.255256215879967,0.8831974312596702,-0.9659258262890682,0.258819045102521,-1.8369701987210297e-16,-1.0,429.07225621588,420.817,527.356,alta_fd,0.0196172117948656,22.0,2.6,-4.994781,424.0774751985765,-5.410902,423.66135419256454
2021-10-09 12:00:00,-4.591132802079983,0.880629510547718,-1.0,1.2246467991473532e-16,-1.8369701987210297e-16,-1.0,440.76013280208,436.169,550.376,alta_fd,0.0105260410576633,25.0,3.6,-0.7062042,440.0539286261309,-0.43391997,440.32621283585917
2021-10-09 13:00:00,-0.9898227084924542,0.8776860878517097,-0.9659258262890683,-0.2588190451025208,-1.8369701987210297e-16,-1.0,422.2208227084925,421.231,526.439,alta_fd,0.0023498334844597,25.4,5.1,2.6525033,424.8733259605219,0.86316746,423.08399017322563
2021-10-09 14:00:00,0.5212900065199619,0.8721190376040776,-0.8660254037844388,-0.4999999999999997,-1.8369701987210297e-16,-1.0,371.1827099934801,371.704,459.884,alta_fd,0.0014024331363664,26.0,6.7,6.1820593,377.364769281505,2.571915,373.75462490475024
2021-10-09 15:00:00,-2.076723563312441,0.811505851200952,-0.7071067811865479,-0.7071067811865471,-1.8369701987210297e-16,-1.0,292.49272356331244,290.416,357.515,alta_fd,0.007150857953117,26.0,4.6,1.9614285,294.4541520863761,-3.318941,289.17378244697943
2021-10-09 16:00:00,-3.4587070566325053,0.9387786009114594,-0.5000000000000004,-0.8660254037844385,-1.8369701987210297e-16,-1.0,186.3197070566325,182.861,223.427,alta_fd,0.0189144052402234,25.6,4.6,-3.7131631,182.60654391919658,-4.9676437,181.35206331883953
2021-10-09 17:00:00,-3.923584409119997,0.9883438048375596,-0.25881904510252063,-0.9659258262890683,-1.8369701987210297e-16,-1.0,79.54558440912,75.622,93.208,alta_fd,0.0518841661040437,24.0,5.1,-6.197439,73.34814521539441,-6.1606646,73.38491985070935
2021-10-10 07:00:00,-3.322566090632506,1.0,-0.25881904510252063,0.9659258262890683,-1.8369701987210297e-16,-1.0,45.2565660906325,41.934,50.227,alta_fd,,11.5,1.5,-4.144039,41.11252693657976,-3.427177,41.829389138270436
2021-10-10 08:00:00,-5.618586570492496,1.0,-0.4999999999999998,0.8660254037844387,-1.8369701987210297e-16,-1.0,103.8185865704925,98.2,116.361,alta_fd,0.0572157491903512,12.0,1.0,-7.6975503,96.12103627370905,-6.418143,97.40044377492976
2021-10-10 09:00:00,-8.033876046692512,0.9969439647990348,-0.7071067811865475,0.7071067811865476,-1.8369701987210297e-16,-1.0,158.74387604669252,150.71,179.281,alta_fd,0.0533068545331597,12.0,1.5,-7.37482,151.36905581430116,-6.5351295,152.20874649957338
2021-10-10 10:00:00,-10.391291280812482,0.996969731971474,-0.8660254037844387,0.49999999999999994,-1.8369701987210297e-16,-1.0,201.9472912808125,191.556,230.585,alta_fd,0.0542467543737209,13.2,1.5,-10.254194,191.69309702116894,-9.267407,192.67988386351513
2021-10-10 11:00:00,-12.110435845312509,0.5305393991978276,-0.9659258262890682,0.258819045102521,-1.8369701987210297e-16,-1.0,565.1494358453125,553.039,686.075,mixto,0.0218979779822264,14.1,1.5,-8.45872,556.6907156380981,-7.522267,557.6271689805359
2021-10-10 12:00:00,8.294971379630056,0.4087554489663601,-1.0,1.2246467991473532e-16,-1.8369701987210297e-16,-1.0,743.64202862037,751.937,936.958,mixto,0.0110314712264858,15.0,3.1,10.800658,754.4426868463831,9.410946,753.0529745127039
2021-10-10 13:00:00,14.351125983607515,0.2576343959876329,-0.9659258262890683,-0.2588190451025208,-1.8369701987210297e-16,-1.0,772.9068740163925,787.258,990.451,baja_fd,0.0182292539213415,17.2,3.1,15.256927,788.1638005529526,14.065994,786.9728682790878
2021-10-10 14:00:00,7.658217163507516,0.2680310897129875,-0.8660254037844388,-0.4999999999999997,-1.8369701987210297e-16,-1.0,669.0877828364925,676.746,843.289,baja_fd,0.0113162355795342,18.0,2.6,9.345554,678.4333371882991,8.939184,678.0269670253352
2021-10-10 15:00:00,15.714104812687538,0.3750988865579081,-0.7071067811865479,-0.7071067811865471,-1.8369701987210297e-16,-1.0,499.1038951873125,514.818,612.555,mixto,0.0305236118641685,19.0,5.7,15.8932905,514.9971857070268,15.407597,514.5114917754472
2021-10-10 16:00:00,3.776320606079992,0.567700219038171,-0.5000000000000004,-0.8660254037844385,-1.8369701987210297e-16,-1.0,294.82167939392,298.598,347.632,mixto,0.0126468382443284,17.6,6.2,1.9867247,296.80840412822636,-1.1925805,293.62909893241795
2021-10-10 17:00:00,-5.254729640492499,0.8302496240558298,-0.25881904510252063,-0.9659258262890683,-1.8369701987210297e-16,-1.0,105.0077296404925,99.753,119.111,alta_fd,0.0526774096066534,15.0,6.7,-6.570334,98.43739568282038,-7.100993,97.9067364840594
2021-10-11 07:00:00,-4.695154473732487,0.9735227674662058,-0.25881904510252063,0.9659258262890683,-1.8369701987210297e-16,-1.0,87.65315447373249,82.958,97.457,alta_fd,0.0565967655166769,10.5,1.5,-6.500398,81.15275631470539,-6.657238,80.99591646714069
2021-10-11 08:00:00,-6.782223272032496,0.978332652950378,-0.4999999999999998,0.8660254037844387,-1.8369701987210297e-16,-1.0,198.7752232720325,191.993,225.947,alta_fd,0.0353253674458573,12.2,1.0,-7.4303837,191.34483958978151,-7.507611,191.2676124741504
2021-10-11 09:00:00,-5.1062504565200015,0.8737742778540095,-0.7071067811865475,0.7071067811865476,-1.8369701987210297e-16,-1.0,308.78825045652,303.682,359.388,alta_fd,0.0168144653174043,14.0,3.1,-1.2155137,307.57273675031274,-5.014492,303.7737584216079
2021-10-11 10:00:00,-5.450113280369976,0.890001555268773,-0.8660254037844387,0.49999999999999994,-1.8369701987210297e-16,-1.0,390.38011328037,384.93,461.742,alta_fd,0.0141587127019717,14.8,3.6,-0.4613877,389.918725586488,-1.8359308,388.5441824560902
2021-10-11 11:00:00,22.68854770746748,0.4028301874588822,-0.9659258262890682,0.258819045102521,-1.8369701987210297e-16,-1.0,749.8664522925325,772.555,945.953,mixto,0.0293681973548387,15.0,4.6,22.327454,772.1939059058137,19.018461,768.8849135199495
2021-10-11 12:00:00,-4.683697219332544,0.7961437478941265,-1.0,1.2246467991473532e-16,-1.8369701987210297e-16,-1.0,470.2396972193325,465.556,566.513,alta_fd,0.0100604378835898,16.0,3.6,-2.5372343,467.7024629129971,-1.3323357,468.907361508807
2021-10-11 13:00:00,-9.04296003125006,0.8779518578664306,-0.9659258262890683,-0.2588190451025208,-1.8369701987210297e-16,-1.0,439.4209600312501,430.378,529.95,alta_fd,0.0210116688846782,17.4,2.6,-5.728935,433.69202526638804,-5.9846444,433.4363156182557
2021-10-11 14:00:00,-6.335962181119953,0.8725354801073201,-0.8660254037844388,-0.4999999999999997,-1.8369701987210297e-16,-1.0,388.18596218112,381.85,463.392,alta_fd,0.016592803931177,17.0,3.1,-2.3484972,385.8374650287915,-3.7489915,384.4369706917096
2021-10-11 15:00:00,-2.208742187332461,0.8120131642500326,-0.7071067811865479,-0.7071067811865471,-1.8369701987210297e-16,-1.0,305.6667421873325,303.458,360.113,alta_fd,0.007278576235698,17.0,5.1,0.14420815,305.8109503354543,-3.6254907,302.0412515218967
2021-10-11 16:00:00,-3.900590320520024,0.9413652218939876,-0.5000000000000004,-0.8660254037844385,-1.8369701987210297e-16,-1.0,194.66559032052,190.765,225.588,alta_fd,0.0204470962730061,17.1,4.1,-3.711766,190.95382431595763,-4.9876037,189.67798665612182
2021-10-11 17:00:00,-3.9627824737300017,0.9847839730348268,-0.25881904510252063,-0.9659258262890683,-1.8369701987210297e-16,-1.0,84.44178247373,80.479,96.266,alta_fd,0.0492399566809975,17.0,4.6,-6.3325887,78.10919380109206,-6.0865636,78.35521888654128
2021-10-11 18:00:00,-3.330937997169997,1.0,-1.8369701987210297e-16,-1.0,-1.8369701987210297e-16,-1.0,14.355937997169995,11.025,16.082,alta_fd,,15.0,4.6,-4.9868965,9.369041482277417,-4.0423985,10.313539544411206
2021-10-12 06:00:00,-3.684577731192499,1.0,6.123233995736766e-17,1.0,-1.8369701987210297e-16,-1.0,16.4185777311925,12.734,17.981,alta_fd,,9.0,3.1,-3.4288986,12.989679158270746,-3.0950518,13.323525965750605
2021-10-12 07:00:00,-10.46496469325001,0.7792882001789004,-0.25881904510252063,0.9659258262890683,-1.8369701987210297e-16,-1.0,158.98796469325,148.523,178.57,alta_fd,0.0704602296832814,10.6,1.0,-8.92615,150.06181437128956,-9.618974,149.36899096125538
2021-10-12 08:00:00,0.2826956312300126,0.4300271259200741,-0.4999999999999998,0.8660254037844387,-1.8369701987210297e-16,-1.0,373.05730436877,373.34,436.662,mixto,0.0007572069192425,13.0,1.5,-3.188082,369.86922238901843,-1.5802678,371.47703658179034
2021-10-12 09:00:00,4.245944568319942,0.2922922228241326,-0.7071067811865475,0.7071067811865476,-1.8369701987210297e-16,-1.0,568.09105543168,572.337,692.864,baja_fd,0.007418609260488,15.0,2.1,2.8727772,570.9638326552671,3.916074,572.0071294692319
2021-10-12 10:00:00,-16.32787499052995,0.2012857481826608,-0.8660254037844387,0.49999999999999994,-1.8369701987210297e-16,-1.0,710.89787499053,694.57,893.546,baja_fd,0.0235078897598945,15.8,1.0,-12.699372,698.1985026989651,-13.330734,697.5671407376003
2021-10-12 11:00:00,-10.547172132679975,0.1846585009827677,-0.9659258262890682,0.258819045102521,-1.8369701987210297e-16,-1.0,793.0831721326799,782.536,1024.764,baja_fd,0.0134781941440137,18.0,1.5,-8.374671,784.7085011503191,-8.01373,785.0694420835466
2021-10-12 12:00:00,-11.536693848929986,0.1594965941802021,-1.0,1.2246467991473532e-16,-1.8369701987210297e-16,-1.0,812.04769384893,800.511,1059.014,baja_fd,0.014411661862148,19.0,1.5,-9.417384,802.6303097012859,-9.780092,802.2676016095501
2021-10-12 13:00:00,3.0090513080300525,0.1519660787568284,-0.9659258262890683,-0.2588190451025208,-1.8369701987210297e-16,-1.0,780.27794869197,783.287,1017.078,baja_fd,0.003841569320096,20.2,2.1,6.19265,786.4705985332786,3.8010879,784.0790365482627
2021-10-12 14:00:00,16.807999633719987,0.1526201617138379,-0.8660254037844388,-0.4999999999999997,-1.8369701987210297e-16,-1.0,696.04400036628,712.852,895.204,baja_fd,0.0235785263052077,21.0,3.1,13.48807,709.5320699005817,16.119654,712.1636540680622
2021-10-12 15:00:00,18.254479722680003,0.1994112923809043,-0.7071067811865479,-0.7071067811865471,-1.8369701987210297e-16,-1.0,556.38952027732,574.644,696.452,baja_fd,0.0317665889188436,21.0,4.1,16.704166,573.0936866896735,19.836302,576.2258220809089
2021-10-12 16:00:00,7.687937292000015,0.2944852567122837,-0.5000000000000004,-0.8660254037844385,-1.8369701987210297e-16,-1.0,365.792062708,373.48,442.76,baja_fd,0.0205846023669273,21.0,3.6,5.334062,371.1261248074568,9.068435,374.860497423271
2021-10-12 17:00:00,-10.597052307492504,0.4855482388200262,-0.25881904510252063,-0.9659258262890683,-1.8369701987210297e-16,-1.0,154.4520523074925,143.855,179.311,mixto,0.0736648174028883,19.0,5.7,-7.177498,147.27455444372296,-3.9522862,150.49976606405377
2021-10-12 18:00:00,-3.4637081569999992,1.0,-1.8369701987210297e-16,-1.0,-1.8369701987210297e-16,-1.0,15.984708157,12.521,17.98,alta_fd,,16.0,4.6,-4.9868965,10.997811642107422,-4.0423985,11.942309704241211
2021-10-13 06:00:00,-3.9685134231699983,1.0,6.123233995736766e-17,1.0,-1.8369701987210297e-16,-1.0,18.35551342317,14.387,19.882,alta_fd,,6.0,0.5,-4.085579,14.269934504712968,-4.3377137,14.017799704755692
2021-10-13 07:00:00,-9.902505917000012,0.7658082401960181,-0.25881904510252063,0.9659258262890683,-1.8369701987210297e-16,-1.0,165.929505917,156.027,186.62,alta_fd,0.0634666174251893,10.7,2.1,-7.5996714,158.32983455316943,-8.181976,157.74752959864063
2021-10-13 08:00:00,-9.951104957932444,0.4170673134735391,-0.4999999999999998,0.8660254037844387,-1.8369701987210297e-16,-1.0,375.74810495793247,365.797,443.783,mixto,0.0272038998623073,15.0,0.0,-9.530435,366.217670349473,-10.884393,364.8637122195902
2021-10-13 09:00:00,-1.483130880792487,0.2954662868127506,-0.7071067811865475,0.7071067811865476,-1.8369701987210297e-16,-1.0,564.6731308807925,563.19,694.691,baja_fd,0.0026334467600498,17.0,1.5,-2.0966685,562.5764623989658,-1.2488009,563.4243300070361
